label,message
spam,Pre-approved loan of Rs 10000. Apply today.
spam,Reward points worth Rs 5000 expiring immediately. Redeem at http://bank-alert.in
spam,"Your account credited with Rs 25000. If not you, report within 10 minutes."
spam,Parcel on hold. Update address urgent at http://verify-kyc.in
spam,PAN not linked with Aadhaar. Update now.
spam,Pre-approved loan of Rs 2500000. Apply immediately.
spam,KYC incomplete for ICICI. Submit documents urgent.
spam,Income tax refund Rs 1000 approved. Claim within 10 minutes.
spam,SIM card will be blocked now. Update details at http://upi-check.in
spam,PAN not linked with Aadhaar. Update urgent.
spam,SIM card will be blocked urgent. Update details at http://reward-claim.in
ham,I will reach home in 20 minutes.
spam,SIM card will be blocked urgent. Update details at http://secure-update.in
spam,Congratulations! You won Rs 25000. Claim now.
spam,"Dear customer, your SBI account will be blocked immediately. Update KYC at http://secure-update.in"
spam,RBI alert: Suspicious activity detected. Verify immediately.
spam,Reward points worth Rs 500 expiring immediately. Redeem at http://reward-claim.in
ham,Where are you right now? https://maps.google.com
ham,Can you bring milk on the way back?
ham,Let's go for dinner tonight.
ham,I will reach home in 20 minutes.
spam,Income tax refund Rs 5000 approved. Claim within 10 minutes.
spam,"Your account credited with Rs 2500000. If not you, report today."
ham,Your order from Amazon is delivered.
spam,Electricity bill pending of Rs 500000. Pay immediately at http://secure-update.in
ham,Let's go for dinner tonight.
spam,Your UPI ID hitesh@upi is suspended. Verify now.
ham,Movie plan at 6 pm?
spam,Reward points worth Rs 1000 expiring immediately. Redeem at http://upi-check.in
ham,I'm outside your house. https://youtube.com
spam,PAN not linked with Aadhaar. Update today.
spam,"Your account credited with Rs 2500000. If not you, report urgent."
spam,Reward points worth Rs 500000 expiring today. Redeem at http://secure-update.in
spam,PAN not linked with Aadhaar. Update within 10 minutes.
ham,Electricity bill payment of Rs 500 received.
spam,"Dear customer, your HDFC account will be blocked today. Update KYC at http://reward-claim.in"
spam,RBI alert: Suspicious activity detected. Verify now.
spam,Your UPI ID hitesh@upi is suspended. Verify urgent.
spam,Pre-approved loan of Rs 1000. Apply within 10 minutes.
spam,KYC incomplete for ICICI. Submit documents urgent.
spam,Reward points worth Rs 500000 expiring immediately. Redeem at http://upi-check.in
spam,SIM card will be blocked immediately. Update details at http://secure-update.in
ham,I'm outside your house.
spam,"Dear customer, your SBI account will be blocked now. Update KYC at http://bank-alert.in"
ham,Train arriving at 7 pm.
spam,Your UPI ID user@okaxis is suspended. Verify today.
spam,PAN not linked with Aadhaar. Update urgent.
spam,Job offer confirmed. Pay registration fee Rs 5000 within 10 minutes.
spam,Your UPI ID hitesh@upi is suspended. Verify within 10 minutes.
spam,Reward points worth Rs 500 expiring today. Redeem at http://reward-claim.in
spam,KYC incomplete for Axis Bank. Submit documents urgent.
ham,Assignment deadline is Monday.
spam,Your UPI ID hitesh@upi is suspended. Verify today.
ham,See you in college tomorrow.
spam,RBI alert: Suspicious activity detected. Verify now.
ham,Please send the notes.
spam,"Your account credited with Rs 2500000. If not you, report urgent."
ham,Assignment deadline is Monday.
spam,RBI alert: Suspicious activity detected. Verify within 10 minutes.
spam,Job offer confirmed. Pay registration fee Rs 2500000 immediately.
spam,Pre-approved loan of Rs 10000. Apply within 10 minutes.
ham,Recharge successful for Rs 25000.
spam,Your UPI ID rahul@ybl is suspended. Verify immediately.
spam,Pre-approved loan of Rs 500000. Apply urgent.
spam,Electricity bill pending of Rs 25000. Pay now at http://upi-check.in
ham,Electricity bill payment of Rs 500 received.
spam,"Your account credited with Rs 500000. If not you, report now."
ham,See you in college tomorrow.
spam,Your UPI ID rahul@ybl is suspended. Verify within 10 minutes.
spam,"Your account credited with Rs 5000. If not you, report now."
spam,SIM card will be blocked now. Update details at http://secure-update.in
spam,Pre-approved loan of Rs 10000. Apply urgent.
spam,Reward points worth Rs 1000 expiring now. Redeem at http://reward-claim.in
spam,RBI alert: Suspicious activity detected. Verify now.
spam,PAN not linked with Aadhaar. Update within 10 minutes.
ham,Did you check the document I shared?
spam,Pre-approved loan of Rs 10000. Apply within 10 minutes.
spam,Job offer confirmed. Pay registration fee Rs 500 urgent.
ham,"Reached safely, call you later."
spam,Income tax refund Rs 5000 approved. Claim immediately.
ham,Office meeting link shared on WhatsApp.
spam,RBI alert: Suspicious activity detected. Verify immediately.
spam,Reward points worth Rs 5000 expiring immediately. Redeem at http://upi-check.in
spam,Electricity bill pending of Rs 1000. Pay now at http://bank-alert.in
spam,"Your account credited with Rs 1000. If not you, report immediately."
spam,"Dear customer, your Axis Bank account will be blocked within 10 minutes. Update KYC at http://secure-update.in"
spam,Your UPI ID rahul@ybl is suspended. Verify today.
spam,Electricity bill pending of Rs 500000. Pay now at http://upi-check.in
ham,Let's meet tomorrow evening.
ham,Office meeting link shared on WhatsApp.
ham,Meeting moved to 5 pm today. https://youtube.com
ham,"Send me 100 rs for the cab, I'll return later."
ham,Train arriving at 7 pm.
spam,Income tax refund Rs 1000 approved. Claim today.
spam,Electricity bill pending of Rs 1000. Pay urgent at http://bank-alert.in
spam,Pre-approved loan of Rs 1000. Apply now.
ham,Electricity bill payment of Rs 2500000 received.
ham,Electricity bill payment of Rs 2500000 received.
ham,Please send the notes.
ham,Let's meet tomorrow evening.
spam,"Your account credited with Rs 10000. If not you, report within 10 minutes."
spam,Electricity bill pending of Rs 5000. Pay now at http://bank-alert.in
spam,"Your account credited with Rs 25000. If not you, report immediately."
ham,Let's meet tomorrow evening.
spam,Parcel on hold. Update address immediately at http://bank-alert.in
spam,KYC incomplete for SBI. Submit documents immediately.
spam,Electricity bill pending of Rs 500000. Pay within 10 minutes at http://reward-claim.in
ham,Train arriving at 7 pm.
ham,Can you bring milk on the way back?
spam,SIM card will be blocked immediately. Update details at http://reward-claim.in
spam,RBI alert: Suspicious activity detected. Verify urgent.
spam,Your UPI ID hitesh@upi is suspended. Verify urgent.
spam,KYC incomplete for PNB. Submit documents immediately.
spam,"Dear customer, your HDFC account will be blocked within 10 minutes. Update KYC at http://bank-alert.in"
ham,Dinner at 8 pm?
spam,Your UPI ID user@okaxis is suspended. Verify today.
ham,Train arriving at 7 pm.
spam,PAN not linked with Aadhaar. Update within 10 minutes.
spam,RBI alert: Suspicious activity detected. Verify immediately.
spam,Your ATM card blocked. Share OTP within 10 minutes.
ham,Recharge successful for Rs 10000.
spam,Your UPI ID user@okaxis is suspended. Verify urgent.
ham,Dinner at 8 pm?
spam,Income tax refund Rs 1000 approved. Claim urgent.
spam,SIM card will be blocked now. Update details at http://verify-kyc.in
spam,Your UPI ID hitesh@upi is suspended. Verify within 10 minutes.
spam,KYC incomplete for Axis Bank. Submit documents urgent.
spam,Parcel on hold. Update address within 10 minutes at http://reward-claim.in
ham,Your order from Amazon is delivered.
spam,"Your account credited with Rs 10000. If not you, report today."
spam,Electricity bill pending of Rs 500000. Pay within 10 minutes at http://reward-claim.in
spam,KYC incomplete for SBI. Submit documents today.
spam,Reward points worth Rs 5000 expiring today. Redeem at http://reward-claim.in
spam,RBI alert: Suspicious activity detected. Verify urgent.
ham,Movie plan at 6 pm?
ham,Let's meet tomorrow evening. https://amazon.in
spam,KYC incomplete for SBI. Submit documents within 10 minutes.
spam,Congratulations! You won Rs 25000. Claim urgent.
spam,Income tax refund Rs 500 approved. Claim now.
ham,Movie plan at 6 pm?
spam,Your ATM card blocked. Share OTP today.
ham,Let's go for dinner tonight.
spam,SIM card will be blocked immediately. Update details at http://verify-kyc.in
spam,"Dear customer, your HDFC account will be blocked immediately. Update KYC at http://upi-check.in"
ham,Office meeting link shared on WhatsApp.
spam,Your UPI ID amit@paytm is suspended. Verify today.
spam,KYC incomplete for PNB. Submit documents within 10 minutes.
spam,Electricity bill pending of Rs 5000. Pay now at http://bank-alert.in
spam,Electricity bill pending of Rs 500. Pay today at http://secure-update.in
spam,Income tax refund Rs 500000 approved. Claim today.
spam,Electricity bill pending of Rs 10000. Pay immediately at http://verify-kyc.in
spam,Reward points worth Rs 25000 expiring urgent. Redeem at http://upi-check.in
spam,Your ATM card blocked. Share OTP urgent.
ham,Call me when you reach home. https://meet.google.com/abc-defg-hij
spam,"Your account credited with Rs 10000. If not you, report now."
spam,Your UPI ID hitesh@upi is suspended. Verify today.
spam,KYC incomplete for Axis Bank. Submit documents within 10 minutes.
spam,"Dear customer, your PNB account will be blocked immediately. Update KYC at http://upi-check.in"
spam,Your UPI ID amit@paytm is suspended. Verify today.
spam,Pre-approved loan of Rs 5000. Apply now.
spam,Job offer confirmed. Pay registration fee Rs 500000 within 10 minutes.
spam,KYC incomplete for ICICI. Submit documents immediately.
ham,Can you bring milk on the way back? https://youtube.com
spam,Pre-approved loan of Rs 5000. Apply within 10 minutes.
spam,Parcel on hold. Update address now at http://upi-check.in
spam,RBI alert: Suspicious activity detected. Verify urgent.
ham,Are you free today?
ham,Office meeting link shared on WhatsApp.
ham,Train arriving at 7 pm.
spam,"Dear customer, your Axis Bank account will be blocked now. Update KYC at http://bank-alert.in"
spam,Job offer confirmed. Pay registration fee Rs 10000 urgent.
ham,Movie plan at 6 pm?
ham,Train arriving at 7 pm.
spam,Electricity bill pending of Rs 25000. Pay today at http://upi-check.in
spam,Income tax refund Rs 25000 approved. Claim within 10 minutes.
spam,Pre-approved loan of Rs 1000. Apply today.
spam,Income tax refund Rs 500 approved. Claim now.
ham,Call me when you reach home.
spam,PAN not linked with Aadhaar. Update now.
spam,Electricity bill pending of Rs 2500000. Pay urgent at http://bank-alert.in
ham,Happy Birthday!
spam,KYC incomplete for ICICI. Submit documents today.
spam,"Dear customer, your ICICI account will be blocked today. Update KYC at http://bank-alert.in"
spam,KYC incomplete for Axis Bank. Submit documents within 10 minutes.
spam,PAN not linked with Aadhaar. Update today.
ham,Are you free today?
spam,PAN not linked with Aadhaar. Update immediately.
ham,I will reach home in 20 minutes.
spam,"Your account credited with Rs 2500000. If not you, report immediately."
spam,"Dear customer, your SBI account will be blocked today. Update KYC at http://secure-update.in"
ham,I will reach home in 20 minutes.
spam,Pre-approved loan of Rs 25000. Apply now.
spam,KYC incomplete for Axis Bank. Submit documents today.
spam,Income tax refund Rs 5000 approved. Claim now.
ham,Call me when you reach home. https://amazon.in
spam,SIM card will be blocked urgent. Update details at http://secure-update.in
spam,PAN not linked with Aadhaar. Update now.
spam,Job offer confirmed. Pay registration fee Rs 500000 within 10 minutes.
spam,Income tax refund Rs 5000 approved. Claim within 10 minutes.
spam,Your UPI ID amit@paytm is suspended. Verify urgent.
spam,Congratulations! You won Rs 5000. Claim immediately.
ham,Meeting postponed to tomorrow 10 am.
spam,Congratulations! You won Rs 25000. Claim within 10 minutes.
spam,"Dear customer, your HDFC account will be blocked immediately. Update KYC at http://bank-alert.in"
ham,I will reach home in 20 minutes.
spam,Your ATM card blocked. Share OTP today.
ham,Dinner at 8 pm?
spam,Congratulations! You won Rs 10000. Claim immediately.
ham,Your order from Amazon is delivered.
spam,"Dear customer, your HDFC account will be blocked today. Update KYC at http://verify-kyc.in"
spam,Pre-approved loan of Rs 5000. Apply now.
ham,Can you bring milk on the way back?
ham,Did you check the document I shared? https://maps.google.com
ham,Movie plan at 6 pm?
spam,PAN not linked with Aadhaar. Update now.
ham,Let's go for dinner tonight.
spam,Job offer confirmed. Pay registration fee Rs 500 urgent.
spam,KYC incomplete for PNB. Submit documents today.
ham,Call me when you reach home. https://youtube.com
spam,Pre-approved loan of Rs 500. Apply urgent.
ham,Recharge successful for Rs 1000.
spam,Your ATM card blocked. Share OTP urgent.
ham,Please send the notes.
spam,KYC incomplete for Bank of Baroda. Submit documents urgent.
ham,Movie plan at 6 pm?
spam,Reward points worth Rs 5000 expiring today. Redeem at http://upi-check.in
ham,Your bank transaction of Rs 500 is successful.
ham,See you in college tomorrow.
spam,"Your account credited with Rs 1000. If not you, report today."
spam,Pre-approved loan of Rs 5000. Apply immediately.
spam,Parcel on hold. Update address urgent at http://secure-update.in
spam,Electricity bill pending of Rs 25000. Pay within 10 minutes at http://upi-check.in
spam,Congratulations! You won Rs 500. Claim immediately.
spam,Pre-approved loan of Rs 25000. Apply within 10 minutes.
spam,"Dear customer, your Axis Bank account will be blocked now. Update KYC at http://upi-check.in"
spam,Electricity bill pending of Rs 2500000. Pay today at http://upi-check.in
spam,Congratulations! You won Rs 5000. Claim now.
spam,Income tax refund Rs 500 approved. Claim within 10 minutes.
spam,Your UPI ID hitesh@upi is suspended. Verify urgent.
ham,Train arriving at 7 pm.
ham,Meeting moved to 5 pm today.
spam,Your UPI ID user@okaxis is suspended. Verify today.
spam,SIM card will be blocked within 10 minutes. Update details at http://upi-check.in
spam,Parcel on hold. Update address immediately at http://bank-alert.in
spam,Job offer confirmed. Pay registration fee Rs 500000 urgent.
spam,Your UPI ID amit@paytm is suspended. Verify today.
spam,Reward points worth Rs 2500000 expiring immediately. Redeem at http://reward-claim.in
spam,Job offer confirmed. Pay registration fee Rs 10000 within 10 minutes.
spam,Electricity bill pending of Rs 500. Pay now at http://upi-check.in
spam,"Dear customer, your Bank of Baroda account will be blocked immediately. Update KYC at http://verify-kyc.in"
ham,Please send the notes.
spam,RBI alert: Suspicious activity detected. Verify today.
ham,Can you bring milk on the way back?
spam,"Dear customer, your Bank of Baroda account will be blocked today. Update KYC at http://reward-claim.in"
spam,Pre-approved loan of Rs 500000. Apply within 10 minutes.
ham,Can you bring milk on the way back?
spam,Pre-approved loan of Rs 10000. Apply today.
ham,See you in college tomorrow.
spam,Your UPI ID amit@paytm is suspended. Verify today.
spam,Job offer confirmed. Pay registration fee Rs 500000 immediately.
spam,Reward points worth Rs 500 expiring now. Redeem at http://bank-alert.in
ham,"Reached safely, call you later."
ham,"Send me 100 rs for the cab, I'll return later."
spam,"Your account credited with Rs 1000. If not you, report within 10 minutes."
spam,"Your account credited with Rs 2500000. If not you, report urgent."
spam,PAN not linked with Aadhaar. Update now.
ham,Assignment deadline is Monday.
spam,Electricity bill pending of Rs 10000. Pay urgent at http://secure-update.in
spam,RBI alert: Suspicious activity detected. Verify immediately.
spam,Reward points worth Rs 1000 expiring today. Redeem at http://bank-alert.in
spam,Income tax refund Rs 500000 approved. Claim urgent.
ham,I will reach home in 20 minutes.
ham,Are you free today? https://youtube.com
ham,Your bank transaction of Rs 5000 is successful.
spam,Your ATM card blocked. Share OTP within 10 minutes.
spam,Pre-approved loan of Rs 10000. Apply immediately.
ham,Electricity bill payment of Rs 5000 received.
spam,KYC incomplete for Bank of Baroda. Submit documents today.
ham,Electricity bill payment of Rs 10000 received.
spam,Parcel on hold. Update address now at http://secure-update.in
ham,I will reach home in 20 minutes.
spam,Parcel on hold. Update address immediately at http://verify-kyc.in
ham,I'm outside your house.
ham,Let's go for dinner tonight.
ham,See you in college tomorrow.
spam,Your UPI ID rahul@ybl is suspended. Verify today.
spam,RBI alert: Suspicious activity detected. Verify today.
spam,Job offer confirmed. Pay registration fee Rs 25000 immediately.
spam,Parcel on hold. Update address urgent at http://bank-alert.in
spam,Pre-approved loan of Rs 1000. Apply today.
spam,Your UPI ID amit@paytm is suspended. Verify urgent.
ham,"Reached safely, call you later."
ham,Are you free today? https://amazon.in
spam,Electricity bill pending of Rs 500. Pay urgent at http://bank-alert.in
ham,Your bank transaction of Rs 500000 is successful.
spam,RBI alert: Suspicious activity detected. Verify now.
ham,Let's meet tomorrow evening.
spam,Pre-approved loan of Rs 500. Apply within 10 minutes.
spam,"Your account credited with Rs 25000. If not you, report immediately."
ham,I'm outside your house.
ham,Where are you right now?
spam,KYC incomplete for PNB. Submit documents immediately.
spam,SIM card will be blocked within 10 minutes. Update details at http://bank-alert.in
spam,Income tax refund Rs 2500000 approved. Claim now.
spam,Job offer confirmed. Pay registration fee Rs 5000 urgent.
spam,Your ATM card blocked. Share OTP immediately.
ham,Your order from Amazon is delivered.
spam,Reward points worth Rs 1000 expiring within 10 minutes. Redeem at http://verify-kyc.in
spam,Job offer confirmed. Pay registration fee Rs 5000 within 10 minutes.
spam,"Dear customer, your Bank of Baroda account will be blocked today. Update KYC at http://secure-update.in"
ham,I'm outside your house. https://meet.google.com/abc-defg-hij
ham,Your order from Amazon is delivered.
ham,Happy Birthday!
spam,PAN not linked with Aadhaar. Update immediately.
spam,KYC incomplete for PNB. Submit documents urgent.
spam,Job offer confirmed. Pay registration fee Rs 2500000 within 10 minutes.
spam,Parcel on hold. Update address within 10 minutes at http://bank-alert.in
spam,Congratulations! You won Rs 1000. Claim now.
ham,Meeting postponed to tomorrow 10 am.
spam,Reward points worth Rs 10000 expiring within 10 minutes. Redeem at http://reward-claim.in
ham,Can you bring milk on the way back? https://meet.google.com/abc-defg-hij
spam,Income tax refund Rs 10000 approved. Claim now.
spam,Pre-approved loan of Rs 5000. Apply urgent.
ham,Office meeting link shared on WhatsApp.
spam,"Your account credited with Rs 500. If not you, report today."
spam,Reward points worth Rs 1000 expiring within 10 minutes. Redeem at http://reward-claim.in
spam,RBI alert: Suspicious activity detected. Verify immediately.
ham,See you in college tomorrow.
ham,Your order from Amazon is delivered.
spam,Pre-approved loan of Rs 500. Apply now.
spam,Reward points worth Rs 5000 expiring within 10 minutes. Redeem at http://bank-alert.in
spam,Electricity bill pending of Rs 1000. Pay now at http://secure-update.in
spam,Income tax refund Rs 10000 approved. Claim today.
spam,PAN not linked with Aadhaar. Update immediately.
ham,Recharge successful for Rs 2500000.
spam,Job offer confirmed. Pay registration fee Rs 2500000 within 10 minutes.
spam,Your ATM card blocked. Share OTP immediately.
ham,Movie plan at 6 pm?
spam,Congratulations! You won Rs 5000. Claim urgent.
spam,Job offer confirmed. Pay registration fee Rs 25000 immediately.
spam,Electricity bill pending of Rs 500. Pay within 10 minutes at http://reward-claim.in
ham,See you in college tomorrow.
spam,Parcel on hold. Update address today at http://bank-alert.in
ham,Please send the notes.
ham,Are you free today? https://meet.google.com/abc-defg-hij
spam,Parcel on hold. Update address within 10 minutes at http://bank-alert.in
spam,"Your account credited with Rs 1000. If not you, report urgent."
ham,Electricity bill payment of Rs 1000 received.
spam,Pre-approved loan of Rs 1000. Apply immediately.
spam,"Your account credited with Rs 10000. If not you, report within 10 minutes."
ham,"Reached safely, call you later."
spam,Job offer confirmed. Pay registration fee Rs 10000 today.
spam,"Dear customer, your HDFC account will be blocked now. Update KYC at http://bank-alert.in"
spam,PAN not linked with Aadhaar. Update now.
ham,Assignment deadline is Monday.
spam,Reward points worth Rs 2500000 expiring urgent. Redeem at http://upi-check.in
spam,Parcel on hold. Update address now at http://upi-check.in
spam,"Dear customer, your HDFC account will be blocked now. Update KYC at http://bank-alert.in"
ham,"Send me 100 rs for the cab, I'll return later. https://drive.google.com/file"
spam,Pre-approved loan of Rs 2500000. Apply immediately.
spam,Job offer confirmed. Pay registration fee Rs 10000 immediately.
spam,SIM card will be blocked within 10 minutes. Update details at http://secure-update.in
spam,"Dear customer, your SBI account will be blocked today. Update KYC at http://upi-check.in"
ham,I will reach home in 20 minutes.
spam,Your UPI ID rahul@ybl is suspended. Verify now.
ham,Meeting postponed to tomorrow 10 am.
ham,Dinner at 8 pm?
ham,Your order from Amazon is delivered.
spam,Your ATM card blocked. Share OTP now.
spam,Congratulations! You won Rs 500000. Claim urgent.
spam,"Your account credited with Rs 500000. If not you, report immediately."
ham,Your bank transaction of Rs 1000 is successful.
spam,Congratulations! You won Rs 5000. Claim now.
spam,SIM card will be blocked today. Update details at http://secure-update.in
spam,Job offer confirmed. Pay registration fee Rs 10000 today.
ham,See you in college tomorrow.
ham,Your bank transaction of Rs 2500000 is successful.
spam,SIM card will be blocked immediately. Update details at http://upi-check.in
spam,Income tax refund Rs 1000 approved. Claim urgent.
spam,RBI alert: Suspicious activity detected. Verify within 10 minutes.
spam,Job offer confirmed. Pay registration fee Rs 500000 today.
spam,RBI alert: Suspicious activity detected. Verify urgent.
spam,Pre-approved loan of Rs 500000. Apply immediately.
spam,Pre-approved loan of Rs 2500000. Apply within 10 minutes.
spam,RBI alert: Suspicious activity detected. Verify now.
spam,RBI alert: Suspicious activity detected. Verify within 10 minutes.
ham,See you in college tomorrow.
spam,Parcel on hold. Update address immediately at http://reward-claim.in
spam,PAN not linked with Aadhaar. Update within 10 minutes.
spam,RBI alert: Suspicious activity detected. Verify today.
spam,Pre-approved loan of Rs 25000. Apply within 10 minutes.
ham,See you in college tomorrow.
spam,Reward points worth Rs 2500000 expiring now. Redeem at http://bank-alert.in
spam,PAN not linked with Aadhaar. Update within 10 minutes.
spam,Electricity bill pending of Rs 5000. Pay now at http://secure-update.in
spam,Congratulations! You won Rs 1000. Claim within 10 minutes.
spam,Electricity bill pending of Rs 500000. Pay urgent at http://verify-kyc.in
spam,Income tax refund Rs 5000 approved. Claim now.
spam,Reward points worth Rs 500000 expiring urgent. Redeem at http://reward-claim.in
spam,Parcel on hold. Update address immediately at http://secure-update.in
spam,Pre-approved loan of Rs 2500000. Apply within 10 minutes.
ham,Let's go for dinner tonight.
ham,I will reach home in 20 minutes.
ham,See you in college tomorrow.
spam,PAN not linked with Aadhaar. Update today.
spam,SIM card will be blocked immediately. Update details at http://reward-claim.in
spam,Congratulations! You won Rs 2500000. Claim today.
ham,Train arriving at 7 pm.
spam,Congratulations! You won Rs 500. Claim urgent.
spam,"Your account credited with Rs 1000. If not you, report within 10 minutes."
ham,Please send the notes.
spam,Parcel on hold. Update address immediately at http://bank-alert.in
spam,Job offer confirmed. Pay registration fee Rs 2500000 now.
ham,Where are you right now? https://amazon.in
ham,Let's meet tomorrow evening. https://drive.google.com/file
ham,Happy Birthday!
spam,Income tax refund Rs 10000 approved. Claim within 10 minutes.
spam,Income tax refund Rs 500000 approved. Claim urgent.
ham,Movie plan at 6 pm?
ham,Recharge successful for Rs 10000.
spam,PAN not linked with Aadhaar. Update today.
spam,Pre-approved loan of Rs 500. Apply today.
spam,Job offer confirmed. Pay registration fee Rs 10000 within 10 minutes.
ham,Where are you right now? https://maps.google.com
ham,Where are you right now? https://maps.google.com
ham,Your bank transaction of Rs 1000 is successful.
ham,Your bank transaction of Rs 5000 is successful.
spam,"Your account credited with Rs 10000. If not you, report within 10 minutes."
ham,Are you free today?
ham,Can you bring milk on the way back? https://meet.google.com/abc-defg-hij
spam,SIM card will be blocked urgent. Update details at http://bank-alert.in
spam,SIM card will be blocked now. Update details at http://bank-alert.in
spam,Electricity bill pending of Rs 500000. Pay now at http://reward-claim.in
spam,Pre-approved loan of Rs 25000. Apply now.
ham,Call me when you reach home. https://youtube.com
spam,Job offer confirmed. Pay registration fee Rs 5000 today.
spam,Income tax refund Rs 5000 approved. Claim urgent.
spam,Income tax refund Rs 2500000 approved. Claim within 10 minutes.
spam,SIM card will be blocked now. Update details at http://upi-check.in
spam,PAN not linked with Aadhaar. Update now.
spam,Parcel on hold. Update address within 10 minutes at http://verify-kyc.in
spam,Electricity bill pending of Rs 5000. Pay urgent at http://upi-check.in
ham,Electricity bill payment of Rs 2500000 received.
spam,Parcel on hold. Update address within 10 minutes at http://upi-check.in
spam,"Dear customer, your SBI account will be blocked within 10 minutes. Update KYC at http://upi-check.in"
spam,SIM card will be blocked urgent. Update details at http://reward-claim.in
spam,SIM card will be blocked immediately. Update details at http://upi-check.in
spam,RBI alert: Suspicious activity detected. Verify now.
spam,Your UPI ID user@okaxis is suspended. Verify now.
spam,Job offer confirmed. Pay registration fee Rs 500 immediately.
spam,Your UPI ID rahul@ybl is suspended. Verify now.
ham,Meeting postponed to tomorrow 10 am.
spam,Parcel on hold. Update address immediately at http://reward-claim.in
ham,I'm outside your house.
spam,Pre-approved loan of Rs 1000. Apply urgent.
spam,KYC incomplete for PNB. Submit documents within 10 minutes.
spam,Pre-approved loan of Rs 1000. Apply immediately.
ham,See you in college tomorrow.
spam,"Dear customer, your ICICI account will be blocked urgent. Update KYC at http://bank-alert.in"
spam,"Your account credited with Rs 25000. If not you, report today."
spam,Parcel on hold. Update address urgent at http://bank-alert.in
ham,"Reached safely, call you later."
spam,Your UPI ID rahul@ybl is suspended. Verify now.
ham,Meeting moved to 5 pm today.
ham,Happy Birthday!
ham,Your bank transaction of Rs 500000 is successful.
ham,Let's meet tomorrow evening. https://youtube.com
spam,Electricity bill pending of Rs 500. Pay immediately at http://bank-alert.in
spam,"Dear customer, your SBI account will be blocked today. Update KYC at http://upi-check.in"
spam,PAN not linked with Aadhaar. Update within 10 minutes.
spam,PAN not linked with Aadhaar. Update now.
spam,Job offer confirmed. Pay registration fee Rs 500000 urgent.
spam,Parcel on hold. Update address immediately at http://bank-alert.in
ham,Let's meet tomorrow evening. https://meet.google.com/abc-defg-hij
spam,Reward points worth Rs 500000 expiring within 10 minutes. Redeem at http://secure-update.in
spam,Congratulations! You won Rs 500. Claim within 10 minutes.
spam,Job offer confirmed. Pay registration fee Rs 10000 now.
ham,Call me when you reach home. https://meet.google.com/abc-defg-hij
spam,RBI alert: Suspicious activity detected. Verify today.
spam,SIM card will be blocked urgent. Update details at http://reward-claim.in
spam,"Your account credited with Rs 1000. If not you, report today."
spam,Congratulations! You won Rs 5000. Claim within 10 minutes.
spam,Electricity bill pending of Rs 5000. Pay now at http://verify-kyc.in
spam,Parcel on hold. Update address urgent at http://secure-update.in
spam,KYC incomplete for PNB. Submit documents today.
spam,Parcel on hold. Update address immediately at http://bank-alert.in
spam,Job offer confirmed. Pay registration fee Rs 5000 within 10 minutes.
spam,"Dear customer, your Axis Bank account will be blocked today. Update KYC at http://secure-update.in"
spam,KYC incomplete for SBI. Submit documents urgent.
spam,Congratulations! You won Rs 1000. Claim today.
spam,KYC incomplete for Bank of Baroda. Submit documents urgent.
ham,Call me when you reach home.
ham,Let's meet tomorrow evening. https://amazon.in
ham,Your order from Amazon is delivered.
spam,Job offer confirmed. Pay registration fee Rs 25000 now.
spam,KYC incomplete for HDFC. Submit documents today.
ham,Office meeting link shared on WhatsApp.
spam,Your ATM card blocked. Share OTP urgent.
spam,Reward points worth Rs 10000 expiring immediately. Redeem at http://upi-check.in
spam,Congratulations! You won Rs 25000. Claim urgent.
spam,Your UPI ID rahul@ybl is suspended. Verify today.
spam,KYC incomplete for HDFC. Submit documents today.
ham,Where are you right now? https://drive.google.com/file
ham,I'm outside your house.
spam,KYC incomplete for Axis Bank. Submit documents today.
spam,Pre-approved loan of Rs 25000. Apply today.
spam,Your UPI ID rahul@ybl is suspended. Verify within 10 minutes.
ham,Your bank transaction of Rs 5000 is successful.
spam,SIM card will be blocked now. Update details at http://reward-claim.in
spam,KYC incomplete for Bank of Baroda. Submit documents immediately.
spam,Reward points worth Rs 1000 expiring urgent. Redeem at http://verify-kyc.in
spam,Pre-approved loan of Rs 5000. Apply now.
ham,Office meeting link shared on WhatsApp.
ham,Recharge successful for Rs 25000.
spam,Reward points worth Rs 500000 expiring urgent. Redeem at http://bank-alert.in
spam,SIM card will be blocked today. Update details at http://reward-claim.in
spam,Parcel on hold. Update address within 10 minutes at http://secure-update.in
spam,SIM card will be blocked urgent. Update details at http://verify-kyc.in
spam,Electricity bill pending of Rs 5000. Pay within 10 minutes at http://verify-kyc.in
spam,Congratulations! You won Rs 2500000. Claim urgent.
spam,Pre-approved loan of Rs 5000. Apply today.
spam,Reward points worth Rs 500000 expiring now. Redeem at http://reward-claim.in
spam,Congratulations! You won Rs 25000. Claim urgent.
spam,SIM card will be blocked within 10 minutes. Update details at http://bank-alert.in
spam,PAN not linked with Aadhaar. Update immediately.
spam,Income tax refund Rs 1000 approved. Claim today.
spam,Electricity bill pending of Rs 10000. Pay urgent at http://reward-claim.in
ham,Please send the notes.
spam,Pre-approved loan of Rs 2500000. Apply urgent.
spam,"Your account credited with Rs 500000. If not you, report urgent."
spam,Job offer confirmed. Pay registration fee Rs 1000 now.
ham,Meeting postponed to tomorrow 10 am.
spam,Reward points worth Rs 500 expiring now. Redeem at http://reward-claim.in
ham,See you in college tomorrow.
spam,"Dear customer, your SBI account will be blocked now. Update KYC at http://upi-check.in"
ham,Your order from Amazon is delivered.
ham,Where are you right now? https://drive.google.com/file
spam,Congratulations! You won Rs 25000. Claim immediately.
spam,Income tax refund Rs 1000 approved. Claim now.
ham,Movie plan at 6 pm?
ham,Your order from Amazon is delivered.
spam,Income tax refund Rs 1000 approved. Claim within 10 minutes.
ham,See you in college tomorrow.
spam,Income tax refund Rs 500000 approved. Claim now.
ham,Assignment deadline is Monday.
ham,Your order from Amazon is delivered.
spam,Reward points worth Rs 2500000 expiring urgent. Redeem at http://upi-check.in
ham,Your order from Amazon is delivered.
ham,Electricity bill payment of Rs 10000 received.
spam,Income tax refund Rs 500 approved. Claim within 10 minutes.
spam,Your ATM card blocked. Share OTP today.
ham,Your order from Amazon is delivered.
spam,RBI alert: Suspicious activity detected. Verify urgent.
spam,Congratulations! You won Rs 5000. Claim immediately.
ham,"Reached safely, call you later."
ham,Movie plan at 6 pm?
spam,PAN not linked with Aadhaar. Update urgent.
ham,Dinner at 8 pm?
ham,Let's meet tomorrow evening. https://meet.google.com/abc-defg-hij
spam,"Your account credited with Rs 500000. If not you, report within 10 minutes."
ham,I'm outside your house.
ham,"Send me 100 rs for the cab, I'll return later. https://amazon.in"
spam,"Dear customer, your SBI account will be blocked today. Update KYC at http://reward-claim.in"
ham,Train arriving at 7 pm.
ham,I will reach home in 20 minutes.
spam,Reward points worth Rs 10000 expiring urgent. Redeem at http://bank-alert.in
spam,Reward points worth Rs 1000 expiring urgent. Redeem at http://bank-alert.in
spam,KYC incomplete for PNB. Submit documents urgent.
spam,Reward points worth Rs 10000 expiring within 10 minutes. Redeem at http://verify-kyc.in
spam,"Dear customer, your SBI account will be blocked urgent. Update KYC at http://reward-claim.in"
spam,SIM card will be blocked now. Update details at http://secure-update.in
ham,I will reach home in 20 minutes.
ham,Can you bring milk on the way back? https://meet.google.com/abc-defg-hij
spam,Income tax refund Rs 25000 approved. Claim within 10 minutes.
ham,Office meeting link shared on WhatsApp.
ham,Your order from Amazon is delivered.
ham,Movie plan at 6 pm?
ham,See you in college tomorrow.
spam,KYC incomplete for ICICI. Submit documents urgent.
ham,Where are you right now?
spam,Income tax refund Rs 2500000 approved. Claim urgent.
spam,RBI alert: Suspicious activity detected. Verify urgent.
ham,Dinner at 8 pm? https://meet.google.com/abc-defg-hij
spam,Electricity bill pending of Rs 10000. Pay immediately at http://reward-claim.in
spam,SIM card will be blocked urgent. Update details at http://bank-alert.in
spam,SIM card will be blocked now. Update details at http://reward-claim.in
spam,"Your account credited with Rs 2500000. If not you, report immediately."
spam,KYC incomplete for ICICI. Submit documents now.
spam,Congratulations! You won Rs 2500000. Claim within 10 minutes.
spam,Pre-approved loan of Rs 1000. Apply urgent.
spam,Reward points worth Rs 1000 expiring today. Redeem at http://reward-claim.in
spam,Reward points worth Rs 25000 expiring today. Redeem at http://upi-check.in
spam,Income tax refund Rs 10000 approved. Claim within 10 minutes.
ham,"Reached safely, call you later."
spam,"Your account credited with Rs 25000. If not you, report within 10 minutes."
ham,Recharge successful for Rs 25000.
spam,Reward points worth Rs 2500000 expiring urgent. Redeem at http://reward-claim.in
spam,PAN not linked with Aadhaar. Update immediately.
spam,Your ATM card blocked. Share OTP within 10 minutes.
spam,"Dear customer, your ICICI account will be blocked urgent. Update KYC at http://secure-update.in"
spam,"Your account credited with Rs 5000. If not you, report now."
spam,Electricity bill pending of Rs 500. Pay immediately at http://secure-update.in
ham,Let's go for dinner tonight.
spam,"Dear customer, your PNB account will be blocked within 10 minutes. Update KYC at http://upi-check.in"
spam,Reward points worth Rs 5000 expiring now. Redeem at http://bank-alert.in
spam,Congratulations! You won Rs 2500000. Claim within 10 minutes.
spam,"Your account credited with Rs 10000. If not you, report now."
ham,Call me when you reach home. https://youtube.com
ham,Meeting moved to 5 pm today.
ham,Let's go for dinner tonight.
spam,RBI alert: Suspicious activity detected. Verify today.
spam,SIM card will be blocked within 10 minutes. Update details at http://secure-update.in
spam,Electricity bill pending of Rs 500. Pay today at http://verify-kyc.in
spam,KYC incomplete for SBI. Submit documents today.
spam,PAN not linked with Aadhaar. Update urgent.
spam,Your UPI ID user@okaxis is suspended. Verify within 10 minutes.
spam,RBI alert: Suspicious activity detected. Verify now.
spam,Reward points worth Rs 25000 expiring urgent. Redeem at http://secure-update.in
spam,Job offer confirmed. Pay registration fee Rs 2500000 now.
spam,Electricity bill pending of Rs 2500000. Pay within 10 minutes at http://upi-check.in
spam,Job offer confirmed. Pay registration fee Rs 1000 today.
spam,Your ATM card blocked. Share OTP now.
ham,Please send the notes.
spam,Electricity bill pending of Rs 500. Pay now at http://secure-update.in
spam,Electricity bill pending of Rs 5000. Pay within 10 minutes at http://bank-alert.in
ham,Electricity bill payment of Rs 500 received.
spam,SIM card will be blocked today. Update details at http://upi-check.in
spam,Parcel on hold. Update address immediately at http://secure-update.in
spam,"Dear customer, your HDFC account will be blocked urgent. Update KYC at http://verify-kyc.in"
spam,Your UPI ID amit@paytm is suspended. Verify urgent.
spam,KYC incomplete for Axis Bank. Submit documents within 10 minutes.
spam,"Dear customer, your PNB account will be blocked now. Update KYC at http://verify-kyc.in"
ham,Train arriving at 7 pm.
spam,SIM card will be blocked immediately. Update details at http://upi-check.in
ham,Can you bring milk on the way back?
ham,Did you check the document I shared?
spam,Your ATM card blocked. Share OTP today.
spam,Electricity bill pending of Rs 10000. Pay now at http://upi-check.in
spam,Reward points worth Rs 2500000 expiring urgent. Redeem at http://secure-update.in
spam,Congratulations! You won Rs 500. Claim immediately.
spam,PAN not linked with Aadhaar. Update now.
spam,"Dear customer, your Bank of Baroda account will be blocked today. Update KYC at http://secure-update.in"
ham,Office meeting link shared on WhatsApp.
spam,Congratulations! You won Rs 2500000. Claim now.
spam,"Your account credited with Rs 10000. If not you, report now."
ham,Your bank transaction of Rs 500 is successful.
ham,Assignment deadline is Monday.
spam,"Dear customer, your PNB account will be blocked urgent. Update KYC at http://secure-update.in"
spam,Parcel on hold. Update address within 10 minutes at http://reward-claim.in
spam,Job offer confirmed. Pay registration fee Rs 500000 immediately.
spam,Your ATM card blocked. Share OTP within 10 minutes.
ham,Happy Birthday!
spam,Pre-approved loan of Rs 5000. Apply immediately.
spam,KYC incomplete for HDFC. Submit documents immediately.
ham,Meeting moved to 5 pm today. https://youtube.com
ham,Assignment deadline is Monday.
spam,Congratulations! You won Rs 10000. Claim urgent.
ham,Recharge successful for Rs 500000.
ham,Office meeting link shared on WhatsApp.
spam,KYC incomplete for SBI. Submit documents immediately.
spam,Parcel on hold. Update address now at http://secure-update.in
spam,SIM card will be blocked within 10 minutes. Update details at http://upi-check.in
spam,PAN not linked with Aadhaar. Update urgent.
spam,Your ATM card blocked. Share OTP today.
spam,Pre-approved loan of Rs 500000. Apply now.
spam,SIM card will be blocked within 10 minutes. Update details at http://upi-check.in
ham,Train arriving at 7 pm.
spam,Parcel on hold. Update address today at http://bank-alert.in
spam,PAN not linked with Aadhaar. Update urgent.
spam,PAN not linked with Aadhaar. Update immediately.
ham,Let's go for dinner tonight.
ham,Let's go for dinner tonight.
ham,Did you check the document I shared? https://drive.google.com/file
spam,"Dear customer, your Axis Bank account will be blocked within 10 minutes. Update KYC at http://bank-alert.in"
ham,Meeting postponed to tomorrow 10 am.
ham,Happy Birthday!
spam,Job offer confirmed. Pay registration fee Rs 10000 now.
spam,Parcel on hold. Update address urgent at http://upi-check.in
spam,KYC incomplete for ICICI. Submit documents urgent.
spam,SIM card will be blocked now. Update details at http://bank-alert.in
spam,PAN not linked with Aadhaar. Update immediately.
spam,Pre-approved loan of Rs 1000. Apply now.
spam,Income tax refund Rs 10000 approved. Claim now.
spam,"Dear customer, your Axis Bank account will be blocked now. Update KYC at http://bank-alert.in"
spam,SIM card will be blocked today. Update details at http://upi-check.in
ham,Let's go for dinner tonight.
spam,Job offer confirmed. Pay registration fee Rs 25000 within 10 minutes.
spam,Congratulations! You won Rs 500. Claim today.
ham,Train arriving at 7 pm.
spam,Congratulations! You won Rs 2500000. Claim immediately.
ham,Your bank transaction of Rs 2500000 is successful.
spam,Income tax refund Rs 5000 approved. Claim now.
spam,Pre-approved loan of Rs 500000. Apply urgent.
ham,Train arriving at 7 pm.
ham,Please send the notes.
spam,Reward points worth Rs 25000 expiring now. Redeem at http://reward-claim.in
spam,Parcel on hold. Update address today at http://reward-claim.in
spam,Your UPI ID amit@paytm is suspended. Verify now.
ham,Electricity bill payment of Rs 500 received.
spam,Reward points worth Rs 10000 expiring within 10 minutes. Redeem at http://upi-check.in
spam,KYC incomplete for Bank of Baroda. Submit documents immediately.
ham,Train arriving at 7 pm.
ham,Meeting moved to 5 pm today. https://meet.google.com/abc-defg-hij
ham,Your bank transaction of Rs 2500000 is successful.
spam,RBI alert: Suspicious activity detected. Verify within 10 minutes.
ham,Happy Birthday!
spam,Income tax refund Rs 2500000 approved. Claim within 10 minutes.
spam,KYC incomplete for SBI. Submit documents now.
spam,Parcel on hold. Update address immediately at http://upi-check.in
ham,Happy Birthday!
ham,"Reached safely, call you later."
spam,Your UPI ID amit@paytm is suspended. Verify today.
ham,Office meeting link shared on WhatsApp.
spam,Parcel on hold. Update address immediately at http://verify-kyc.in
ham,Let's go for dinner tonight.
ham,Let's meet tomorrow evening.
spam,KYC incomplete for Bank of Baroda. Submit documents immediately.
spam,Electricity bill pending of Rs 5000. Pay now at http://verify-kyc.in
ham,Dinner at 8 pm?
ham,I'm outside your house. https://youtube.com
ham,Please send the notes.
spam,Income tax refund Rs 500000 approved. Claim urgent.
spam,Your ATM card blocked. Share OTP urgent.
spam,"Dear customer, your Axis Bank account will be blocked immediately. Update KYC at http://reward-claim.in"
ham,See you in college tomorrow.
spam,PAN not linked with Aadhaar. Update now.
ham,Train arriving at 7 pm.
spam,RBI alert: Suspicious activity detected. Verify urgent.
spam,KYC incomplete for Bank of Baroda. Submit documents within 10 minutes.
spam,Pre-approved loan of Rs 5000. Apply now.
ham,Please send the notes.
ham,Did you check the document I shared?
spam,KYC incomplete for Axis Bank. Submit documents now.
ham,"Reached safely, call you later."
spam,"Your account credited with Rs 2500000. If not you, report urgent."
spam,Parcel on hold. Update address immediately at http://reward-claim.in
spam,Electricity bill pending of Rs 5000. Pay within 10 minutes at http://verify-kyc.in
spam,KYC incomplete for Bank of Baroda. Submit documents now.
spam,Parcel on hold. Update address today at http://reward-claim.in
ham,Your order from Amazon is delivered.
spam,"Dear customer, your PNB account will be blocked immediately. Update KYC at http://secure-update.in"
spam,SIM card will be blocked immediately. Update details at http://bank-alert.in
spam,Parcel on hold. Update address now at http://verify-kyc.in
spam,Pre-approved loan of Rs 5000. Apply immediately.
spam,Job offer confirmed. Pay registration fee Rs 2500000 urgent.
spam,Job offer confirmed. Pay registration fee Rs 500 within 10 minutes.
spam,Electricity bill pending of Rs 25000. Pay immediately at http://bank-alert.in
spam,KYC incomplete for HDFC. Submit documents now.
spam,"Your account credited with Rs 500. If not you, report urgent."
ham,Meeting postponed to tomorrow 10 am.
ham,Did you check the document I shared? https://amazon.in
spam,Congratulations! You won Rs 2500000. Claim urgent.
spam,Job offer confirmed. Pay registration fee Rs 2500000 within 10 minutes.
ham,Let's meet tomorrow evening.
spam,Parcel on hold. Update address now at http://upi-check.in
spam,KYC incomplete for Axis Bank. Submit documents within 10 minutes.
spam,KYC incomplete for PNB. Submit documents within 10 minutes.
spam,Reward points worth Rs 25000 expiring within 10 minutes. Redeem at http://bank-alert.in
spam,"Your account credited with Rs 500000. If not you, report now."
ham,Your order from Amazon is delivered.
spam,KYC incomplete for SBI. Submit documents today.
spam,Congratulations! You won Rs 2500000. Claim today.
spam,Income tax refund Rs 500 approved. Claim within 10 minutes.
spam,SIM card will be blocked within 10 minutes. Update details at http://upi-check.in
spam,Income tax refund Rs 25000 approved. Claim immediately.
ham,Assignment deadline is Monday.
spam,SIM card will be blocked urgent. Update details at http://bank-alert.in
ham,Assignment deadline is Monday.
spam,Job offer confirmed. Pay registration fee Rs 1000 immediately.
spam,Job offer confirmed. Pay registration fee Rs 500000 immediately.
ham,"Reached safely, call you later."
spam,Your UPI ID user@okaxis is suspended. Verify today.
ham,Dinner at 8 pm? https://drive.google.com/file
spam,Congratulations! You won Rs 2500000. Claim today.
spam,PAN not linked with Aadhaar. Update today.
spam,Parcel on hold. Update address within 10 minutes at http://secure-update.in
spam,Your UPI ID user@okaxis is suspended. Verify immediately.
spam,Electricity bill pending of Rs 5000. Pay urgent at http://secure-update.in
ham,See you in college tomorrow.
ham,Can you bring milk on the way back? https://maps.google.com
spam,"Dear customer, your PNB account will be blocked today. Update KYC at http://bank-alert.in"
ham,Office meeting link shared on WhatsApp.
ham,"Reached safely, call you later."
spam,KYC incomplete for ICICI. Submit documents urgent.
ham,Your bank transaction of Rs 500000 is successful.
spam,RBI alert: Suspicious activity detected. Verify immediately.
ham,"Reached safely, call you later."
spam,Your UPI ID amit@paytm is suspended. Verify now.
spam,"Your account credited with Rs 10000. If not you, report now."
spam,Your UPI ID user@okaxis is suspended. Verify urgent.
ham,"Reached safely, call you later."
ham,Assignment deadline is Monday.
ham,Are you free today?
spam,Pre-approved loan of Rs 5000. Apply immediately.
spam,"Dear customer, your SBI account will be blocked today. Update KYC at http://upi-check.in"
spam,Parcel on hold. Update address within 10 minutes at http://verify-kyc.in
ham,Train arriving at 7 pm.
ham,Let's go for dinner tonight.
spam,"Dear customer, your PNB account will be blocked within 10 minutes. Update KYC at http://verify-kyc.in"
spam,Your ATM card blocked. Share OTP today.
spam,Electricity bill pending of Rs 1000. Pay immediately at http://verify-kyc.in
ham,Assignment deadline is Monday.
ham,Happy Birthday!
spam,RBI alert: Suspicious activity detected. Verify today.
spam,"Dear customer, your SBI account will be blocked within 10 minutes. Update KYC at http://reward-claim.in"
spam,Your UPI ID amit@paytm is suspended. Verify immediately.
spam,SIM card will be blocked today. Update details at http://secure-update.in
ham,I will reach home in 20 minutes.
spam,Congratulations! You won Rs 10000. Claim today.
spam,Income tax refund Rs 25000 approved. Claim immediately.
spam,"Dear customer, your HDFC account will be blocked now. Update KYC at http://verify-kyc.in"
spam,Parcel on hold. Update address today at http://verify-kyc.in
spam,Your ATM card blocked. Share OTP immediately.
ham,Please send the notes.
ham,Where are you right now?
spam,Electricity bill pending of Rs 5000. Pay now at http://bank-alert.in
spam,PAN not linked with Aadhaar. Update urgent.
spam,Your UPI ID amit@paytm is suspended. Verify immediately.
ham,Where are you right now?
spam,Reward points worth Rs 10000 expiring urgent. Redeem at http://verify-kyc.in
spam,PAN not linked with Aadhaar. Update immediately.
spam,RBI alert: Suspicious activity detected. Verify within 10 minutes.
ham,I will reach home in 20 minutes.
spam,Reward points worth Rs 25000 expiring now. Redeem at http://bank-alert.in
spam,RBI alert: Suspicious activity detected. Verify immediately.
ham,Happy Birthday!
spam,Congratulations! You won Rs 500. Claim urgent.
spam,Reward points worth Rs 25000 expiring now. Redeem at http://verify-kyc.in
spam,"Dear customer, your ICICI account will be blocked now. Update KYC at http://verify-kyc.in"
ham,Recharge successful for Rs 2500000.
ham,Train arriving at 7 pm.
spam,KYC incomplete for Axis Bank. Submit documents urgent.
spam,Electricity bill pending of Rs 500000. Pay immediately at http://bank-alert.in
spam,KYC incomplete for HDFC. Submit documents within 10 minutes.
spam,Income tax refund Rs 10000 approved. Claim urgent.
spam,SIM card will be blocked today. Update details at http://secure-update.in
spam,Parcel on hold. Update address urgent at http://bank-alert.in
spam,KYC incomplete for PNB. Submit documents within 10 minutes.
ham,Meeting moved to 5 pm today.
spam,Reward points worth Rs 2500000 expiring immediately. Redeem at http://upi-check.in
ham,Your bank transaction of Rs 25000 is successful.
ham,"Send me 100 rs for the cab, I'll return later. https://maps.google.com"
spam,Your UPI ID user@okaxis is suspended. Verify within 10 minutes.
spam,"Dear customer, your HDFC account will be blocked now. Update KYC at http://verify-kyc.in"
ham,Where are you right now? https://youtube.com
ham,I will reach home in 20 minutes.
spam,"Dear customer, your Bank of Baroda account will be blocked urgent. Update KYC at http://secure-update.in"
ham,Office meeting link shared on WhatsApp.
ham,Meeting postponed to tomorrow 10 am.
spam,"Your account credited with Rs 25000. If not you, report immediately."
spam,"Dear customer, your Axis Bank account will be blocked today. Update KYC at http://reward-claim.in"
ham,Are you free today?
spam,Your ATM card blocked. Share OTP immediately.
spam,Electricity bill pending of Rs 10000. Pay within 10 minutes at http://reward-claim.in
spam,PAN not linked with Aadhaar. Update within 10 minutes.
spam,PAN not linked with Aadhaar. Update immediately.
spam,Your UPI ID user@okaxis is suspended. Verify urgent.
spam,Job offer confirmed. Pay registration fee Rs 500 immediately.
spam,RBI alert: Suspicious activity detected. Verify immediately.
spam,SIM card will be blocked now. Update details at http://reward-claim.in
ham,Recharge successful for Rs 500.
spam,SIM card will be blocked now. Update details at http://upi-check.in
ham,See you in college tomorrow.
spam,Job offer confirmed. Pay registration fee Rs 500000 within 10 minutes.
spam,Pre-approved loan of Rs 10000. Apply urgent.
spam,SIM card will be blocked today. Update details at http://bank-alert.in
ham,"Reached safely, call you later."
spam,Income tax refund Rs 2500000 approved. Claim today.
spam,Job offer confirmed. Pay registration fee Rs 25000 now.
spam,Parcel on hold. Update address immediately at http://bank-alert.in
ham,Train arriving at 7 pm.
spam,Your ATM card blocked. Share OTP immediately.
spam,Congratulations! You won Rs 500000. Claim urgent.
spam,Pre-approved loan of Rs 2500000. Apply today.
ham,I'm outside your house. https://youtube.com
ham,Are you free today?
spam,Your ATM card blocked. Share OTP today.
ham,Meeting moved to 5 pm today.
ham,"Reached safely, call you later."
spam,Parcel on hold. Update address today at http://bank-alert.in
spam,Electricity bill pending of Rs 5000. Pay now at http://bank-alert.in
spam,Job offer confirmed. Pay registration fee Rs 25000 immediately.
spam,Congratulations! You won Rs 25000. Claim now.
spam,Parcel on hold. Update address urgent at http://reward-claim.in
spam,"Your account credited with Rs 2500000. If not you, report now."
ham,I will reach home in 20 minutes.
spam,Job offer confirmed. Pay registration fee Rs 5000 now.
spam,Electricity bill pending of Rs 5000. Pay now at http://upi-check.in
spam,Your UPI ID amit@paytm is suspended. Verify urgent.
spam,PAN not linked with Aadhaar. Update now.
ham,Meeting postponed to tomorrow 10 am.
spam,Your ATM card blocked. Share OTP today.
ham,See you in college tomorrow.
spam,Parcel on hold. Update address immediately at http://verify-kyc.in
spam,KYC incomplete for HDFC. Submit documents today.
ham,Movie plan at 6 pm?
spam,RBI alert: Suspicious activity detected. Verify now.
spam,Pre-approved loan of Rs 500. Apply now.
spam,Your ATM card blocked. Share OTP within 10 minutes.
spam,Parcel on hold. Update address today at http://bank-alert.in
spam,"Dear customer, your PNB account will be blocked urgent. Update KYC at http://reward-claim.in"
spam,Income tax refund Rs 2500000 approved. Claim today.
spam,RBI alert: Suspicious activity detected. Verify immediately.
spam,Pre-approved loan of Rs 1000. Apply immediately.
ham,Assignment deadline is Monday.
spam,Electricity bill pending of Rs 500000. Pay urgent at http://verify-kyc.in
spam,Your UPI ID user@okaxis is suspended. Verify urgent.
spam,Electricity bill pending of Rs 5000. Pay now at http://verify-kyc.in
spam,KYC incomplete for Bank of Baroda. Submit documents today.
spam,Congratulations! You won Rs 10000. Claim urgent.
ham,Meeting postponed to tomorrow 10 am.
spam,Your ATM card blocked. Share OTP urgent.
spam,Parcel on hold. Update address now at http://secure-update.in
ham,Dinner at 8 pm? https://meet.google.com/abc-defg-hij
spam,Your UPI ID rahul@ybl is suspended. Verify immediately.
spam,Income tax refund Rs 1000 approved. Claim within 10 minutes.
spam,RBI alert: Suspicious activity detected. Verify within 10 minutes.
spam,SIM card will be blocked within 10 minutes. Update details at http://verify-kyc.in
spam,Electricity bill pending of Rs 25000. Pay now at http://upi-check.in
ham,Meeting postponed to tomorrow 10 am.
spam,Income tax refund Rs 500000 approved. Claim today.
spam,KYC incomplete for Axis Bank. Submit documents urgent.
spam,RBI alert: Suspicious activity detected. Verify today.
ham,"Reached safely, call you later."
spam,KYC incomplete for PNB. Submit documents today.
spam,Parcel on hold. Update address immediately at http://verify-kyc.in
spam,Job offer confirmed. Pay registration fee Rs 5000 within 10 minutes.
spam,Your UPI ID user@okaxis is suspended. Verify urgent.
spam,Parcel on hold. Update address within 10 minutes at http://secure-update.in
spam,SIM card will be blocked now. Update details at http://verify-kyc.in
ham,Recharge successful for Rs 500.
spam,Your UPI ID rahul@ybl is suspended. Verify today.
ham,Your order from Amazon is delivered.
spam,Your ATM card blocked. Share OTP now.
ham,Assignment deadline is Monday.
ham,I will reach home in 20 minutes.
ham,Meeting postponed to tomorrow 10 am.
spam,Your ATM card blocked. Share OTP urgent.
spam,Your UPI ID rahul@ybl is suspended. Verify now.
spam,"Dear customer, your HDFC account will be blocked immediately. Update KYC at http://secure-update.in"
spam,KYC incomplete for Axis Bank. Submit documents immediately.
spam,KYC incomplete for Bank of Baroda. Submit documents now.
spam,"Dear customer, your SBI account will be blocked now. Update KYC at http://upi-check.in"
spam,RBI alert: Suspicious activity detected. Verify today.
spam,Income tax refund Rs 5000 approved. Claim urgent.
spam,Your ATM card blocked. Share OTP today.
spam,"Dear customer, your PNB account will be blocked immediately. Update KYC at http://bank-alert.in"
spam,Your UPI ID rahul@ybl is suspended. Verify urgent.
ham,Let's meet tomorrow evening.
spam,Your UPI ID rahul@ybl is suspended. Verify urgent.
ham,Call me when you reach home. https://drive.google.com/file
spam,"Dear customer, your HDFC account will be blocked now. Update KYC at http://upi-check.in"
spam,Parcel on hold. Update address within 10 minutes at http://verify-kyc.in
spam,Your UPI ID amit@paytm is suspended. Verify immediately.
spam,Pre-approved loan of Rs 500. Apply within 10 minutes.
spam,KYC incomplete for Bank of Baroda. Submit documents now.
spam,SIM card will be blocked within 10 minutes. Update details at http://reward-claim.in
spam,"Dear customer, your PNB account will be blocked now. Update KYC at http://secure-update.in"
spam,RBI alert: Suspicious activity detected. Verify within 10 minutes.
spam,Job offer confirmed. Pay registration fee Rs 25000 now.
spam,RBI alert: Suspicious activity detected. Verify immediately.
spam,Income tax refund Rs 5000 approved. Claim now.
spam,"Dear customer, your PNB account will be blocked immediately. Update KYC at http://reward-claim.in"
spam,Electricity bill pending of Rs 2500000. Pay urgent at http://reward-claim.in
ham,Assignment deadline is Monday.
spam,Reward points worth Rs 500 expiring today. Redeem at http://secure-update.in
spam,Pre-approved loan of Rs 5000. Apply urgent.
ham,Please send the notes.
ham,Train arriving at 7 pm.
ham,Assignment deadline is Monday.
ham,"Reached safely, call you later."
ham,Happy Birthday!
spam,SIM card will be blocked urgent. Update details at http://reward-claim.in
spam,Income tax refund Rs 10000 approved. Claim urgent.
ham,Are you free today?
spam,SIM card will be blocked urgent. Update details at http://verify-kyc.in
spam,Parcel on hold. Update address within 10 minutes at http://verify-kyc.in
spam,KYC incomplete for PNB. Submit documents urgent.
spam,Income tax refund Rs 1000 approved. Claim within 10 minutes.
spam,Your ATM card blocked. Share OTP today.
ham,Meeting postponed to tomorrow 10 am.
spam,Income tax refund Rs 5000 approved. Claim within 10 minutes.
ham,Recharge successful for Rs 500.
ham,"Reached safely, call you later."
ham,Movie plan at 6 pm?
spam,Job offer confirmed. Pay registration fee Rs 5000 urgent.
ham,Meeting postponed to tomorrow 10 am.
spam,"Dear customer, your SBI account will be blocked immediately. Update KYC at http://upi-check.in"
spam,Pre-approved loan of Rs 1000. Apply urgent.
ham,Let's go for dinner tonight.
ham,Your order from Amazon is delivered.
ham,I will reach home in 20 minutes.
ham,Office meeting link shared on WhatsApp.
spam,"Dear customer, your PNB account will be blocked today. Update KYC at http://reward-claim.in"
spam,Parcel on hold. Update address immediately at http://secure-update.in
spam,Pre-approved loan of Rs 5000. Apply urgent.
spam,Job offer confirmed. Pay registration fee Rs 500000 within 10 minutes.
spam,Job offer confirmed. Pay registration fee Rs 5000 immediately.
spam,Parcel on hold. Update address today at http://reward-claim.in
ham,Meeting postponed to tomorrow 10 am.
spam,Parcel on hold. Update address within 10 minutes at http://reward-claim.in
spam,Job offer confirmed. Pay registration fee Rs 5000 urgent.
spam,PAN not linked with Aadhaar. Update within 10 minutes.
spam,Your ATM card blocked. Share OTP within 10 minutes.
ham,Happy Birthday!
ham,I will reach home in 20 minutes.
ham,Can you bring milk on the way back?
ham,Meeting moved to 5 pm today. https://youtube.com
spam,Your ATM card blocked. Share OTP today.
spam,SIM card will be blocked immediately. Update details at http://verify-kyc.in
spam,Parcel on hold. Update address now at http://upi-check.in
spam,"Your account credited with Rs 5000. If not you, report immediately."
spam,Income tax refund Rs 500000 approved. Claim within 10 minutes.
spam,PAN not linked with Aadhaar. Update today.
spam,RBI alert: Suspicious activity detected. Verify today.
ham,Electricity bill payment of Rs 25000 received.
spam,Pre-approved loan of Rs 10000. Apply today.
spam,"Dear customer, your Axis Bank account will be blocked immediately. Update KYC at http://reward-claim.in"
spam,PAN not linked with Aadhaar. Update now.
spam,Parcel on hold. Update address immediately at http://upi-check.in
spam,"Your account credited with Rs 10000. If not you, report within 10 minutes."
ham,Train arriving at 7 pm.
spam,PAN not linked with Aadhaar. Update today.
spam,"Your account credited with Rs 2500000. If not you, report now."
ham,Did you check the document I shared?
ham,Where are you right now?
spam,RBI alert: Suspicious activity detected. Verify urgent.
spam,"Dear customer, your SBI account will be blocked within 10 minutes. Update KYC at http://secure-update.in"
spam,PAN not linked with Aadhaar. Update urgent.
spam,Your UPI ID amit@paytm is suspended. Verify urgent.
spam,"Dear customer, your Axis Bank account will be blocked immediately. Update KYC at http://secure-update.in"
spam,Job offer confirmed. Pay registration fee Rs 500000 now.
spam,Income tax refund Rs 500 approved. Claim urgent.
spam,Pre-approved loan of Rs 500000. Apply urgent.
ham,Meeting postponed to tomorrow 10 am.
spam,KYC incomplete for ICICI. Submit documents within 10 minutes.
spam,Job offer confirmed. Pay registration fee Rs 500 immediately.
spam,KYC incomplete for Axis Bank. Submit documents immediately.
spam,SIM card will be blocked today. Update details at http://reward-claim.in
ham,Movie plan at 6 pm?
spam,Electricity bill pending of Rs 25000. Pay now at http://upi-check.in
spam,SIM card will be blocked urgent. Update details at http://verify-kyc.in
ham,Dinner at 8 pm?
ham,Movie plan at 6 pm?
spam,Reward points worth Rs 500000 expiring now. Redeem at http://upi-check.in
spam,Income tax refund Rs 10000 approved. Claim immediately.
spam,SIM card will be blocked immediately. Update details at http://bank-alert.in
ham,Electricity bill payment of Rs 500000 received.
spam,PAN not linked with Aadhaar. Update within 10 minutes.
spam,Your UPI ID rahul@ybl is suspended. Verify now.
spam,KYC incomplete for SBI. Submit documents urgent.
spam,Electricity bill pending of Rs 25000. Pay urgent at http://reward-claim.in
spam,Parcel on hold. Update address now at http://secure-update.in
spam,Pre-approved loan of Rs 10000. Apply urgent.
spam,Parcel on hold. Update address urgent at http://bank-alert.in
spam,Pre-approved loan of Rs 5000. Apply now.
spam,Parcel on hold. Update address now at http://verify-kyc.in
spam,PAN not linked with Aadhaar. Update within 10 minutes.
ham,"Send me 100 rs for the cab, I'll return later."
ham,Where are you right now? https://meet.google.com/abc-defg-hij
spam,Pre-approved loan of Rs 10000. Apply within 10 minutes.
spam,Your ATM card blocked. Share OTP today.
spam,Reward points worth Rs 500 expiring within 10 minutes. Redeem at http://secure-update.in
ham,Let's meet tomorrow evening.
spam,Your UPI ID user@okaxis is suspended. Verify urgent.
spam,"Your account credited with Rs 10000. If not you, report immediately."
spam,PAN not linked with Aadhaar. Update immediately.
ham,Your order from Amazon is delivered.
spam,"Dear customer, your SBI account will be blocked now. Update KYC at http://secure-update.in"
spam,KYC incomplete for Axis Bank. Submit documents today.
spam,"Your account credited with Rs 500000. If not you, report now."
spam,Your ATM card blocked. Share OTP urgent.
ham,Your bank transaction of Rs 10000 is successful.
spam,SIM card will be blocked now. Update details at http://verify-kyc.in
spam,SIM card will be blocked today. Update details at http://verify-kyc.in
spam,KYC incomplete for Axis Bank. Submit documents now.
ham,Train arriving at 7 pm.
spam,Reward points worth Rs 1000 expiring now. Redeem at http://upi-check.in
spam,Your UPI ID user@okaxis is suspended. Verify now.
spam,Electricity bill pending of Rs 500. Pay urgent at http://verify-kyc.in
spam,PAN not linked with Aadhaar. Update today.
spam,RBI alert: Suspicious activity detected. Verify immediately.
spam,SIM card will be blocked now. Update details at http://reward-claim.in
ham,Recharge successful for Rs 5000.
ham,I will reach home in 20 minutes.
spam,Income tax refund Rs 5000 approved. Claim now.
spam,Electricity bill pending of Rs 1000. Pay immediately at http://secure-update.in
spam,PAN not linked with Aadhaar. Update today.
spam,Job offer confirmed. Pay registration fee Rs 2500000 today.
spam,"Dear customer, your HDFC account will be blocked now. Update KYC at http://reward-claim.in"
spam,"Dear customer, your SBI account will be blocked now. Update KYC at http://bank-alert.in"
spam,"Dear customer, your SBI account will be blocked urgent. Update KYC at http://bank-alert.in"
spam,Pre-approved loan of Rs 25000. Apply within 10 minutes.
ham,Recharge successful for Rs 25000.
ham,Movie plan at 6 pm?
spam,SIM card will be blocked immediately. Update details at http://upi-check.in
ham,See you in college tomorrow.
spam,"Dear customer, your SBI account will be blocked now. Update KYC at http://reward-claim.in"
spam,Job offer confirmed. Pay registration fee Rs 500000 today.
spam,SIM card will be blocked today. Update details at http://secure-update.in
spam,Your UPI ID hitesh@upi is suspended. Verify now.
spam,KYC incomplete for SBI. Submit documents urgent.
ham,Electricity bill payment of Rs 25000 received.
ham,Call me when you reach home.
spam,"Your account credited with Rs 500000. If not you, report immediately."
spam,Your ATM card blocked. Share OTP now.
spam,"Dear customer, your Bank of Baroda account will be blocked immediately. Update KYC at http://bank-alert.in"
spam,Your ATM card blocked. Share OTP now.
ham,Meeting postponed to tomorrow 10 am.
spam,Parcel on hold. Update address urgent at http://reward-claim.in
spam,PAN not linked with Aadhaar. Update immediately.
spam,Electricity bill pending of Rs 2500000. Pay today at http://secure-update.in
ham,Movie plan at 6 pm?
spam,KYC incomplete for ICICI. Submit documents urgent.
spam,PAN not linked with Aadhaar. Update urgent.
spam,Pre-approved loan of Rs 25000. Apply within 10 minutes.
ham,Let's go for dinner tonight.
spam,Your ATM card blocked. Share OTP now.
ham,Let's go for dinner tonight.
spam,Pre-approved loan of Rs 25000. Apply today.
spam,"Dear customer, your HDFC account will be blocked immediately. Update KYC at http://secure-update.in"
spam,Your UPI ID amit@paytm is suspended. Verify today.
spam,Reward points worth Rs 25000 expiring today. Redeem at http://upi-check.in
spam,Reward points worth Rs 500000 expiring immediately. Redeem at http://bank-alert.in
spam,KYC incomplete for ICICI. Submit documents now.
spam,RBI alert: Suspicious activity detected. Verify within 10 minutes.
spam,Your ATM card blocked. Share OTP within 10 minutes.
spam,KYC incomplete for Axis Bank. Submit documents now.
spam,"Dear customer, your Bank of Baroda account will be blocked immediately. Update KYC at http://reward-claim.in"
ham,Train arriving at 7 pm.
spam,Your ATM card blocked. Share OTP today.
spam,PAN not linked with Aadhaar. Update within 10 minutes.
spam,PAN not linked with Aadhaar. Update now.
ham,See you in college tomorrow.
spam,KYC incomplete for HDFC. Submit documents now.
spam,"Dear customer, your ICICI account will be blocked now. Update KYC at http://upi-check.in"
spam,Job offer confirmed. Pay registration fee Rs 500000 immediately.
spam,RBI alert: Suspicious activity detected. Verify immediately.
ham,Are you free today?
spam,Pre-approved loan of Rs 500. Apply urgent.
ham,Dinner at 8 pm? https://youtube.com
spam,PAN not linked with Aadhaar. Update now.
ham,Your bank transaction of Rs 500000 is successful.
spam,Pre-approved loan of Rs 1000. Apply now.
spam,Your ATM card blocked. Share OTP within 10 minutes.
spam,Reward points worth Rs 10000 expiring urgent. Redeem at http://verify-kyc.in
spam,PAN not linked with Aadhaar. Update urgent.
ham,Your order from Amazon is delivered.
ham,Let's go for dinner tonight.
ham,See you in college tomorrow.
spam,Your ATM card blocked. Share OTP now.
ham,Electricity bill payment of Rs 10000 received.
spam,Reward points worth Rs 25000 expiring urgent. Redeem at http://bank-alert.in
spam,Pre-approved loan of Rs 5000. Apply immediately.
ham,Dinner at 8 pm? https://maps.google.com
spam,Your UPI ID amit@paytm is suspended. Verify immediately.
spam,KYC incomplete for PNB. Submit documents within 10 minutes.
ham,Happy Birthday!
ham,Your bank transaction of Rs 10000 is successful.
spam,Electricity bill pending of Rs 25000. Pay now at http://verify-kyc.in
spam,KYC incomplete for HDFC. Submit documents now.
spam,Parcel on hold. Update address within 10 minutes at http://upi-check.in
ham,Electricity bill payment of Rs 500 received.
spam,Pre-approved loan of Rs 500. Apply today.
spam,KYC incomplete for PNB. Submit documents urgent.
ham,Are you free today?
spam,Electricity bill pending of Rs 1000. Pay within 10 minutes at http://bank-alert.in
spam,KYC incomplete for ICICI. Submit documents immediately.
ham,Movie plan at 6 pm?
spam,Pre-approved loan of Rs 10000. Apply within 10 minutes.
spam,Job offer confirmed. Pay registration fee Rs 10000 today.
spam,Reward points worth Rs 500 expiring today. Redeem at http://verify-kyc.in
ham,Let's meet tomorrow evening. https://amazon.in
spam,Your UPI ID hitesh@upi is suspended. Verify immediately.
spam,PAN not linked with Aadhaar. Update urgent.
spam,Reward points worth Rs 2500000 expiring now. Redeem at http://upi-check.in
spam,Congratulations! You won Rs 500000. Claim urgent.
ham,Can you bring milk on the way back?
ham,Assignment deadline is Monday.
spam,Income tax refund Rs 2500000 approved. Claim within 10 minutes.
spam,Your UPI ID rahul@ybl is suspended. Verify within 10 minutes.
spam,Congratulations! You won Rs 500. Claim within 10 minutes.
ham,Let's meet tomorrow evening. https://youtube.com
spam,KYC incomplete for PNB. Submit documents urgent.
spam,Pre-approved loan of Rs 10000. Apply urgent.
spam,KYC incomplete for Axis Bank. Submit documents now.
spam,Income tax refund Rs 5000 approved. Claim urgent.
spam,PAN not linked with Aadhaar. Update urgent.
spam,Pre-approved loan of Rs 500000. Apply immediately.
ham,Call me when you reach home.
spam,Parcel on hold. Update address urgent at http://secure-update.in
spam,Your UPI ID user@okaxis is suspended. Verify now.
ham,Recharge successful for Rs 500000.
spam,Income tax refund Rs 500 approved. Claim urgent.
ham,See you in college tomorrow.
spam,RBI alert: Suspicious activity detected. Verify within 10 minutes.
spam,Parcel on hold. Update address urgent at http://bank-alert.in
spam,Your ATM card blocked. Share OTP today.
ham,Office meeting link shared on WhatsApp.
ham,"Send me 100 rs for the cab, I'll return later. https://drive.google.com/file"
spam,Parcel on hold. Update address within 10 minutes at http://upi-check.in
spam,SIM card will be blocked now. Update details at http://upi-check.in
spam,Parcel on hold. Update address within 10 minutes at http://upi-check.in
spam,Electricity bill pending of Rs 500. Pay today at http://reward-claim.in
spam,Your UPI ID rahul@ybl is suspended. Verify urgent.
ham,Your order from Amazon is delivered.
ham,I will reach home in 20 minutes.
spam,RBI alert: Suspicious activity detected. Verify today.
spam,Congratulations! You won Rs 5000. Claim urgent.
spam,PAN not linked with Aadhaar. Update today.
ham,Assignment deadline is Monday.
spam,PAN not linked with Aadhaar. Update today.
spam,Electricity bill pending of Rs 10000. Pay now at http://reward-claim.in
spam,SIM card will be blocked today. Update details at http://bank-alert.in
spam,SIM card will be blocked urgent. Update details at http://bank-alert.in
spam,"Dear customer, your PNB account will be blocked immediately. Update KYC at http://verify-kyc.in"
spam,Job offer confirmed. Pay registration fee Rs 1000 now.
ham,Happy Birthday!
spam,Income tax refund Rs 10000 approved. Claim now.
spam,Parcel on hold. Update address now at http://upi-check.in
ham,Meeting postponed to tomorrow 10 am.
ham,Let's go for dinner tonight.
spam,Reward points worth Rs 5000 expiring now. Redeem at http://upi-check.in
spam,KYC incomplete for SBI. Submit documents immediately.
spam,RBI alert: Suspicious activity detected. Verify today.
spam,Electricity bill pending of Rs 500000. Pay within 10 minutes at http://upi-check.in
ham,Train arriving at 7 pm.
ham,Electricity bill payment of Rs 2500000 received.
spam,Your ATM card blocked. Share OTP within 10 minutes.
spam,Income tax refund Rs 1000 approved. Claim today.
spam,Your UPI ID amit@paytm is suspended. Verify now.
ham,Meeting postponed to tomorrow 10 am.
ham,Happy Birthday!
spam,Reward points worth Rs 2500000 expiring within 10 minutes. Redeem at http://bank-alert.in
ham,Assignment deadline is Monday.
spam,Congratulations! You won Rs 10000. Claim urgent.
spam,KYC incomplete for SBI. Submit documents today.
ham,Meeting postponed to tomorrow 10 am.
spam,PAN not linked with Aadhaar. Update today.
spam,Parcel on hold. Update address immediately at http://upi-check.in
spam,KYC incomplete for PNB. Submit documents today.
spam,Reward points worth Rs 1000 expiring immediately. Redeem at http://reward-claim.in
ham,Let's meet tomorrow evening. https://drive.google.com/file
ham,Your bank transaction of Rs 25000 is successful.
ham,Electricity bill payment of Rs 500 received.
spam,Your UPI ID hitesh@upi is suspended. Verify today.
spam,Parcel on hold. Update address today at http://verify-kyc.in
spam,Pre-approved loan of Rs 500. Apply urgent.
ham,Dinner at 8 pm?
spam,Job offer confirmed. Pay registration fee Rs 10000 now.
spam,"Dear customer, your SBI account will be blocked within 10 minutes. Update KYC at http://reward-claim.in"
spam,SIM card will be blocked now. Update details at http://bank-alert.in
spam,RBI alert: Suspicious activity detected. Verify urgent.
spam,Your ATM card blocked. Share OTP now.
ham,"Reached safely, call you later."
spam,Parcel on hold. Update address immediately at http://verify-kyc.in
spam,Parcel on hold. Update address within 10 minutes at http://secure-update.in
ham,I'm outside your house.
spam,"Dear customer, your HDFC account will be blocked within 10 minutes. Update KYC at http://secure-update.in"
spam,"Dear customer, your PNB account will be blocked today. Update KYC at http://upi-check.in"
spam,Job offer confirmed. Pay registration fee Rs 500 immediately.
spam,RBI alert: Suspicious activity detected. Verify urgent.
spam,Congratulations! You won Rs 10000. Claim urgent.
spam,Your UPI ID rahul@ybl is suspended. Verify now.
spam,Income tax refund Rs 2500000 approved. Claim urgent.
spam,Your ATM card blocked. Share OTP urgent.
spam,Reward points worth Rs 500000 expiring immediately. Redeem at http://bank-alert.in
ham,Please send the notes.
ham,Electricity bill payment of Rs 5000 received.
ham,Dinner at 8 pm? https://youtube.com
spam,Income tax refund Rs 500000 approved. Claim immediately.
spam,RBI alert: Suspicious activity detected. Verify immediately.
spam,RBI alert: Suspicious activity detected. Verify immediately.
ham,Meeting postponed to tomorrow 10 am.
ham,"Send me 100 rs for the cab, I'll return later. https://maps.google.com"
spam,Income tax refund Rs 25000 approved. Claim now.
spam,Your UPI ID amit@paytm is suspended. Verify urgent.
spam,Reward points worth Rs 500000 expiring immediately. Redeem at http://reward-claim.in
spam,Parcel on hold. Update address immediately at http://bank-alert.in
spam,Parcel on hold. Update address today at http://bank-alert.in
spam,Parcel on hold. Update address immediately at http://upi-check.in
spam,Pre-approved loan of Rs 5000. Apply now.
spam,PAN not linked with Aadhaar. Update within 10 minutes.
spam,Your ATM card blocked. Share OTP within 10 minutes.
spam,Reward points worth Rs 500000 expiring urgent. Redeem at http://upi-check.in
spam,Income tax refund Rs 10000 approved. Claim urgent.
spam,"Dear customer, your HDFC account will be blocked urgent. Update KYC at http://upi-check.in"
ham,Happy Birthday!
spam,KYC incomplete for SBI. Submit documents today.
spam,Income tax refund Rs 5000 approved. Claim today.
spam,PAN not linked with Aadhaar. Update urgent.
ham,Dinner at 8 pm?
spam,SIM card will be blocked within 10 minutes. Update details at http://bank-alert.in
spam,"Your account credited with Rs 500. If not you, report immediately."
spam,Pre-approved loan of Rs 5000. Apply now.
spam,Your ATM card blocked. Share OTP now.
ham,Your bank transaction of Rs 2500000 is successful.
ham,Where are you right now? https://youtube.com
spam,KYC incomplete for ICICI. Submit documents today.
ham,Electricity bill payment of Rs 5000 received.
spam,"Dear customer, your PNB account will be blocked now. Update KYC at http://verify-kyc.in"
spam,Parcel on hold. Update address today at http://verify-kyc.in
ham,Let's go for dinner tonight.
spam,RBI alert: Suspicious activity detected. Verify today.
spam,Parcel on hold. Update address within 10 minutes at http://reward-claim.in
spam,Your ATM card blocked. Share OTP urgent.
spam,Reward points worth Rs 25000 expiring now. Redeem at http://upi-check.in
spam,Your UPI ID rahul@ybl is suspended. Verify immediately.
spam,Pre-approved loan of Rs 5000. Apply urgent.
spam,SIM card will be blocked within 10 minutes. Update details at http://upi-check.in
spam,Parcel on hold. Update address today at http://secure-update.in
spam,KYC incomplete for HDFC. Submit documents within 10 minutes.
spam,Your UPI ID hitesh@upi is suspended. Verify today.
spam,Congratulations! You won Rs 500000. Claim now.
spam,"Your account credited with Rs 10000. If not you, report within 10 minutes."
spam,"Your account credited with Rs 5000. If not you, report immediately."
ham,Recharge successful for Rs 5000.
spam,KYC incomplete for HDFC. Submit documents today.
spam,RBI alert: Suspicious activity detected. Verify now.
spam,PAN not linked with Aadhaar. Update within 10 minutes.
spam,Parcel on hold. Update address now at http://bank-alert.in
spam,"Dear customer, your HDFC account will be blocked today. Update KYC at http://upi-check.in"
spam,SIM card will be blocked today. Update details at http://bank-alert.in
spam,Electricity bill pending of Rs 10000. Pay within 10 minutes at http://upi-check.in
spam,Electricity bill pending of Rs 500. Pay today at http://upi-check.in
spam,RBI alert: Suspicious activity detected. Verify now.
ham,Meeting postponed to tomorrow 10 am.
spam,"Your account credited with Rs 25000. If not you, report within 10 minutes."
spam,Parcel on hold. Update address now at http://upi-check.in
ham,I will reach home in 20 minutes.
spam,PAN not linked with Aadhaar. Update now.
spam,Job offer confirmed. Pay registration fee Rs 500000 urgent.
spam,Parcel on hold. Update address within 10 minutes at http://upi-check.in
spam,PAN not linked with Aadhaar. Update immediately.
spam,Parcel on hold. Update address immediately at http://bank-alert.in
spam,Your ATM card blocked. Share OTP today.
ham,See you in college tomorrow.
spam,PAN not linked with Aadhaar. Update urgent.
ham,Happy Birthday!
ham,I'm outside your house.
ham,Can you bring milk on the way back? https://drive.google.com/file
ham,"Reached safely, call you later."
spam,Reward points worth Rs 500 expiring now. Redeem at http://upi-check.in
spam,Electricity bill pending of Rs 500000. Pay today at http://reward-claim.in
spam,Pre-approved loan of Rs 25000. Apply today.
spam,KYC incomplete for Axis Bank. Submit documents immediately.
spam,Electricity bill pending of Rs 5000. Pay within 10 minutes at http://reward-claim.in
spam,Your ATM card blocked. Share OTP urgent.
spam,KYC incomplete for PNB. Submit documents now.
ham,Recharge successful for Rs 500000.
ham,Meeting moved to 5 pm today.
ham,See you in college tomorrow.
spam,Congratulations! You won Rs 500000. Claim immediately.
ham,Call me when you reach home.
spam,Parcel on hold. Update address immediately at http://upi-check.in
ham,Assignment deadline is Monday.
spam,KYC incomplete for Bank of Baroda. Submit documents now.
spam,Electricity bill pending of Rs 10000. Pay within 10 minutes at http://verify-kyc.in
spam,Job offer confirmed. Pay registration fee Rs 25000 urgent.
spam,Parcel on hold. Update address urgent at http://upi-check.in
spam,Income tax refund Rs 25000 approved. Claim today.
spam,Reward points worth Rs 10000 expiring today. Redeem at http://bank-alert.in
ham,Movie plan at 6 pm?
ham,Your order from Amazon is delivered.
ham,Train arriving at 7 pm.
spam,"Dear customer, your PNB account will be blocked immediately. Update KYC at http://verify-kyc.in"
ham,Office meeting link shared on WhatsApp.
spam,Your UPI ID hitesh@upi is suspended. Verify today.
spam,Pre-approved loan of Rs 500000. Apply today.
spam,Pre-approved loan of Rs 2500000. Apply immediately.
spam,"Your account credited with Rs 25000. If not you, report now."
spam,SIM card will be blocked immediately. Update details at http://upi-check.in
spam,Your ATM card blocked. Share OTP today.
spam,KYC incomplete for Axis Bank. Submit documents within 10 minutes.
ham,See you in college tomorrow.
spam,Pre-approved loan of Rs 1000. Apply now.
spam,Job offer confirmed. Pay registration fee Rs 2500000 today.
spam,Your ATM card blocked. Share OTP urgent.
spam,SIM card will be blocked urgent. Update details at http://reward-claim.in
spam,Reward points worth Rs 500 expiring immediately. Redeem at http://reward-claim.in
spam,Pre-approved loan of Rs 1000. Apply today.
ham,Train arriving at 7 pm.
spam,Your UPI ID user@okaxis is suspended. Verify urgent.
spam,Pre-approved loan of Rs 1000. Apply now.
ham,"Reached safely, call you later."
spam,PAN not linked with Aadhaar. Update now.
spam,"Dear customer, your SBI account will be blocked within 10 minutes. Update KYC at http://secure-update.in"
ham,Meeting postponed to tomorrow 10 am.
spam,Your UPI ID rahul@ybl is suspended. Verify within 10 minutes.
spam,Job offer confirmed. Pay registration fee Rs 1000 today.
spam,Your UPI ID amit@paytm is suspended. Verify today.
ham,Your order from Amazon is delivered.
spam,"Dear customer, your PNB account will be blocked immediately. Update KYC at http://reward-claim.in"
spam,Congratulations! You won Rs 500000. Claim urgent.
spam,Reward points worth Rs 1000 expiring within 10 minutes. Redeem at http://bank-alert.in
ham,See you in college tomorrow.
spam,Income tax refund Rs 1000 approved. Claim immediately.
spam,Congratulations! You won Rs 500000. Claim urgent.
spam,"Dear customer, your Bank of Baroda account will be blocked now. Update KYC at http://verify-kyc.in"
spam,SIM card will be blocked today. Update details at http://verify-kyc.in
ham,Your order from Amazon is delivered.
ham,Happy Birthday!
spam,KYC incomplete for HDFC. Submit documents immediately.
spam,"Dear customer, your ICICI account will be blocked now. Update KYC at http://secure-update.in"
spam,PAN not linked with Aadhaar. Update today.
spam,"Your account credited with Rs 500000. If not you, report now."
spam,"Your account credited with Rs 500. If not you, report urgent."
spam,Pre-approved loan of Rs 5000. Apply within 10 minutes.
spam,Reward points worth Rs 25000 expiring today. Redeem at http://verify-kyc.in
spam,PAN not linked with Aadhaar. Update within 10 minutes.
ham,Happy Birthday!
spam,"Dear customer, your PNB account will be blocked now. Update KYC at http://bank-alert.in"
spam,"Dear customer, your ICICI account will be blocked now. Update KYC at http://bank-alert.in"
spam,Parcel on hold. Update address today at http://secure-update.in
spam,RBI alert: Suspicious activity detected. Verify urgent.
ham,Office meeting link shared on WhatsApp.
ham,Meeting moved to 5 pm today.
spam,"Your account credited with Rs 1000. If not you, report immediately."
spam,Congratulations! You won Rs 5000. Claim within 10 minutes.
spam,Parcel on hold. Update address today at http://verify-kyc.in
spam,SIM card will be blocked within 10 minutes. Update details at http://upi-check.in
ham,Office meeting link shared on WhatsApp.
spam,Your UPI ID amit@paytm is suspended. Verify within 10 minutes.
spam,"Dear customer, your Axis Bank account will be blocked urgent. Update KYC at http://bank-alert.in"
ham,Your order from Amazon is delivered.
spam,RBI alert: Suspicious activity detected. Verify today.
spam,RBI alert: Suspicious activity detected. Verify urgent.
spam,Job offer confirmed. Pay registration fee Rs 2500000 within 10 minutes.
ham,Happy Birthday!
ham,Let's go for dinner tonight.
spam,Parcel on hold. Update address now at http://secure-update.in
ham,Train arriving at 7 pm.
ham,Recharge successful for Rs 2500000.
spam,Electricity bill pending of Rs 5000. Pay now at http://bank-alert.in
ham,Happy Birthday!
ham,Movie plan at 6 pm?
spam,"Your account credited with Rs 10000. If not you, report now."
spam,Pre-approved loan of Rs 5000. Apply within 10 minutes.
spam,Congratulations! You won Rs 1000. Claim now.
spam,"Your account credited with Rs 25000. If not you, report today."
ham,Train arriving at 7 pm.
spam,RBI alert: Suspicious activity detected. Verify within 10 minutes.
spam,Congratulations! You won Rs 25000. Claim immediately.
spam,Reward points worth Rs 25000 expiring immediately. Redeem at http://reward-claim.in
spam,RBI alert: Suspicious activity detected. Verify urgent.
ham,Train arriving at 7 pm.
spam,Reward points worth Rs 500 expiring today. Redeem at http://upi-check.in
ham,Train arriving at 7 pm.
ham,Where are you right now?
ham,Meeting moved to 5 pm today. https://youtube.com
spam,Reward points worth Rs 10000 expiring today. Redeem at http://bank-alert.in
spam,Reward points worth Rs 2500000 expiring urgent. Redeem at http://verify-kyc.in
spam,Your UPI ID hitesh@upi is suspended. Verify urgent.
spam,SIM card will be blocked today. Update details at http://secure-update.in
spam,Your UPI ID rahul@ybl is suspended. Verify now.
spam,Congratulations! You won Rs 25000. Claim urgent.
spam,RBI alert: Suspicious activity detected. Verify immediately.
spam,Electricity bill pending of Rs 2500000. Pay urgent at http://secure-update.in
spam,Congratulations! You won Rs 10000. Claim within 10 minutes.
ham,Recharge successful for Rs 5000.
spam,Reward points worth Rs 25000 expiring immediately. Redeem at http://secure-update.in
spam,"Dear customer, your Bank of Baroda account will be blocked today. Update KYC at http://verify-kyc.in"
spam,Congratulations! You won Rs 500. Claim immediately.
ham,Recharge successful for Rs 500.
spam,Pre-approved loan of Rs 500000. Apply urgent.
ham,Your bank transaction of Rs 10000 is successful.
ham,Call me when you reach home. https://youtube.com
spam,Pre-approved loan of Rs 500. Apply urgent.
spam,Reward points worth Rs 2500000 expiring today. Redeem at http://verify-kyc.in
ham,Recharge successful for Rs 5000.
spam,SIM card will be blocked now. Update details at http://secure-update.in
spam,"Dear customer, your ICICI account will be blocked urgent. Update KYC at http://upi-check.in"
spam,RBI alert: Suspicious activity detected. Verify urgent.
spam,PAN not linked with Aadhaar. Update now.
ham,Meeting postponed to tomorrow 10 am.
spam,"Dear customer, your SBI account will be blocked immediately. Update KYC at http://reward-claim.in"
ham,Did you check the document I shared?
spam,SIM card will be blocked urgent. Update details at http://bank-alert.in
spam,Electricity bill pending of Rs 2500000. Pay urgent at http://bank-alert.in
ham,Electricity bill payment of Rs 10000 received.
spam,Pre-approved loan of Rs 1000. Apply urgent.
spam,Income tax refund Rs 2500000 approved. Claim urgent.
spam,Job offer confirmed. Pay registration fee Rs 10000 immediately.
spam,"Dear customer, your PNB account will be blocked within 10 minutes. Update KYC at http://upi-check.in"
spam,SIM card will be blocked now. Update details at http://upi-check.in
ham,Your bank transaction of Rs 5000 is successful.
ham,Call me when you reach home.
spam,RBI alert: Suspicious activity detected. Verify within 10 minutes.
ham,"Send me 100 rs for the cab, I'll return later."
spam,KYC incomplete for SBI. Submit documents immediately.
spam,"Dear customer, your Bank of Baroda account will be blocked today. Update KYC at http://upi-check.in"
spam,RBI alert: Suspicious activity detected. Verify now.
spam,Pre-approved loan of Rs 25000. Apply within 10 minutes.
spam,Job offer confirmed. Pay registration fee Rs 25000 now.
ham,Let's meet tomorrow evening.
spam,Income tax refund Rs 2500000 approved. Claim urgent.
spam,Reward points worth Rs 500 expiring urgent. Redeem at http://verify-kyc.in
spam,SIM card will be blocked now. Update details at http://reward-claim.in
spam,KYC incomplete for SBI. Submit documents within 10 minutes.
spam,"Dear customer, your SBI account will be blocked urgent. Update KYC at http://upi-check.in"
ham,Please send the notes.
spam,Job offer confirmed. Pay registration fee Rs 500 urgent.
ham,Train arriving at 7 pm.
spam,SIM card will be blocked within 10 minutes. Update details at http://upi-check.in
spam,Electricity bill pending of Rs 500000. Pay now at http://secure-update.in
ham,Recharge successful for Rs 500000.
spam,"Dear customer, your HDFC account will be blocked immediately. Update KYC at http://upi-check.in"
spam,Reward points worth Rs 500 expiring within 10 minutes. Redeem at http://reward-claim.in
ham,Your order from Amazon is delivered.
spam,Pre-approved loan of Rs 2500000. Apply within 10 minutes.
spam,RBI alert: Suspicious activity detected. Verify today.
spam,Congratulations! You won Rs 2500000. Claim now.
ham,Where are you right now?
spam,Parcel on hold. Update address now at http://upi-check.in
spam,PAN not linked with Aadhaar. Update today.
spam,SIM card will be blocked urgent. Update details at http://reward-claim.in
ham,Meeting postponed to tomorrow 10 am.
spam,Your UPI ID user@okaxis is suspended. Verify now.
spam,RBI alert: Suspicious activity detected. Verify now.
ham,Please send the notes.
spam,PAN not linked with Aadhaar. Update today.
spam,Parcel on hold. Update address today at http://bank-alert.in
spam,"Your account credited with Rs 2500000. If not you, report immediately."
spam,"Your account credited with Rs 25000. If not you, report urgent."
spam,"Your account credited with Rs 2500000. If not you, report within 10 minutes."
spam,Your ATM card blocked. Share OTP now.
ham,Let's meet tomorrow evening.
ham,Movie plan at 6 pm?
spam,"Dear customer, your HDFC account will be blocked now. Update KYC at http://verify-kyc.in"
ham,Happy Birthday!
spam,Job offer confirmed. Pay registration fee Rs 25000 urgent.
spam,SIM card will be blocked urgent. Update details at http://reward-claim.in
spam,SIM card will be blocked immediately. Update details at http://verify-kyc.in
spam,Parcel on hold. Update address immediately at http://verify-kyc.in
spam,Your UPI ID hitesh@upi is suspended. Verify now.
spam,Job offer confirmed. Pay registration fee Rs 2500000 now.
spam,"Your account credited with Rs 25000. If not you, report within 10 minutes."
spam,Pre-approved loan of Rs 25000. Apply immediately.
spam,Congratulations! You won Rs 5000. Claim within 10 minutes.
spam,KYC incomplete for Axis Bank. Submit documents immediately.
spam,Congratulations! You won Rs 500. Claim today.
spam,KYC incomplete for Bank of Baroda. Submit documents now.
spam,Job offer confirmed. Pay registration fee Rs 500 now.
spam,Job offer confirmed. Pay registration fee Rs 1000 now.
ham,Movie plan at 6 pm?
spam,Income tax refund Rs 500000 approved. Claim within 10 minutes.
spam,Parcel on hold. Update address now at http://verify-kyc.in
spam,Your UPI ID hitesh@upi is suspended. Verify urgent.
spam,Reward points worth Rs 25000 expiring within 10 minutes. Redeem at http://reward-claim.in
spam,Reward points worth Rs 1000 expiring urgent. Redeem at http://verify-kyc.in
spam,KYC incomplete for PNB. Submit documents within 10 minutes.
spam,PAN not linked with Aadhaar. Update today.
spam,Your UPI ID hitesh@upi is suspended. Verify urgent.
spam,RBI alert: Suspicious activity detected. Verify today.
spam,KYC incomplete for Axis Bank. Submit documents immediately.
ham,Please send the notes.
ham,I will reach home in 20 minutes.
spam,RBI alert: Suspicious activity detected. Verify within 10 minutes.
spam,SIM card will be blocked now. Update details at http://upi-check.in
spam,Pre-approved loan of Rs 1000. Apply now.
spam,Electricity bill pending of Rs 25000. Pay now at http://verify-kyc.in
spam,PAN not linked with Aadhaar. Update within 10 minutes.
ham,Office meeting link shared on WhatsApp.
spam,Your ATM card blocked. Share OTP now.
spam,SIM card will be blocked today. Update details at http://secure-update.in
spam,KYC incomplete for PNB. Submit documents within 10 minutes.
spam,Reward points worth Rs 500000 expiring within 10 minutes. Redeem at http://upi-check.in
spam,PAN not linked with Aadhaar. Update within 10 minutes.
spam,PAN not linked with Aadhaar. Update within 10 minutes.
ham,Your bank transaction of Rs 25000 is successful.
spam,Job offer confirmed. Pay registration fee Rs 2500000 urgent.
spam,Your UPI ID amit@paytm is suspended. Verify today.
ham,Your bank transaction of Rs 5000 is successful.
spam,Electricity bill pending of Rs 5000. Pay now at http://upi-check.in
ham,I'm outside your house. https://amazon.in
ham,"Send me 100 rs for the cab, I'll return later. https://meet.google.com/abc-defg-hij"
spam,Your UPI ID user@okaxis is suspended. Verify immediately.
ham,Call me when you reach home. https://meet.google.com/abc-defg-hij
ham,Recharge successful for Rs 25000.
spam,SIM card will be blocked today. Update details at http://reward-claim.in
spam,Your UPI ID rahul@ybl is suspended. Verify today.
ham,Meeting moved to 5 pm today. https://youtube.com
spam,Congratulations! You won Rs 500. Claim now.
spam,SIM card will be blocked urgent. Update details at http://bank-alert.in
spam,Income tax refund Rs 500 approved. Claim now.
spam,SIM card will be blocked now. Update details at http://bank-alert.in
spam,"Your account credited with Rs 500000. If not you, report now."
ham,Assignment deadline is Monday.
spam,"Your account credited with Rs 500000. If not you, report immediately."
spam,"Your account credited with Rs 500. If not you, report now."
ham,Where are you right now? https://meet.google.com/abc-defg-hij
spam,Reward points worth Rs 5000 expiring immediately. Redeem at http://bank-alert.in
spam,Electricity bill pending of Rs 5000. Pay immediately at http://verify-kyc.in
spam,PAN not linked with Aadhaar. Update within 10 minutes.
spam,SIM card will be blocked immediately. Update details at http://secure-update.in
spam,Income tax refund Rs 5000 approved. Claim immediately.
spam,Your ATM card blocked. Share OTP within 10 minutes.
ham,Train arriving at 7 pm.
spam,KYC incomplete for Bank of Baroda. Submit documents urgent.
spam,Electricity bill pending of Rs 500. Pay urgent at http://verify-kyc.in
spam,Your ATM card blocked. Share OTP now.
spam,PAN not linked with Aadhaar. Update now.
spam,Income tax refund Rs 2500000 approved. Claim now.
spam,Congratulations! You won Rs 10000. Claim urgent.
spam,Congratulations! You won Rs 25000. Claim within 10 minutes.
spam,Income tax refund Rs 500000 approved. Claim urgent.
spam,Your UPI ID amit@paytm is suspended. Verify within 10 minutes.
spam,Pre-approved loan of Rs 25000. Apply urgent.
spam,"Your account credited with Rs 1000. If not you, report now."
spam,PAN not linked with Aadhaar. Update today.
spam,Congratulations! You won Rs 500000. Claim now.
spam,Pre-approved loan of Rs 500. Apply urgent.
spam,Pre-approved loan of Rs 10000. Apply within 10 minutes.
ham,Happy Birthday!
ham,Dinner at 8 pm? https://amazon.in
spam,Job offer confirmed. Pay registration fee Rs 5000 within 10 minutes.
spam,Reward points worth Rs 2500000 expiring within 10 minutes. Redeem at http://secure-update.in
ham,Dinner at 8 pm?
spam,RBI alert: Suspicious activity detected. Verify immediately.
spam,Pre-approved loan of Rs 500000. Apply now.
ham,I will reach home in 20 minutes.
ham,Dinner at 8 pm? https://youtube.com
spam,Income tax refund Rs 5000 approved. Claim now.
ham,I'm outside your house.
spam,PAN not linked with Aadhaar. Update now.
spam,Parcel on hold. Update address today at http://bank-alert.in
spam,"Your account credited with Rs 1000. If not you, report now."
spam,Income tax refund Rs 25000 approved. Claim urgent.
ham,"Send me 100 rs for the cab, I'll return later. https://youtube.com"
spam,Your UPI ID hitesh@upi is suspended. Verify urgent.
spam,Reward points worth Rs 1000 expiring now. Redeem at http://reward-claim.in
spam,"Dear customer, your Bank of Baroda account will be blocked now. Update KYC at http://reward-claim.in"
spam,SIM card will be blocked within 10 minutes. Update details at http://reward-claim.in
spam,Congratulations! You won Rs 500000. Claim now.
spam,Parcel on hold. Update address within 10 minutes at http://verify-kyc.in
spam,Job offer confirmed. Pay registration fee Rs 500000 urgent.
spam,Reward points worth Rs 1000 expiring within 10 minutes. Redeem at http://secure-update.in
spam,Reward points worth Rs 1000 expiring urgent. Redeem at http://upi-check.in
spam,Pre-approved loan of Rs 500000. Apply today.
spam,Job offer confirmed. Pay registration fee Rs 25000 within 10 minutes.
spam,Your UPI ID rahul@ybl is suspended. Verify urgent.
ham,I'm outside your house.
spam,RBI alert: Suspicious activity detected. Verify urgent.
spam,Your UPI ID user@okaxis is suspended. Verify today.
spam,Your UPI ID user@okaxis is suspended. Verify urgent.
spam,KYC incomplete for HDFC. Submit documents urgent.
ham,I'm outside your house.
ham,Your bank transaction of Rs 10000 is successful.
spam,Your UPI ID hitesh@upi is suspended. Verify today.
spam,Congratulations! You won Rs 5000. Claim within 10 minutes.
spam,PAN not linked with Aadhaar. Update immediately.
spam,PAN not linked with Aadhaar. Update urgent.
spam,Parcel on hold. Update address today at http://secure-update.in
spam,KYC incomplete for ICICI. Submit documents immediately.
spam,"Your account credited with Rs 10000. If not you, report today."
spam,SIM card will be blocked urgent. Update details at http://secure-update.in
spam,KYC incomplete for Axis Bank. Submit documents urgent.
spam,KYC incomplete for Axis Bank. Submit documents urgent.
spam,RBI alert: Suspicious activity detected. Verify within 10 minutes.
spam,Your ATM card blocked. Share OTP immediately.
spam,RBI alert: Suspicious activity detected. Verify now.
spam,Your ATM card blocked. Share OTP now.
ham,Office meeting link shared on WhatsApp.
spam,PAN not linked with Aadhaar. Update urgent.
spam,Pre-approved loan of Rs 10000. Apply within 10 minutes.
ham,Where are you right now?
spam,Reward points worth Rs 500 expiring urgent. Redeem at http://upi-check.in
spam,Reward points worth Rs 2500000 expiring within 10 minutes. Redeem at http://upi-check.in
spam,"Dear customer, your PNB account will be blocked immediately. Update KYC at http://upi-check.in"
ham,Meeting postponed to tomorrow 10 am.
spam,RBI alert: Suspicious activity detected. Verify within 10 minutes.
spam,Congratulations! You won Rs 5000. Claim urgent.
spam,Parcel on hold. Update address today at http://secure-update.in
ham,Electricity bill payment of Rs 25000 received.
ham,See you in college tomorrow.
ham,Office meeting link shared on WhatsApp.
ham,Your order from Amazon is delivered.
ham,Let's go for dinner tonight.
ham,Can you bring milk on the way back? https://amazon.in
ham,Are you free today? https://drive.google.com/file
spam,"Your account credited with Rs 5000. If not you, report within 10 minutes."
spam,Electricity bill pending of Rs 10000. Pay urgent at http://reward-claim.in
ham,Call me when you reach home. https://amazon.in
spam,Pre-approved loan of Rs 2500000. Apply today.
ham,Please send the notes.
spam,RBI alert: Suspicious activity detected. Verify urgent.
spam,Pre-approved loan of Rs 500000. Apply now.
ham,"Send me 100 rs for the cab, I'll return later. https://youtube.com"
spam,Electricity bill pending of Rs 25000. Pay now at http://verify-kyc.in
spam,Pre-approved loan of Rs 500000. Apply urgent.
spam,RBI alert: Suspicious activity detected. Verify today.
spam,Your ATM card blocked. Share OTP urgent.
spam,Pre-approved loan of Rs 25000. Apply now.
spam,Parcel on hold. Update address immediately at http://reward-claim.in
ham,"Reached safely, call you later."
ham,Your bank transaction of Rs 500000 is successful.
ham,I'm outside your house.
spam,Parcel on hold. Update address urgent at http://reward-claim.in
spam,Job offer confirmed. Pay registration fee Rs 25000 within 10 minutes.
spam,"Your account credited with Rs 5000. If not you, report within 10 minutes."
spam,RBI alert: Suspicious activity detected. Verify immediately.
ham,Let's go for dinner tonight.
ham,Dinner at 8 pm?
ham,Assignment deadline is Monday.
spam,SIM card will be blocked now. Update details at http://verify-kyc.in
spam,Your UPI ID amit@paytm is suspended. Verify today.
spam,"Dear customer, your PNB account will be blocked today. Update KYC at http://secure-update.in"
spam,"Your account credited with Rs 5000. If not you, report urgent."
ham,Your order from Amazon is delivered.
spam,Job offer confirmed. Pay registration fee Rs 10000 today.
spam,RBI alert: Suspicious activity detected. Verify now.
ham,Your order from Amazon is delivered.
spam,RBI alert: Suspicious activity detected. Verify now.
spam,RBI alert: Suspicious activity detected. Verify now.
spam,Electricity bill pending of Rs 500000. Pay within 10 minutes at http://secure-update.in
spam,Electricity bill pending of Rs 25000. Pay today at http://secure-update.in
spam,Congratulations! You won Rs 2500000. Claim today.
spam,SIM card will be blocked immediately. Update details at http://upi-check.in
spam,Your ATM card blocked. Share OTP immediately.
spam,"Your account credited with Rs 500. If not you, report immediately."
spam,KYC incomplete for PNB. Submit documents now.
spam,"Dear customer, your Bank of Baroda account will be blocked within 10 minutes. Update KYC at http://bank-alert.in"
spam,Your UPI ID hitesh@upi is suspended. Verify now.
spam,PAN not linked with Aadhaar. Update now.
ham,Your order from Amazon is delivered.
spam,Pre-approved loan of Rs 5000. Apply urgent.
spam,Income tax refund Rs 2500000 approved. Claim immediately.
spam,Electricity bill pending of Rs 2500000. Pay today at http://secure-update.in
spam,PAN not linked with Aadhaar. Update urgent.
spam,Your UPI ID user@okaxis is suspended. Verify within 10 minutes.
ham,Meeting moved to 5 pm today. https://youtube.com
spam,Parcel on hold. Update address immediately at http://upi-check.in
spam,Income tax refund Rs 10000 approved. Claim urgent.
spam,"Your account credited with Rs 10000. If not you, report immediately."
spam,Job offer confirmed. Pay registration fee Rs 500000 urgent.
spam,Your UPI ID rahul@ybl is suspended. Verify immediately.
spam,"Your account credited with Rs 500000. If not you, report today."
ham,Where are you right now? https://meet.google.com/abc-defg-hij
spam,RBI alert: Suspicious activity detected. Verify today.
ham,Meeting postponed to tomorrow 10 am.
ham,Let's meet tomorrow evening. https://amazon.in
ham,Please send the notes.
ham,Happy Birthday!
spam,"Your account credited with Rs 1000. If not you, report immediately."
spam,Electricity bill pending of Rs 500000. Pay within 10 minutes at http://upi-check.in
spam,SIM card will be blocked today. Update details at http://bank-alert.in
ham,Can you bring milk on the way back?
spam,Congratulations! You won Rs 500000. Claim within 10 minutes.
spam,Pre-approved loan of Rs 25000. Apply immediately.
spam,KYC incomplete for PNB. Submit documents within 10 minutes.
ham,Are you free today?
spam,RBI alert: Suspicious activity detected. Verify today.
spam,Parcel on hold. Update address today at http://verify-kyc.in
spam,Your ATM card blocked. Share OTP now.
ham,"Reached safely, call you later."
ham,Please send the notes.
spam,PAN not linked with Aadhaar. Update immediately.
spam,PAN not linked with Aadhaar. Update within 10 minutes.
spam,Your ATM card blocked. Share OTP today.
spam,Your ATM card blocked. Share OTP now.
ham,See you in college tomorrow.
ham,Recharge successful for Rs 25000.
spam,Electricity bill pending of Rs 25000. Pay today at http://reward-claim.in
spam,PAN not linked with Aadhaar. Update urgent.
spam,Parcel on hold. Update address immediately at http://bank-alert.in
spam,Income tax refund Rs 10000 approved. Claim within 10 minutes.
ham,Your bank transaction of Rs 5000 is successful.
ham,Your order from Amazon is delivered.
spam,Job offer confirmed. Pay registration fee Rs 1000 now.
spam,Income tax refund Rs 1000 approved. Claim within 10 minutes.
ham,Train arriving at 7 pm.
spam,Your ATM card blocked. Share OTP now.
ham,"Reached safely, call you later."
spam,KYC incomplete for SBI. Submit documents within 10 minutes.
spam,PAN not linked with Aadhaar. Update today.
spam,Electricity bill pending of Rs 25000. Pay urgent at http://bank-alert.in
ham,Recharge successful for Rs 1000.
spam,Your UPI ID hitesh@upi is suspended. Verify immediately.
spam,Income tax refund Rs 2500000 approved. Claim today.
spam,SIM card will be blocked today. Update details at http://reward-claim.in
spam,SIM card will be blocked immediately. Update details at http://upi-check.in
spam,Your ATM card blocked. Share OTP urgent.
spam,Congratulations! You won Rs 2500000. Claim today.
spam,Income tax refund Rs 5000 approved. Claim today.
spam,Job offer confirmed. Pay registration fee Rs 1000 today.
spam,Your ATM card blocked. Share OTP today.
ham,Movie plan at 6 pm?
spam,Reward points worth Rs 2500000 expiring immediately. Redeem at http://bank-alert.in
spam,RBI alert: Suspicious activity detected. Verify now.
spam,Job offer confirmed. Pay registration fee Rs 10000 within 10 minutes.
ham,Did you check the document I shared?
ham,Did you check the document I shared? https://youtube.com
ham,Your order from Amazon is delivered.
spam,Electricity bill pending of Rs 25000. Pay now at http://verify-kyc.in
spam,PAN not linked with Aadhaar. Update immediately.
spam,"Dear customer, your ICICI account will be blocked urgent. Update KYC at http://reward-claim.in"
spam,"Dear customer, your HDFC account will be blocked within 10 minutes. Update KYC at http://reward-claim.in"
spam,Parcel on hold. Update address today at http://reward-claim.in
spam,SIM card will be blocked immediately. Update details at http://upi-check.in
ham,Movie plan at 6 pm?
spam,Reward points worth Rs 10000 expiring today. Redeem at http://verify-kyc.in
spam,Reward points worth Rs 500000 expiring within 10 minutes. Redeem at http://bank-alert.in
spam,SIM card will be blocked immediately. Update details at http://reward-claim.in
spam,Job offer confirmed. Pay registration fee Rs 25000 within 10 minutes.
spam,SIM card will be blocked today. Update details at http://reward-claim.in
ham,Recharge successful for Rs 5000.
ham,Please send the notes.
spam,Pre-approved loan of Rs 2500000. Apply immediately.
spam,Electricity bill pending of Rs 10000. Pay now at http://bank-alert.in
spam,KYC incomplete for ICICI. Submit documents now.
spam,KYC incomplete for Axis Bank. Submit documents urgent.
spam,Reward points worth Rs 10000 expiring today. Redeem at http://upi-check.in
spam,"Dear customer, your PNB account will be blocked immediately. Update KYC at http://secure-update.in"
spam,Electricity bill pending of Rs 1000. Pay within 10 minutes at http://reward-claim.in
ham,Let's go for dinner tonight.
spam,RBI alert: Suspicious activity detected. Verify immediately.
spam,Income tax refund Rs 5000 approved. Claim within 10 minutes.
spam,KYC incomplete for ICICI. Submit documents urgent.
ham,Office meeting link shared on WhatsApp.
ham,Electricity bill payment of Rs 25000 received.
spam,Income tax refund Rs 5000 approved. Claim within 10 minutes.
spam,Electricity bill pending of Rs 5000. Pay urgent at http://verify-kyc.in
spam,"Dear customer, your HDFC account will be blocked now. Update KYC at http://reward-claim.in"
spam,Congratulations! You won Rs 2500000. Claim immediately.
spam,KYC incomplete for ICICI. Submit documents today.
ham,Your order from Amazon is delivered.
ham,Train arriving at 7 pm.
spam,KYC incomplete for Axis Bank. Submit documents urgent.
ham,Assignment deadline is Monday.
ham,Happy Birthday!
ham,Let's go for dinner tonight.
spam,Electricity bill pending of Rs 500000. Pay within 10 minutes at http://bank-alert.in
spam,"Dear customer, your Bank of Baroda account will be blocked urgent. Update KYC at http://bank-alert.in"
spam,Job offer confirmed. Pay registration fee Rs 2500000 within 10 minutes.
ham,Movie plan at 6 pm?
spam,RBI alert: Suspicious activity detected. Verify today.
ham,I will reach home in 20 minutes.
spam,Your UPI ID amit@paytm is suspended. Verify immediately.
ham,"Send me 100 rs for the cab, I'll return later."
ham,Dinner at 8 pm? https://amazon.in
spam,Electricity bill pending of Rs 10000. Pay immediately at http://verify-kyc.in
ham,Recharge successful for Rs 25000.
spam,SIM card will be blocked immediately. Update details at http://upi-check.in
ham,I will reach home in 20 minutes.
ham,Where are you right now?
ham,Assignment deadline is Monday.
spam,Income tax refund Rs 500 approved. Claim urgent.
ham,Where are you right now? https://meet.google.com/abc-defg-hij
spam,Reward points worth Rs 5000 expiring now. Redeem at http://upi-check.in
spam,Your ATM card blocked. Share OTP immediately.
ham,Your order from Amazon is delivered.
spam,Your UPI ID user@okaxis is suspended. Verify immediately.
spam,KYC incomplete for ICICI. Submit documents immediately.
spam,Parcel on hold. Update address now at http://bank-alert.in
ham,Your bank transaction of Rs 2500000 is successful.
spam,KYC incomplete for SBI. Submit documents within 10 minutes.
spam,Parcel on hold. Update address urgent at http://verify-kyc.in
ham,See you in college tomorrow.
spam,SIM card will be blocked today. Update details at http://upi-check.in
spam,Electricity bill pending of Rs 2500000. Pay now at http://bank-alert.in
spam,"Your account credited with Rs 500000. If not you, report urgent."
spam,Income tax refund Rs 500000 approved. Claim urgent.
spam,Parcel on hold. Update address within 10 minutes at http://reward-claim.in
ham,Recharge successful for Rs 25000.
spam,Pre-approved loan of Rs 1000. Apply urgent.
ham,"Reached safely, call you later."
ham,I'm outside your house.
ham,See you in college tomorrow.
spam,SIM card will be blocked immediately. Update details at http://secure-update.in
spam,Job offer confirmed. Pay registration fee Rs 2500000 within 10 minutes.
spam,Income tax refund Rs 500 approved. Claim today.
ham,Please send the notes.
spam,RBI alert: Suspicious activity detected. Verify today.
spam,Your UPI ID rahul@ybl is suspended. Verify urgent.
spam,RBI alert: Suspicious activity detected. Verify today.
spam,SIM card will be blocked immediately. Update details at http://secure-update.in
spam,"Your account credited with Rs 5000. If not you, report immediately."
spam,Your ATM card blocked. Share OTP now.
spam,Pre-approved loan of Rs 10000. Apply within 10 minutes.
ham,Assignment deadline is Monday.
spam,Reward points worth Rs 500 expiring immediately. Redeem at http://bank-alert.in
spam,PAN not linked with Aadhaar. Update today.
spam,Pre-approved loan of Rs 500000. Apply urgent.
ham,"Reached safely, call you later."
spam,"Your account credited with Rs 25000. If not you, report immediately."
spam,PAN not linked with Aadhaar. Update urgent.
spam,Congratulations! You won Rs 5000. Claim immediately.
spam,"Dear customer, your HDFC account will be blocked immediately. Update KYC at http://secure-update.in"
spam,Parcel on hold. Update address urgent at http://upi-check.in
ham,"Send me 100 rs for the cab, I'll return later. https://amazon.in"
spam,PAN not linked with Aadhaar. Update within 10 minutes.
spam,SIM card will be blocked immediately. Update details at http://secure-update.in
spam,Your ATM card blocked. Share OTP immediately.
spam,SIM card will be blocked within 10 minutes. Update details at http://secure-update.in
ham,"Send me 100 rs for the cab, I'll return later."
spam,"Your account credited with Rs 25000. If not you, report today."
spam,Reward points worth Rs 1000 expiring immediately. Redeem at http://bank-alert.in
spam,Reward points worth Rs 5000 expiring immediately. Redeem at http://secure-update.in
spam,Electricity bill pending of Rs 25000. Pay urgent at http://secure-update.in
spam,Job offer confirmed. Pay registration fee Rs 2500000 urgent.
spam,Your UPI ID hitesh@upi is suspended. Verify today.
ham,Your bank transaction of Rs 25000 is successful.
ham,Can you bring milk on the way back? https://meet.google.com/abc-defg-hij
spam,"Your account credited with Rs 500000. If not you, report today."
spam,Income tax refund Rs 1000 approved. Claim now.
spam,KYC incomplete for SBI. Submit documents today.
spam,Congratulations! You won Rs 10000. Claim immediately.
ham,Did you check the document I shared? https://maps.google.com
spam,Congratulations! You won Rs 5000. Claim immediately.
spam,Congratulations! You won Rs 10000. Claim immediately.
spam,Income tax refund Rs 10000 approved. Claim today.
spam,Congratulations! You won Rs 2500000. Claim within 10 minutes.
spam,Parcel on hold. Update address now at http://secure-update.in
ham,Assignment deadline is Monday.
spam,Your UPI ID amit@paytm is suspended. Verify urgent.
spam,Congratulations! You won Rs 1000. Claim today.
spam,SIM card will be blocked immediately. Update details at http://upi-check.in
ham,Are you free today? https://amazon.in
spam,Job offer confirmed. Pay registration fee Rs 2500000 within 10 minutes.
ham,See you in college tomorrow.
ham,Are you free today?
spam,Job offer confirmed. Pay registration fee Rs 1000 immediately.
spam,Congratulations! You won Rs 10000. Claim immediately.
spam,Electricity bill pending of Rs 25000. Pay urgent at http://bank-alert.in
spam,Your UPI ID amit@paytm is suspended. Verify urgent.
spam,KYC incomplete for ICICI. Submit documents immediately.
spam,"Your account credited with Rs 2500000. If not you, report immediately."
spam,SIM card will be blocked urgent. Update details at http://secure-update.in
ham,Meeting postponed to tomorrow 10 am.
ham,Happy Birthday!
spam,Your UPI ID user@okaxis is suspended. Verify today.
spam,Your UPI ID amit@paytm is suspended. Verify today.
spam,Electricity bill pending of Rs 5000. Pay today at http://upi-check.in
ham,Recharge successful for Rs 2500000.
spam,Electricity bill pending of Rs 25000. Pay today at http://bank-alert.in
spam,RBI alert: Suspicious activity detected. Verify now.
spam,Income tax refund Rs 5000 approved. Claim today.
spam,KYC incomplete for SBI. Submit documents within 10 minutes.
spam,Your ATM card blocked. Share OTP today.
spam,Pre-approved loan of Rs 10000. Apply urgent.
spam,Income tax refund Rs 10000 approved. Claim now.
ham,"Reached safely, call you later."
ham,Movie plan at 6 pm?
spam,Job offer confirmed. Pay registration fee Rs 2500000 now.
ham,Office meeting link shared on WhatsApp.
spam,Electricity bill pending of Rs 5000. Pay urgent at http://bank-alert.in
spam,Parcel on hold. Update address within 10 minutes at http://secure-update.in
spam,Your UPI ID hitesh@upi is suspended. Verify immediately.
ham,"Send me 100 rs for the cab, I'll return later. https://meet.google.com/abc-defg-hij"
spam,Income tax refund Rs 500 approved. Claim urgent.
spam,Reward points worth Rs 10000 expiring immediately. Redeem at http://secure-update.in
spam,Congratulations! You won Rs 25000. Claim immediately.
spam,Congratulations! You won Rs 10000. Claim immediately.
ham,I will reach home in 20 minutes.
spam,Congratulations! You won Rs 500000. Claim urgent.
ham,Happy Birthday!
spam,SIM card will be blocked immediately. Update details at http://verify-kyc.in
ham,Meeting postponed to tomorrow 10 am.
spam,Job offer confirmed. Pay registration fee Rs 2500000 today.
spam,Income tax refund Rs 2500000 approved. Claim today.
ham,Movie plan at 6 pm?
ham,Call me when you reach home.
ham,Are you free today?
spam,Job offer confirmed. Pay registration fee Rs 500000 today.
ham,I'm outside your house.
ham,Your bank transaction of Rs 500000 is successful.
spam,Parcel on hold. Update address now at http://upi-check.in
spam,RBI alert: Suspicious activity detected. Verify now.
ham,Office meeting link shared on WhatsApp.
spam,RBI alert: Suspicious activity detected. Verify immediately.
spam,Pre-approved loan of Rs 10000. Apply immediately.
spam,KYC incomplete for SBI. Submit documents within 10 minutes.
spam,RBI alert: Suspicious activity detected. Verify now.
spam,RBI alert: Suspicious activity detected. Verify immediately.
spam,"Your account credited with Rs 1000. If not you, report now."
spam,Reward points worth Rs 500 expiring immediately. Redeem at http://verify-kyc.in
spam,Your UPI ID hitesh@upi is suspended. Verify within 10 minutes.
spam,PAN not linked with Aadhaar. Update today.
spam,Congratulations! You won Rs 5000. Claim today.
spam,SIM card will be blocked now. Update details at http://upi-check.in
spam,"Dear customer, your SBI account will be blocked today. Update KYC at http://verify-kyc.in"
spam,"Your account credited with Rs 500. If not you, report immediately."
spam,Electricity bill pending of Rs 500. Pay now at http://reward-claim.in
spam,Congratulations! You won Rs 10000. Claim urgent.
spam,Electricity bill pending of Rs 25000. Pay within 10 minutes at http://reward-claim.in
ham,"Reached safely, call you later."
spam,Electricity bill pending of Rs 25000. Pay immediately at http://secure-update.in
ham,Let's go for dinner tonight.
ham,"Send me 100 rs for the cab, I'll return later. https://maps.google.com"
spam,Job offer confirmed. Pay registration fee Rs 1000 now.
spam,"Your account credited with Rs 500. If not you, report now."
ham,Movie plan at 6 pm?
ham,I will reach home in 20 minutes.
spam,Your ATM card blocked. Share OTP immediately.
ham,Electricity bill payment of Rs 10000 received.
spam,Congratulations! You won Rs 500000. Claim urgent.
ham,Recharge successful for Rs 500.
ham,Office meeting link shared on WhatsApp.
spam,Congratulations! You won Rs 25000. Claim immediately.
spam,Pre-approved loan of Rs 500. Apply within 10 minutes.
ham,Dinner at 8 pm?
spam,Your ATM card blocked. Share OTP within 10 minutes.
spam,Reward points worth Rs 1000 expiring now. Redeem at http://verify-kyc.in
spam,Your UPI ID user@okaxis is suspended. Verify now.
spam,Congratulations! You won Rs 25000. Claim within 10 minutes.
spam,Electricity bill pending of Rs 5000. Pay now at http://reward-claim.in
ham,Let's go for dinner tonight.
ham,Let's meet tomorrow evening. https://youtube.com
spam,Your UPI ID user@okaxis is suspended. Verify now.
spam,Parcel on hold. Update address now at http://reward-claim.in
spam,KYC incomplete for Bank of Baroda. Submit documents now.
spam,Electricity bill pending of Rs 25000. Pay today at http://reward-claim.in
spam,Congratulations! You won Rs 25000. Claim within 10 minutes.
spam,Congratulations! You won Rs 500000. Claim today.
ham,Dinner at 8 pm?
spam,Income tax refund Rs 1000 approved. Claim immediately.
ham,Your bank transaction of Rs 2500000 is successful.
ham,"Send me 100 rs for the cab, I'll return later. https://amazon.in"
spam,Your UPI ID amit@paytm is suspended. Verify within 10 minutes.
ham,See you in college tomorrow.
ham,Did you check the document I shared?
spam,RBI alert: Suspicious activity detected. Verify within 10 minutes.
spam,Electricity bill pending of Rs 1000. Pay immediately at http://verify-kyc.in
ham,Meeting postponed to tomorrow 10 am.
spam,SIM card will be blocked within 10 minutes. Update details at http://upi-check.in
ham,I'm outside your house. https://youtube.com
spam,Income tax refund Rs 1000 approved. Claim immediately.
spam,Your UPI ID rahul@ybl is suspended. Verify today.
spam,PAN not linked with Aadhaar. Update within 10 minutes.
spam,Congratulations! You won Rs 25000. Claim urgent.
spam,Parcel on hold. Update address now at http://verify-kyc.in
ham,I'm outside your house. https://drive.google.com/file
spam,Your UPI ID amit@paytm is suspended. Verify immediately.
ham,Electricity bill payment of Rs 500000 received.
spam,Parcel on hold. Update address immediately at http://secure-update.in
spam,"Dear customer, your Axis Bank account will be blocked now. Update KYC at http://reward-claim.in"
ham,See you in college tomorrow.
spam,Income tax refund Rs 25000 approved. Claim within 10 minutes.
ham,See you in college tomorrow.
ham,Meeting postponed to tomorrow 10 am.
spam,Your UPI ID rahul@ybl is suspended. Verify today.
spam,Your ATM card blocked. Share OTP urgent.
spam,Your UPI ID hitesh@upi is suspended. Verify within 10 minutes.
ham,See you in college tomorrow.
spam,"Dear customer, your SBI account will be blocked urgent. Update KYC at http://secure-update.in"
spam,PAN not linked with Aadhaar. Update now.
ham,Happy Birthday!
spam,Congratulations! You won Rs 1000. Claim within 10 minutes.
spam,Electricity bill pending of Rs 500. Pay now at http://secure-update.in
spam,Congratulations! You won Rs 25000. Claim within 10 minutes.
ham,Can you bring milk on the way back?
spam,Your ATM card blocked. Share OTP urgent.
ham,Electricity bill payment of Rs 10000 received.
spam,SIM card will be blocked today. Update details at http://bank-alert.in
spam,Electricity bill pending of Rs 10000. Pay within 10 minutes at http://reward-claim.in
spam,Job offer confirmed. Pay registration fee Rs 2500000 immediately.
ham,Recharge successful for Rs 1000.
spam,Congratulations! You won Rs 2500000. Claim now.
spam,KYC incomplete for HDFC. Submit documents today.
spam,Your UPI ID hitesh@upi is suspended. Verify urgent.
spam,PAN not linked with Aadhaar. Update immediately.
spam,Electricity bill pending of Rs 2500000. Pay immediately at http://secure-update.in
ham,Recharge successful for Rs 10000.
spam,Pre-approved loan of Rs 1000. Apply within 10 minutes.
ham,Call me when you reach home.
spam,Electricity bill pending of Rs 25000. Pay within 10 minutes at http://secure-update.in
ham,Assignment deadline is Monday.
spam,Income tax refund Rs 1000 approved. Claim within 10 minutes.
spam,"Your account credited with Rs 2500000. If not you, report today."
spam,KYC incomplete for SBI. Submit documents today.
spam,Job offer confirmed. Pay registration fee Rs 25000 within 10 minutes.
spam,Your ATM card blocked. Share OTP now.
ham,Your bank transaction of Rs 2500000 is successful.
spam,PAN not linked with Aadhaar. Update within 10 minutes.
spam,Pre-approved loan of Rs 500000. Apply within 10 minutes.
ham,Meeting postponed to tomorrow 10 am.
ham,Electricity bill payment of Rs 10000 received.
ham,"Reached safely, call you later."
ham,Train arriving at 7 pm.
spam,Job offer confirmed. Pay registration fee Rs 500000 urgent.
spam,Income tax refund Rs 1000 approved. Claim today.
ham,I will reach home in 20 minutes.
spam,Electricity bill pending of Rs 10000. Pay within 10 minutes at http://reward-claim.in
spam,Congratulations! You won Rs 500. Claim within 10 minutes.
spam,Your UPI ID amit@paytm is suspended. Verify today.
spam,SIM card will be blocked immediately. Update details at http://verify-kyc.in
spam,PAN not linked with Aadhaar. Update urgent.
spam,Reward points worth Rs 500 expiring urgent. Redeem at http://bank-alert.in
spam,Your ATM card blocked. Share OTP today.
spam,Job offer confirmed. Pay registration fee Rs 5000 urgent.
ham,Your order from Amazon is delivered.
spam,SIM card will be blocked within 10 minutes. Update details at http://verify-kyc.in
spam,KYC incomplete for ICICI. Submit documents urgent.
spam,Job offer confirmed. Pay registration fee Rs 500 now.
spam,Your ATM card blocked. Share OTP today.
spam,Parcel on hold. Update address within 10 minutes at http://reward-claim.in
spam,PAN not linked with Aadhaar. Update within 10 minutes.
spam,Electricity bill pending of Rs 25000. Pay within 10 minutes at http://verify-kyc.in
spam,Job offer confirmed. Pay registration fee Rs 5000 urgent.
spam,PAN not linked with Aadhaar. Update within 10 minutes.
spam,Congratulations! You won Rs 5000. Claim immediately.
spam,KYC incomplete for PNB. Submit documents immediately.
spam,SIM card will be blocked now. Update details at http://verify-kyc.in
spam,"Your account credited with Rs 25000. If not you, report today."
spam,Reward points worth Rs 500 expiring urgent. Redeem at http://reward-claim.in
spam,Reward points worth Rs 5000 expiring today. Redeem at http://upi-check.in
spam,Parcel on hold. Update address immediately at http://secure-update.in
spam,KYC incomplete for SBI. Submit documents within 10 minutes.
spam,"Your account credited with Rs 1000. If not you, report today."
spam,Your UPI ID rahul@ybl is suspended. Verify immediately.
ham,Let's go for dinner tonight.
spam,"Dear customer, your ICICI account will be blocked within 10 minutes. Update KYC at http://secure-update.in"
spam,"Your account credited with Rs 500. If not you, report within 10 minutes."
ham,Did you check the document I shared?
spam,Pre-approved loan of Rs 2500000. Apply now.
ham,See you in college tomorrow.
spam,Income tax refund Rs 1000 approved. Claim now.
spam,Congratulations! You won Rs 2500000. Claim immediately.
ham,Meeting postponed to tomorrow 10 am.
spam,Your ATM card blocked. Share OTP today.
spam,PAN not linked with Aadhaar. Update urgent.
spam,Electricity bill pending of Rs 25000. Pay now at http://bank-alert.in
ham,Dinner at 8 pm? https://drive.google.com/file
spam,Job offer confirmed. Pay registration fee Rs 2500000 urgent.
spam,Income tax refund Rs 25000 approved. Claim within 10 minutes.
spam,Reward points worth Rs 25000 expiring within 10 minutes. Redeem at http://bank-alert.in
spam,"Your account credited with Rs 25000. If not you, report urgent."
ham,Where are you right now? https://amazon.in
spam,"Dear customer, your SBI account will be blocked urgent. Update KYC at http://upi-check.in"
spam,SIM card will be blocked within 10 minutes. Update details at http://bank-alert.in
spam,"Your account credited with Rs 500000. If not you, report within 10 minutes."
ham,Please send the notes.
spam,PAN not linked with Aadhaar. Update urgent.
ham,Are you free today?
spam,PAN not linked with Aadhaar. Update now.
ham,Train arriving at 7 pm.
spam,Congratulations! You won Rs 10000. Claim immediately.
spam,SIM card will be blocked urgent. Update details at http://verify-kyc.in
spam,PAN not linked with Aadhaar. Update now.
spam,Electricity bill pending of Rs 1000. Pay immediately at http://upi-check.in
spam,Congratulations! You won Rs 10000. Claim urgent.
spam,"Dear customer, your Bank of Baroda account will be blocked now. Update KYC at http://secure-update.in"
ham,Assignment deadline is Monday.
spam,Your ATM card blocked. Share OTP within 10 minutes.
ham,Meeting moved to 5 pm today.
spam,Your UPI ID user@okaxis is suspended. Verify now.
spam,Income tax refund Rs 10000 approved. Claim urgent.
spam,Income tax refund Rs 500000 approved. Claim urgent.
ham,Let's go for dinner tonight.
spam,PAN not linked with Aadhaar. Update urgent.
spam,Job offer confirmed. Pay registration fee Rs 5000 within 10 minutes.
spam,RBI alert: Suspicious activity detected. Verify immediately.
spam,PAN not linked with Aadhaar. Update immediately.
spam,Electricity bill pending of Rs 10000. Pay within 10 minutes at http://bank-alert.in
ham,Where are you right now? https://amazon.in
spam,PAN not linked with Aadhaar. Update within 10 minutes.
spam,KYC incomplete for ICICI. Submit documents now.
spam,"Dear customer, your Axis Bank account will be blocked now. Update KYC at http://reward-claim.in"
ham,Electricity bill payment of Rs 500000 received.
ham,Movie plan at 6 pm?
ham,Your order from Amazon is delivered.
ham,Train arriving at 7 pm.
ham,Office meeting link shared on WhatsApp.
spam,Congratulations! You won Rs 10000. Claim immediately.
ham,Electricity bill payment of Rs 25000 received.
ham,Happy Birthday!
spam,Income tax refund Rs 2500000 approved. Claim within 10 minutes.
ham,I'm outside your house. https://meet.google.com/abc-defg-hij
ham,Electricity bill payment of Rs 500000 received.
spam,RBI alert: Suspicious activity detected. Verify urgent.
spam,RBI alert: Suspicious activity detected. Verify urgent.
ham,Assignment deadline is Monday.
spam,Congratulations! You won Rs 10000. Claim today.
spam,RBI alert: Suspicious activity detected. Verify within 10 minutes.
ham,Meeting postponed to tomorrow 10 am.
spam,"Dear customer, your HDFC account will be blocked within 10 minutes. Update KYC at http://reward-claim.in"
spam,KYC incomplete for SBI. Submit documents today.
spam,Pre-approved loan of Rs 25000. Apply within 10 minutes.
spam,KYC incomplete for SBI. Submit documents urgent.
spam,Reward points worth Rs 10000 expiring today. Redeem at http://upi-check.in
spam,"Dear customer, your ICICI account will be blocked within 10 minutes. Update KYC at http://upi-check.in"
spam,Reward points worth Rs 2500000 expiring immediately. Redeem at http://bank-alert.in
ham,Can you bring milk on the way back? https://maps.google.com
ham,Your order from Amazon is delivered.
spam,Your UPI ID hitesh@upi is suspended. Verify urgent.
spam,Your ATM card blocked. Share OTP now.
ham,Let's meet tomorrow evening. https://maps.google.com
spam,Income tax refund Rs 10000 approved. Claim urgent.
spam,Your ATM card blocked. Share OTP urgent.
spam,RBI alert: Suspicious activity detected. Verify today.
spam,SIM card will be blocked urgent. Update details at http://reward-claim.in
ham,Please send the notes.
spam,"Dear customer, your ICICI account will be blocked within 10 minutes. Update KYC at http://verify-kyc.in"
spam,"Your account credited with Rs 2500000. If not you, report within 10 minutes."
spam,Your UPI ID amit@paytm is suspended. Verify immediately.
spam,Parcel on hold. Update address today at http://reward-claim.in
spam,Your UPI ID rahul@ybl is suspended. Verify now.
spam,"Your account credited with Rs 10000. If not you, report today."
spam,SIM card will be blocked urgent. Update details at http://bank-alert.in
ham,Train arriving at 7 pm.
spam,Your ATM card blocked. Share OTP within 10 minutes.
spam,"Your account credited with Rs 25000. If not you, report within 10 minutes."
ham,Assignment deadline is Monday.
spam,PAN not linked with Aadhaar. Update urgent.
ham,Where are you right now? https://amazon.in
spam,RBI alert: Suspicious activity detected. Verify immediately.
spam,Income tax refund Rs 2500000 approved. Claim within 10 minutes.
spam,Congratulations! You won Rs 10000. Claim immediately.
spam,Reward points worth Rs 5000 expiring immediately. Redeem at http://verify-kyc.in
ham,Where are you right now? https://maps.google.com
ham,Office meeting link shared on WhatsApp.
spam,SIM card will be blocked now. Update details at http://upi-check.in
spam,Pre-approved loan of Rs 2500000. Apply urgent.
spam,Your UPI ID rahul@ybl is suspended. Verify today.
spam,Job offer confirmed. Pay registration fee Rs 10000 immediately.
spam,"Your account credited with Rs 500. If not you, report within 10 minutes."
spam,RBI alert: Suspicious activity detected. Verify immediately.
spam,Parcel on hold. Update address today at http://bank-alert.in
spam,Job offer confirmed. Pay registration fee Rs 5000 now.
ham,Assignment deadline is Monday.
ham,"Reached safely, call you later."
spam,Electricity bill pending of Rs 2500000. Pay now at http://upi-check.in
spam,Your UPI ID rahul@ybl is suspended. Verify now.
spam,"Dear customer, your HDFC account will be blocked today. Update KYC at http://bank-alert.in"
spam,Congratulations! You won Rs 5000. Claim immediately.
ham,Your bank transaction of Rs 25000 is successful.
spam,"Your account credited with Rs 25000. If not you, report now."
spam,"Dear customer, your SBI account will be blocked immediately. Update KYC at http://verify-kyc.in"
spam,"Dear customer, your Axis Bank account will be blocked within 10 minutes. Update KYC at http://secure-update.in"
spam,KYC incomplete for ICICI. Submit documents today.
ham,Did you check the document I shared? https://drive.google.com/file
spam,Job offer confirmed. Pay registration fee Rs 25000 urgent.
ham,Are you free today? https://meet.google.com/abc-defg-hij
spam,"Dear customer, your HDFC account will be blocked urgent. Update KYC at http://secure-update.in"
ham,Movie plan at 6 pm?
spam,Job offer confirmed. Pay registration fee Rs 1000 immediately.
spam,Your UPI ID rahul@ybl is suspended. Verify now.
ham,Your bank transaction of Rs 500 is successful.
spam,KYC incomplete for Bank of Baroda. Submit documents urgent.
ham,Assignment deadline is Monday.
spam,KYC incomplete for SBI. Submit documents now.
spam,Job offer confirmed. Pay registration fee Rs 2500000 within 10 minutes.
spam,Your UPI ID amit@paytm is suspended. Verify within 10 minutes.
spam,Congratulations! You won Rs 1000. Claim today.
spam,Electricity bill pending of Rs 500000. Pay within 10 minutes at http://upi-check.in
ham,Meeting moved to 5 pm today.
spam,"Dear customer, your HDFC account will be blocked within 10 minutes. Update KYC at http://reward-claim.in"
ham,Your order from Amazon is delivered.
spam,Income tax refund Rs 2500000 approved. Claim today.
ham,Can you bring milk on the way back?
spam,Pre-approved loan of Rs 500. Apply now.
spam,Reward points worth Rs 500 expiring immediately. Redeem at http://secure-update.in
ham,Please send the notes.
ham,Happy Birthday!
ham,Meeting moved to 5 pm today.
ham,See you in college tomorrow.
ham,I will reach home in 20 minutes.
ham,See you in college tomorrow.
spam,Parcel on hold. Update address within 10 minutes at http://secure-update.in
spam,Your UPI ID hitesh@upi is suspended. Verify immediately.
spam,SIM card will be blocked now. Update details at http://verify-kyc.in
spam,Your ATM card blocked. Share OTP urgent.
ham,Movie plan at 6 pm?
spam,RBI alert: Suspicious activity detected. Verify within 10 minutes.
spam,Reward points worth Rs 10000 expiring urgent. Redeem at http://upi-check.in
ham,Please send the notes.
spam,RBI alert: Suspicious activity detected. Verify immediately.
ham,Train arriving at 7 pm.
spam,Congratulations! You won Rs 2500000. Claim within 10 minutes.
spam,Income tax refund Rs 10000 approved. Claim today.
ham,Where are you right now? https://drive.google.com/file
ham,Movie plan at 6 pm?
spam,"Dear customer, your PNB account will be blocked urgent. Update KYC at http://secure-update.in"
ham,"Reached safely, call you later."
spam,"Your account credited with Rs 10000. If not you, report urgent."
spam,Pre-approved loan of Rs 1000. Apply immediately.
ham,Meeting moved to 5 pm today. https://meet.google.com/abc-defg-hij
spam,"Dear customer, your HDFC account will be blocked urgent. Update KYC at http://secure-update.in"
spam,Electricity bill pending of Rs 5000. Pay urgent at http://reward-claim.in
spam,SIM card will be blocked within 10 minutes. Update details at http://bank-alert.in
spam,Electricity bill pending of Rs 500. Pay within 10 minutes at http://bank-alert.in
spam,"Your account credited with Rs 25000. If not you, report immediately."
spam,Parcel on hold. Update address now at http://verify-kyc.in
spam,"Dear customer, your PNB account will be blocked urgent. Update KYC at http://bank-alert.in"
spam,Electricity bill pending of Rs 10000. Pay immediately at http://reward-claim.in
spam,Electricity bill pending of Rs 25000. Pay immediately at http://secure-update.in
ham,Happy Birthday!
spam,KYC incomplete for HDFC. Submit documents within 10 minutes.
spam,KYC incomplete for PNB. Submit documents within 10 minutes.
ham,Assignment deadline is Monday.
spam,KYC incomplete for ICICI. Submit documents within 10 minutes.
ham,I'm outside your house.
spam,Job offer confirmed. Pay registration fee Rs 25000 urgent.
spam,"Your account credited with Rs 1000. If not you, report immediately."
spam,PAN not linked with Aadhaar. Update urgent.
spam,Congratulations! You won Rs 500. Claim within 10 minutes.
ham,I'm outside your house.
spam,Job offer confirmed. Pay registration fee Rs 500 today.
ham,Train arriving at 7 pm.
spam,KYC incomplete for Bank of Baroda. Submit documents now.
spam,Reward points worth Rs 10000 expiring immediately. Redeem at http://verify-kyc.in
spam,KYC incomplete for SBI. Submit documents immediately.
spam,KYC incomplete for Bank of Baroda. Submit documents today.
spam,PAN not linked with Aadhaar. Update within 10 minutes.
spam,RBI alert: Suspicious activity detected. Verify immediately.
ham,Meeting postponed to tomorrow 10 am.
spam,Your ATM card blocked. Share OTP within 10 minutes.
ham,Meeting postponed to tomorrow 10 am.
ham,Electricity bill payment of Rs 5000 received.
spam,Job offer confirmed. Pay registration fee Rs 1000 immediately.
spam,Congratulations! You won Rs 500. Claim today.
ham,"Reached safely, call you later."
spam,Parcel on hold. Update address urgent at http://reward-claim.in
ham,See you in college tomorrow.
spam,PAN not linked with Aadhaar. Update now.
spam,PAN not linked with Aadhaar. Update within 10 minutes.
spam,Job offer confirmed. Pay registration fee Rs 10000 urgent.
spam,Income tax refund Rs 1000 approved. Claim immediately.
spam,Congratulations! You won Rs 10000. Claim within 10 minutes.
spam,Job offer confirmed. Pay registration fee Rs 10000 immediately.
spam,KYC incomplete for ICICI. Submit documents now.
spam,"Your account credited with Rs 2500000. If not you, report within 10 minutes."
spam,PAN not linked with Aadhaar. Update immediately.
spam,PAN not linked with Aadhaar. Update now.
ham,Movie plan at 6 pm?
ham,"Reached safely, call you later."
spam,PAN not linked with Aadhaar. Update today.
spam,Pre-approved loan of Rs 2500000. Apply within 10 minutes.
spam,Income tax refund Rs 500000 approved. Claim within 10 minutes.
spam,Parcel on hold. Update address today at http://secure-update.in
spam,Your ATM card blocked. Share OTP now.
ham,Electricity bill payment of Rs 10000 received.
spam,PAN not linked with Aadhaar. Update immediately.
spam,PAN not linked with Aadhaar. Update urgent.
spam,PAN not linked with Aadhaar. Update today.
spam,Congratulations! You won Rs 2500000. Claim within 10 minutes.
spam,Income tax refund Rs 500 approved. Claim urgent.
spam,SIM card will be blocked now. Update details at http://upi-check.in
spam,Pre-approved loan of Rs 500000. Apply today.
spam,Parcel on hold. Update address today at http://verify-kyc.in
spam,SIM card will be blocked today. Update details at http://reward-claim.in
spam,Electricity bill pending of Rs 1000. Pay urgent at http://upi-check.in
spam,Parcel on hold. Update address immediately at http://secure-update.in
spam,SIM card will be blocked urgent. Update details at http://upi-check.in
spam,Parcel on hold. Update address immediately at http://bank-alert.in
ham,See you in college tomorrow.
ham,Where are you right now?
ham,Recharge successful for Rs 5000.
spam,RBI alert: Suspicious activity detected. Verify immediately.
spam,Pre-approved loan of Rs 5000. Apply immediately.
ham,Please send the notes.
spam,Parcel on hold. Update address within 10 minutes at http://reward-claim.in
ham,Happy Birthday!
spam,Job offer confirmed. Pay registration fee Rs 500 urgent.
spam,Pre-approved loan of Rs 500000. Apply now.
spam,Your UPI ID hitesh@upi is suspended. Verify urgent.
spam,Income tax refund Rs 1000 approved. Claim urgent.
spam,Job offer confirmed. Pay registration fee Rs 5000 urgent.
spam,Pre-approved loan of Rs 1000. Apply within 10 minutes.
ham,Meeting postponed to tomorrow 10 am.
ham,Office meeting link shared on WhatsApp.
spam,"Your account credited with Rs 2500000. If not you, report today."
ham,Train arriving at 7 pm.
spam,Your ATM card blocked. Share OTP now.
spam,Congratulations! You won Rs 500. Claim within 10 minutes.
spam,Electricity bill pending of Rs 1000. Pay today at http://secure-update.in
spam,Parcel on hold. Update address now at http://bank-alert.in
spam,Job offer confirmed. Pay registration fee Rs 5000 now.
ham,Let's go for dinner tonight.
spam,Congratulations! You won Rs 5000. Claim immediately.
spam,Income tax refund Rs 500000 approved. Claim now.
ham,Office meeting link shared on WhatsApp.
spam,Parcel on hold. Update address now at http://reward-claim.in
spam,Reward points worth Rs 500 expiring today. Redeem at http://bank-alert.in
spam,Income tax refund Rs 5000 approved. Claim immediately.
spam,Pre-approved loan of Rs 2500000. Apply urgent.
spam,Parcel on hold. Update address immediately at http://secure-update.in
spam,RBI alert: Suspicious activity detected. Verify now.
spam,Parcel on hold. Update address immediately at http://secure-update.in
spam,Job offer confirmed. Pay registration fee Rs 5000 within 10 minutes.
spam,Electricity bill pending of Rs 500. Pay today at http://reward-claim.in
spam,Electricity bill pending of Rs 2500000. Pay within 10 minutes at http://secure-update.in
spam,Reward points worth Rs 1000 expiring now. Redeem at http://secure-update.in
spam,Parcel on hold. Update address now at http://bank-alert.in
spam,Income tax refund Rs 2500000 approved. Claim within 10 minutes.
ham,See you in college tomorrow.
spam,Congratulations! You won Rs 5000. Claim within 10 minutes.
spam,Congratulations! You won Rs 2500000. Claim today.
spam,"Your account credited with Rs 10000. If not you, report immediately."
spam,Parcel on hold. Update address immediately at http://bank-alert.in
spam,"Your account credited with Rs 2500000. If not you, report today."
spam,Congratulations! You won Rs 2500000. Claim urgent.
ham,"Reached safely, call you later."
spam,KYC incomplete for Bank of Baroda. Submit documents immediately.
spam,"Dear customer, your ICICI account will be blocked within 10 minutes. Update KYC at http://verify-kyc.in"
spam,Electricity bill pending of Rs 25000. Pay within 10 minutes at http://reward-claim.in
spam,Electricity bill pending of Rs 2500000. Pay urgent at http://bank-alert.in
spam,"Dear customer, your Axis Bank account will be blocked urgent. Update KYC at http://secure-update.in"
spam,"Your account credited with Rs 2500000. If not you, report immediately."
ham,Office meeting link shared on WhatsApp.
spam,Your ATM card blocked. Share OTP immediately.
spam,RBI alert: Suspicious activity detected. Verify today.
spam,SIM card will be blocked within 10 minutes. Update details at http://verify-kyc.in
ham,"Send me 100 rs for the cab, I'll return later. https://maps.google.com"
spam,Pre-approved loan of Rs 25000. Apply urgent.
spam,Parcel on hold. Update address today at http://upi-check.in
ham,Movie plan at 6 pm?
spam,PAN not linked with Aadhaar. Update today.
spam,Parcel on hold. Update address today at http://bank-alert.in
ham,Your bank transaction of Rs 2500000 is successful.
spam,PAN not linked with Aadhaar. Update immediately.
spam,KYC incomplete for ICICI. Submit documents immediately.
ham,Train arriving at 7 pm.
spam,Electricity bill pending of Rs 10000. Pay urgent at http://verify-kyc.in
spam,"Your account credited with Rs 500. If not you, report within 10 minutes."
spam,SIM card will be blocked urgent. Update details at http://upi-check.in
spam,Job offer confirmed. Pay registration fee Rs 5000 within 10 minutes.
spam,Parcel on hold. Update address now at http://upi-check.in
spam,Your ATM card blocked. Share OTP within 10 minutes.
spam,Your ATM card blocked. Share OTP now.
spam,Electricity bill pending of Rs 500. Pay now at http://upi-check.in
ham,Movie plan at 6 pm?
ham,"Send me 100 rs for the cab, I'll return later."
ham,Recharge successful for Rs 500.
spam,Reward points worth Rs 1000 expiring today. Redeem at http://reward-claim.in
spam,Pre-approved loan of Rs 5000. Apply now.
ham,Your order from Amazon is delivered.
spam,PAN not linked with Aadhaar. Update urgent.
ham,See you in college tomorrow.
spam,Job offer confirmed. Pay registration fee Rs 25000 today.
spam,SIM card will be blocked now. Update details at http://bank-alert.in
spam,Income tax refund Rs 500 approved. Claim urgent.
ham,Assignment deadline is Monday.
ham,Train arriving at 7 pm.
spam,SIM card will be blocked immediately. Update details at http://upi-check.in
spam,"Dear customer, your PNB account will be blocked within 10 minutes. Update KYC at http://verify-kyc.in"
spam,SIM card will be blocked immediately. Update details at http://verify-kyc.in
ham,Dinner at 8 pm?
spam,Congratulations! You won Rs 5000. Claim today.
spam,RBI alert: Suspicious activity detected. Verify now.
spam,Parcel on hold. Update address now at http://reward-claim.in
ham,Train arriving at 7 pm.
spam,Electricity bill pending of Rs 25000. Pay within 10 minutes at http://bank-alert.in
spam,Reward points worth Rs 2500000 expiring within 10 minutes. Redeem at http://upi-check.in
spam,Your UPI ID amit@paytm is suspended. Verify urgent.
spam,Electricity bill pending of Rs 500. Pay within 10 minutes at http://reward-claim.in
ham,I will reach home in 20 minutes.
spam,"Dear customer, your Axis Bank account will be blocked urgent. Update KYC at http://upi-check.in"
ham,Call me when you reach home. https://youtube.com
ham,Office meeting link shared on WhatsApp.
spam,SIM card will be blocked urgent. Update details at http://reward-claim.in
ham,I will reach home in 20 minutes.
ham,"Send me 100 rs for the cab, I'll return later."
spam,PAN not linked with Aadhaar. Update within 10 minutes.
spam,Electricity bill pending of Rs 10000. Pay today at http://upi-check.in
spam,KYC incomplete for ICICI. Submit documents urgent.
ham,Did you check the document I shared?
ham,Happy Birthday!
spam,Congratulations! You won Rs 25000. Claim within 10 minutes.
spam,Reward points worth Rs 500000 expiring now. Redeem at http://reward-claim.in
spam,KYC incomplete for SBI. Submit documents within 10 minutes.
spam,"Dear customer, your Bank of Baroda account will be blocked today. Update KYC at http://reward-claim.in"
ham,Happy Birthday!
spam,Job offer confirmed. Pay registration fee Rs 1000 immediately.
ham,Happy Birthday!
spam,Parcel on hold. Update address today at http://upi-check.in
ham,"Reached safely, call you later."
spam,Congratulations! You won Rs 1000. Claim urgent.
spam,Reward points worth Rs 2500000 expiring urgent. Redeem at http://reward-claim.in
spam,Reward points worth Rs 500000 expiring within 10 minutes. Redeem at http://verify-kyc.in
spam,Job offer confirmed. Pay registration fee Rs 2500000 within 10 minutes.
ham,Assignment deadline is Monday.
spam,SIM card will be blocked today. Update details at http://secure-update.in
spam,Pre-approved loan of Rs 500000. Apply now.
spam,Reward points worth Rs 500000 expiring immediately. Redeem at http://reward-claim.in
ham,Electricity bill payment of Rs 1000 received.
spam,RBI alert: Suspicious activity detected. Verify within 10 minutes.
spam,Parcel on hold. Update address today at http://secure-update.in
spam,Pre-approved loan of Rs 500000. Apply within 10 minutes.
ham,Movie plan at 6 pm?
ham,"Send me 100 rs for the cab, I'll return later. https://youtube.com"
spam,"Dear customer, your Bank of Baroda account will be blocked urgent. Update KYC at http://bank-alert.in"
spam,Congratulations! You won Rs 1000. Claim now.
spam,Income tax refund Rs 10000 approved. Claim immediately.
spam,Congratulations! You won Rs 500. Claim urgent.
ham,Meeting moved to 5 pm today.
spam,Your ATM card blocked. Share OTP now.
spam,PAN not linked with Aadhaar. Update immediately.
ham,See you in college tomorrow.
spam,Congratulations! You won Rs 500. Claim today.
spam,Job offer confirmed. Pay registration fee Rs 2500000 within 10 minutes.
spam,"Dear customer, your PNB account will be blocked today. Update KYC at http://upi-check.in"
ham,Assignment deadline is Monday.
ham,Meeting moved to 5 pm today. https://maps.google.com
spam,PAN not linked with Aadhaar. Update now.
spam,Your UPI ID hitesh@upi is suspended. Verify within 10 minutes.
ham,Office meeting link shared on WhatsApp.
ham,Recharge successful for Rs 500000.
ham,Recharge successful for Rs 500.
spam,Your ATM card blocked. Share OTP urgent.
spam,Your ATM card blocked. Share OTP today.
spam,"Dear customer, your SBI account will be blocked within 10 minutes. Update KYC at http://bank-alert.in"
spam,Electricity bill pending of Rs 1000. Pay now at http://upi-check.in
ham,Happy Birthday!
spam,Your UPI ID amit@paytm is suspended. Verify immediately.
ham,Your order from Amazon is delivered.
ham,Dinner at 8 pm?
spam,SIM card will be blocked now. Update details at http://bank-alert.in
spam,Income tax refund Rs 5000 approved. Claim immediately.
spam,"Dear customer, your ICICI account will be blocked now. Update KYC at http://secure-update.in"
spam,SIM card will be blocked today. Update details at http://verify-kyc.in
ham,Meeting postponed to tomorrow 10 am.
spam,Congratulations! You won Rs 1000. Claim urgent.
spam,Reward points worth Rs 5000 expiring now. Redeem at http://bank-alert.in
spam,Parcel on hold. Update address now at http://secure-update.in
ham,Can you bring milk on the way back? https://maps.google.com
spam,Congratulations! You won Rs 1000. Claim within 10 minutes.
spam,KYC incomplete for SBI. Submit documents now.
ham,Your order from Amazon is delivered.
spam,Your ATM card blocked. Share OTP today.
spam,"Dear customer, your HDFC account will be blocked immediately. Update KYC at http://bank-alert.in"
spam,Reward points worth Rs 500000 expiring within 10 minutes. Redeem at http://upi-check.in
spam,Your UPI ID rahul@ybl is suspended. Verify immediately.
spam,Job offer confirmed. Pay registration fee Rs 10000 immediately.
spam,Reward points worth Rs 10000 expiring within 10 minutes. Redeem at http://bank-alert.in
spam,Parcel on hold. Update address today at http://secure-update.in
spam,KYC incomplete for ICICI. Submit documents immediately.
ham,Your order from Amazon is delivered.
spam,Pre-approved loan of Rs 25000. Apply today.
spam,KYC incomplete for ICICI. Submit documents within 10 minutes.
ham,Are you free today? https://youtube.com
spam,Parcel on hold. Update address urgent at http://verify-kyc.in
spam,"Your account credited with Rs 1000. If not you, report urgent."
spam,RBI alert: Suspicious activity detected. Verify today.
spam,RBI alert: Suspicious activity detected. Verify immediately.
spam,RBI alert: Suspicious activity detected. Verify urgent.
spam,Parcel on hold. Update address immediately at http://reward-claim.in
spam,Your ATM card blocked. Share OTP today.
spam,PAN not linked with Aadhaar. Update within 10 minutes.
ham,Electricity bill payment of Rs 5000 received.
spam,Your ATM card blocked. Share OTP urgent.
ham,Train arriving at 7 pm.
spam,SIM card will be blocked within 10 minutes. Update details at http://upi-check.in
spam,PAN not linked with Aadhaar. Update today.
spam,Pre-approved loan of Rs 500000. Apply within 10 minutes.
spam,Income tax refund Rs 25000 approved. Claim within 10 minutes.
spam,Your UPI ID rahul@ybl is suspended. Verify immediately.
spam,Your ATM card blocked. Share OTP within 10 minutes.
spam,Income tax refund Rs 2500000 approved. Claim now.
ham,Are you free today?
spam,KYC incomplete for PNB. Submit documents immediately.
spam,Reward points worth Rs 1000 expiring urgent. Redeem at http://upi-check.in
spam,Your UPI ID hitesh@upi is suspended. Verify urgent.
ham,See you in college tomorrow.
spam,Job offer confirmed. Pay registration fee Rs 25000 now.
spam,Electricity bill pending of Rs 2500000. Pay now at http://reward-claim.in
spam,Job offer confirmed. Pay registration fee Rs 1000 within 10 minutes.
spam,"Your account credited with Rs 500000. If not you, report within 10 minutes."
spam,PAN not linked with Aadhaar. Update now.
spam,Your UPI ID amit@paytm is suspended. Verify urgent.
spam,Job offer confirmed. Pay registration fee Rs 10000 urgent.
spam,Your UPI ID hitesh@upi is suspended. Verify immediately.
spam,Job offer confirmed. Pay registration fee Rs 500 within 10 minutes.
ham,I will reach home in 20 minutes.
spam,"Dear customer, your ICICI account will be blocked now. Update KYC at http://bank-alert.in"
ham,Your order from Amazon is delivered.
ham,Recharge successful for Rs 5000.
ham,Let's go for dinner tonight.
ham,Can you bring milk on the way back?
spam,"Your account credited with Rs 5000. If not you, report today."
spam,Electricity bill pending of Rs 2500000. Pay immediately at http://verify-kyc.in
spam,Your UPI ID user@okaxis is suspended. Verify now.
ham,Call me when you reach home.
ham,Did you check the document I shared?
spam,SIM card will be blocked now. Update details at http://secure-update.in
spam,Parcel on hold. Update address immediately at http://upi-check.in
ham,Can you bring milk on the way back?
spam,PAN not linked with Aadhaar. Update urgent.
ham,Electricity bill payment of Rs 5000 received.
ham,Can you bring milk on the way back? https://amazon.in
spam,RBI alert: Suspicious activity detected. Verify within 10 minutes.
spam,Your UPI ID user@okaxis is suspended. Verify urgent.
spam,"Your account credited with Rs 500000. If not you, report within 10 minutes."
ham,Meeting moved to 5 pm today.
spam,Pre-approved loan of Rs 2500000. Apply now.
spam,PAN not linked with Aadhaar. Update immediately.
ham,Happy Birthday!
ham,Your order from Amazon is delivered.
ham,"Send me 100 rs for the cab, I'll return later. https://drive.google.com/file"
spam,Reward points worth Rs 500 expiring immediately. Redeem at http://secure-update.in
spam,Your UPI ID hitesh@upi is suspended. Verify urgent.
spam,"Dear customer, your Bank of Baroda account will be blocked now. Update KYC at http://upi-check.in"
spam,Reward points worth Rs 5000 expiring immediately. Redeem at http://reward-claim.in
ham,"Send me 100 rs for the cab, I'll return later."
spam,Electricity bill pending of Rs 25000. Pay immediately at http://upi-check.in
spam,"Dear customer, your HDFC account will be blocked within 10 minutes. Update KYC at http://reward-claim.in"
spam,RBI alert: Suspicious activity detected. Verify now.
ham,Can you bring milk on the way back? https://maps.google.com
spam,"Dear customer, your HDFC account will be blocked now. Update KYC at http://secure-update.in"
spam,"Your account credited with Rs 10000. If not you, report immediately."
spam,KYC incomplete for SBI. Submit documents urgent.
spam,Income tax refund Rs 25000 approved. Claim immediately.
spam,Congratulations! You won Rs 1000. Claim today.
spam,Income tax refund Rs 25000 approved. Claim today.
ham,Call me when you reach home.
spam,Pre-approved loan of Rs 500. Apply urgent.
ham,Meeting postponed to tomorrow 10 am.
ham,Your order from Amazon is delivered.
spam,Pre-approved loan of Rs 500000. Apply urgent.
spam,Your UPI ID rahul@ybl is suspended. Verify immediately.
spam,PAN not linked with Aadhaar. Update within 10 minutes.
ham,Movie plan at 6 pm?
ham,See you in college tomorrow.
spam,SIM card will be blocked now. Update details at http://upi-check.in
ham,Are you free today?
ham,Let's go for dinner tonight.
spam,Congratulations! You won Rs 1000. Claim immediately.
ham,Your bank transaction of Rs 5000 is successful.
spam,Reward points worth Rs 1000 expiring within 10 minutes. Redeem at http://upi-check.in
ham,Movie plan at 6 pm?
spam,Your ATM card blocked. Share OTP today.
spam,KYC incomplete for SBI. Submit documents urgent.
spam,Your UPI ID user@okaxis is suspended. Verify now.
spam,Parcel on hold. Update address today at http://reward-claim.in
spam,PAN not linked with Aadhaar. Update now.
spam,Parcel on hold. Update address immediately at http://secure-update.in
ham,Dinner at 8 pm?
spam,Congratulations! You won Rs 10000. Claim immediately.
ham,Happy Birthday!
ham,Your bank transaction of Rs 1000 is successful.
ham,Assignment deadline is Monday.
spam,Income tax refund Rs 25000 approved. Claim now.
spam,KYC incomplete for Axis Bank. Submit documents now.
ham,Happy Birthday!
spam,Your UPI ID amit@paytm is suspended. Verify immediately.
spam,RBI alert: Suspicious activity detected. Verify immediately.
ham,I'm outside your house. https://maps.google.com
spam,SIM card will be blocked today. Update details at http://bank-alert.in
ham,Office meeting link shared on WhatsApp.
spam,SIM card will be blocked urgent. Update details at http://reward-claim.in
spam,Pre-approved loan of Rs 500. Apply immediately.
spam,RBI alert: Suspicious activity detected. Verify within 10 minutes.
spam,Job offer confirmed. Pay registration fee Rs 1000 urgent.
ham,Office meeting link shared on WhatsApp.
spam,SIM card will be blocked within 10 minutes. Update details at http://bank-alert.in
spam,"Dear customer, your Bank of Baroda account will be blocked today. Update KYC at http://secure-update.in"
spam,Your UPI ID rahul@ybl is suspended. Verify urgent.
ham,I will reach home in 20 minutes.
ham,"Send me 100 rs for the cab, I'll return later. https://amazon.in"
spam,PAN not linked with Aadhaar. Update now.
spam,RBI alert: Suspicious activity detected. Verify within 10 minutes.
ham,Meeting moved to 5 pm today.
spam,RBI alert: Suspicious activity detected. Verify today.
ham,Movie plan at 6 pm?
spam,Congratulations! You won Rs 1000. Claim today.
spam,RBI alert: Suspicious activity detected. Verify within 10 minutes.
spam,KYC incomplete for ICICI. Submit documents immediately.
spam,"Your account credited with Rs 1000. If not you, report now."
ham,Let's go for dinner tonight.
spam,Parcel on hold. Update address urgent at http://verify-kyc.in
spam,Congratulations! You won Rs 2500000. Claim today.
ham,I'm outside your house.
spam,Congratulations! You won Rs 10000. Claim urgent.
spam,KYC incomplete for PNB. Submit documents today.
spam,RBI alert: Suspicious activity detected. Verify within 10 minutes.
ham,Happy Birthday!
ham,Where are you right now?
ham,Are you free today?
spam,"Your account credited with Rs 1000. If not you, report urgent."
spam,Job offer confirmed. Pay registration fee Rs 500 within 10 minutes.
ham,Electricity bill payment of Rs 2500000 received.
spam,KYC incomplete for ICICI. Submit documents today.
spam,Income tax refund Rs 1000 approved. Claim today.
spam,RBI alert: Suspicious activity detected. Verify today.
spam,PAN not linked with Aadhaar. Update now.
spam,Reward points worth Rs 1000 expiring today. Redeem at http://bank-alert.in
spam,"Dear customer, your Axis Bank account will be blocked today. Update KYC at http://bank-alert.in"
spam,Pre-approved loan of Rs 25000. Apply immediately.
spam,Parcel on hold. Update address immediately at http://reward-claim.in
spam,"Your account credited with Rs 25000. If not you, report today."
ham,Call me when you reach home. https://amazon.in
ham,Can you bring milk on the way back? https://amazon.in
spam,Congratulations! You won Rs 2500000. Claim urgent.
spam,KYC incomplete for PNB. Submit documents now.
spam,Your ATM card blocked. Share OTP urgent.
ham,Movie plan at 6 pm?
spam,"Your account credited with Rs 25000. If not you, report now."
spam,Congratulations! You won Rs 25000. Claim today.
spam,Reward points worth Rs 5000 expiring today. Redeem at http://reward-claim.in
spam,PAN not linked with Aadhaar. Update within 10 minutes.
spam,Congratulations! You won Rs 1000. Claim within 10 minutes.
spam,Job offer confirmed. Pay registration fee Rs 500000 today.
ham,Meeting postponed to tomorrow 10 am.
spam,Electricity bill pending of Rs 5000. Pay within 10 minutes at http://secure-update.in
spam,PAN not linked with Aadhaar. Update urgent.
spam,PAN not linked with Aadhaar. Update now.
spam,PAN not linked with Aadhaar. Update now.
spam,Congratulations! You won Rs 500. Claim within 10 minutes.
spam,"Your account credited with Rs 500000. If not you, report urgent."
spam,Electricity bill pending of Rs 500000. Pay now at http://secure-update.in
spam,KYC incomplete for ICICI. Submit documents urgent.
spam,Congratulations! You won Rs 2500000. Claim now.
spam,SIM card will be blocked within 10 minutes. Update details at http://verify-kyc.in
spam,Your ATM card blocked. Share OTP immediately.
ham,"Send me 100 rs for the cab, I'll return later."
spam,KYC incomplete for Bank of Baroda. Submit documents immediately.
spam,KYC incomplete for Axis Bank. Submit documents urgent.
spam,Reward points worth Rs 2500000 expiring today. Redeem at http://reward-claim.in
ham,Assignment deadline is Monday.
spam,Parcel on hold. Update address today at http://upi-check.in
spam,Reward points worth Rs 2500000 expiring today. Redeem at http://reward-claim.in
spam,Parcel on hold. Update address urgent at http://verify-kyc.in
spam,Congratulations! You won Rs 10000. Claim today.
spam,Job offer confirmed. Pay registration fee Rs 10000 urgent.
spam,Congratulations! You won Rs 500000. Claim immediately.
spam,Pre-approved loan of Rs 10000. Apply now.
ham,Your bank transaction of Rs 500000 is successful.
ham,Recharge successful for Rs 10000.
spam,Congratulations! You won Rs 500000. Claim immediately.
spam,Congratulations! You won Rs 2500000. Claim urgent.
spam,PAN not linked with Aadhaar. Update within 10 minutes.
ham,Are you free today?
spam,Electricity bill pending of Rs 500. Pay within 10 minutes at http://secure-update.in
ham,Are you free today?
ham,Movie plan at 6 pm?
spam,Parcel on hold. Update address immediately at http://reward-claim.in
ham,Happy Birthday!
spam,Pre-approved loan of Rs 2500000. Apply immediately.
spam,Parcel on hold. Update address urgent at http://secure-update.in
spam,Your UPI ID hitesh@upi is suspended. Verify urgent.
spam,Parcel on hold. Update address within 10 minutes at http://bank-alert.in
spam,Congratulations! You won Rs 500000. Claim within 10 minutes.
spam,Electricity bill pending of Rs 500. Pay urgent at http://upi-check.in
spam,Your ATM card blocked. Share OTP now.
spam,Your UPI ID user@okaxis is suspended. Verify immediately.
ham,Movie plan at 6 pm?
spam,Pre-approved loan of Rs 5000. Apply today.
spam,Income tax refund Rs 500 approved. Claim within 10 minutes.
spam,Job offer confirmed. Pay registration fee Rs 10000 within 10 minutes.
ham,I will reach home in 20 minutes.
ham,Office meeting link shared on WhatsApp.
spam,Reward points worth Rs 500000 expiring now. Redeem at http://bank-alert.in
ham,Happy Birthday!
spam,KYC incomplete for SBI. Submit documents immediately.
ham,Train arriving at 7 pm.
spam,RBI alert: Suspicious activity detected. Verify immediately.
spam,Your ATM card blocked. Share OTP now.
spam,KYC incomplete for Bank of Baroda. Submit documents now.
spam,Pre-approved loan of Rs 5000. Apply now.
spam,Electricity bill pending of Rs 500. Pay urgent at http://bank-alert.in
spam,KYC incomplete for HDFC. Submit documents urgent.
ham,Train arriving at 7 pm.
ham,Let's meet tomorrow evening. https://youtube.com
ham,Let's go for dinner tonight.
ham,I will reach home in 20 minutes.
ham,Train arriving at 7 pm.
ham,Dinner at 8 pm?
spam,"Your account credited with Rs 500000. If not you, report now."
spam,Pre-approved loan of Rs 25000. Apply immediately.
spam,Your UPI ID user@okaxis is suspended. Verify within 10 minutes.
spam,Job offer confirmed. Pay registration fee Rs 500000 within 10 minutes.
ham,Movie plan at 6 pm?
spam,Your ATM card blocked. Share OTP urgent.
ham,I'm outside your house.
ham,"Reached safely, call you later."
spam,"Dear customer, your Axis Bank account will be blocked now. Update KYC at http://upi-check.in"
spam,Electricity bill pending of Rs 500. Pay urgent at http://bank-alert.in
ham,Office meeting link shared on WhatsApp.
spam,PAN not linked with Aadhaar. Update today.
spam,SIM card will be blocked within 10 minutes. Update details at http://verify-kyc.in
ham,Movie plan at 6 pm?
ham,Train arriving at 7 pm.
spam,Your ATM card blocked. Share OTP urgent.
spam,Electricity bill pending of Rs 5000. Pay immediately at http://reward-claim.in
spam,Congratulations! You won Rs 500000. Claim immediately.
ham,"Reached safely, call you later."
ham,See you in college tomorrow.
spam,PAN not linked with Aadhaar. Update within 10 minutes.
spam,"Dear customer, your HDFC account will be blocked today. Update KYC at http://verify-kyc.in"
spam,Reward points worth Rs 10000 expiring now. Redeem at http://verify-kyc.in
spam,Electricity bill pending of Rs 5000. Pay immediately at http://reward-claim.in
spam,Parcel on hold. Update address immediately at http://bank-alert.in
spam,Pre-approved loan of Rs 500000. Apply today.
spam,SIM card will be blocked immediately. Update details at http://bank-alert.in
spam,Electricity bill pending of Rs 10000. Pay urgent at http://verify-kyc.in
spam,Reward points worth Rs 1000 expiring today. Redeem at http://bank-alert.in
spam,SIM card will be blocked within 10 minutes. Update details at http://reward-claim.in
spam,Pre-approved loan of Rs 500. Apply now.
ham,Happy Birthday!
ham,Meeting postponed to tomorrow 10 am.
spam,RBI alert: Suspicious activity detected. Verify within 10 minutes.
spam,KYC incomplete for Axis Bank. Submit documents now.
spam,Income tax refund Rs 10000 approved. Claim today.
spam,Your ATM card blocked. Share OTP urgent.
spam,SIM card will be blocked now. Update details at http://reward-claim.in
ham,Meeting moved to 5 pm today. https://maps.google.com
ham,Your order from Amazon is delivered.
spam,"Your account credited with Rs 25000. If not you, report now."
spam,Income tax refund Rs 5000 approved. Claim today.
spam,"Dear customer, your Axis Bank account will be blocked within 10 minutes. Update KYC at http://bank-alert.in"
spam,PAN not linked with Aadhaar. Update within 10 minutes.
ham,Your bank transaction of Rs 2500000 is successful.
spam,RBI alert: Suspicious activity detected. Verify within 10 minutes.
spam,Your ATM card blocked. Share OTP today.
spam,Your ATM card blocked. Share OTP immediately.
ham,Train arriving at 7 pm.
ham,Call me when you reach home. https://meet.google.com/abc-defg-hij
spam,KYC incomplete for Bank of Baroda. Submit documents today.
spam,SIM card will be blocked within 10 minutes. Update details at http://secure-update.in
ham,Please send the notes.
spam,Your ATM card blocked. Share OTP today.
spam,Congratulations! You won Rs 500. Claim within 10 minutes.
ham,Happy Birthday!
spam,Your ATM card blocked. Share OTP now.
spam,Reward points worth Rs 10000 expiring urgent. Redeem at http://bank-alert.in
ham,Dinner at 8 pm?
ham,Did you check the document I shared?
spam,"Dear customer, your HDFC account will be blocked urgent. Update KYC at http://verify-kyc.in"
spam,Electricity bill pending of Rs 5000. Pay immediately at http://verify-kyc.in
spam,Parcel on hold. Update address now at http://bank-alert.in
spam,Job offer confirmed. Pay registration fee Rs 500000 immediately.
spam,Pre-approved loan of Rs 500. Apply today.
ham,Meeting postponed to tomorrow 10 am.
ham,Did you check the document I shared? https://maps.google.com
ham,Office meeting link shared on WhatsApp.
spam,Electricity bill pending of Rs 500000. Pay within 10 minutes at http://secure-update.in
ham,"Reached safely, call you later."
spam,Pre-approved loan of Rs 25000. Apply immediately.
spam,KYC incomplete for Bank of Baroda. Submit documents immediately.
ham,Your order from Amazon is delivered.
spam,RBI alert: Suspicious activity detected. Verify today.
ham,Movie plan at 6 pm?
spam,KYC incomplete for HDFC. Submit documents urgent.
ham,I'm outside your house. https://maps.google.com
spam,Job offer confirmed. Pay registration fee Rs 500000 today.
ham,Meeting postponed to tomorrow 10 am.
spam,PAN not linked with Aadhaar. Update now.
spam,"Dear customer, your PNB account will be blocked immediately. Update KYC at http://upi-check.in"
ham,Meeting postponed to tomorrow 10 am.
ham,I'm outside your house.
ham,Electricity bill payment of Rs 1000 received.
spam,Parcel on hold. Update address urgent at http://secure-update.in
spam,PAN not linked with Aadhaar. Update urgent.
spam,SIM card will be blocked within 10 minutes. Update details at http://verify-kyc.in
spam,Reward points worth Rs 10000 expiring urgent. Redeem at http://upi-check.in
spam,Reward points worth Rs 10000 expiring now. Redeem at http://bank-alert.in
ham,Let's go for dinner tonight.
spam,Pre-approved loan of Rs 5000. Apply within 10 minutes.
spam,Electricity bill pending of Rs 500. Pay urgent at http://verify-kyc.in
ham,Train arriving at 7 pm.
spam,RBI alert: Suspicious activity detected. Verify today.
spam,"Your account credited with Rs 500. If not you, report urgent."
spam,Your UPI ID hitesh@upi is suspended. Verify urgent.
spam,"Dear customer, your HDFC account will be blocked urgent. Update KYC at http://bank-alert.in"
ham,"Reached safely, call you later."
spam,Electricity bill pending of Rs 25000. Pay urgent at http://bank-alert.in
spam,Your ATM card blocked. Share OTP now.
spam,Reward points worth Rs 5000 expiring now. Redeem at http://reward-claim.in
spam,"Dear customer, your PNB account will be blocked now. Update KYC at http://bank-alert.in"
ham,Train arriving at 7 pm.
spam,Electricity bill pending of Rs 5000. Pay within 10 minutes at http://bank-alert.in
spam,Reward points worth Rs 500000 expiring immediately. Redeem at http://reward-claim.in
spam,Pre-approved loan of Rs 500. Apply urgent.
spam,RBI alert: Suspicious activity detected. Verify within 10 minutes.
spam,Job offer confirmed. Pay registration fee Rs 25000 urgent.
spam,"Dear customer, your ICICI account will be blocked now. Update KYC at http://bank-alert.in"
spam,Parcel on hold. Update address immediately at http://verify-kyc.in
ham,Office meeting link shared on WhatsApp.
spam,Parcel on hold. Update address today at http://verify-kyc.in
spam,PAN not linked with Aadhaar. Update immediately.
spam,SIM card will be blocked now. Update details at http://bank-alert.in
spam,RBI alert: Suspicious activity detected. Verify now.
spam,Reward points worth Rs 10000 expiring within 10 minutes. Redeem at http://verify-kyc.in
spam,Income tax refund Rs 10000 approved. Claim urgent.
ham,I'm outside your house. https://amazon.in
spam,Your UPI ID hitesh@upi is suspended. Verify within 10 minutes.
spam,PAN not linked with Aadhaar. Update today.
spam,Your ATM card blocked. Share OTP urgent.
spam,Congratulations! You won Rs 5000. Claim today.
spam,Pre-approved loan of Rs 10000. Apply immediately.
spam,"Your account credited with Rs 1000. If not you, report urgent."
spam,KYC incomplete for PNB. Submit documents now.
spam,KYC incomplete for HDFC. Submit documents within 10 minutes.
spam,Reward points worth Rs 5000 expiring now. Redeem at http://secure-update.in
spam,Your ATM card blocked. Share OTP immediately.
spam,SIM card will be blocked today. Update details at http://verify-kyc.in
spam,RBI alert: Suspicious activity detected. Verify now.
spam,Income tax refund Rs 500 approved. Claim immediately.
spam,"Your account credited with Rs 5000. If not you, report within 10 minutes."
spam,Your UPI ID rahul@ybl is suspended. Verify immediately.
spam,Parcel on hold. Update address urgent at http://upi-check.in
spam,KYC incomplete for ICICI. Submit documents today.
spam,"Your account credited with Rs 1000. If not you, report immediately."
ham,Let's go for dinner tonight.
ham,"Reached safely, call you later."
ham,"Reached safely, call you later."
spam,Parcel on hold. Update address urgent at http://reward-claim.in
spam,PAN not linked with Aadhaar. Update within 10 minutes.
spam,Electricity bill pending of Rs 500. Pay today at http://verify-kyc.in
spam,Congratulations! You won Rs 10000. Claim now.
spam,"Dear customer, your Bank of Baroda account will be blocked immediately. Update KYC at http://reward-claim.in"
spam,RBI alert: Suspicious activity detected. Verify now.
spam,KYC incomplete for SBI. Submit documents urgent.
spam,Income tax refund Rs 25000 approved. Claim within 10 minutes.
ham,Dinner at 8 pm?
spam,Your UPI ID amit@paytm is suspended. Verify now.
spam,Parcel on hold. Update address today at http://reward-claim.in
ham,Office meeting link shared on WhatsApp.
spam,SIM card will be blocked within 10 minutes. Update details at http://verify-kyc.in
spam,Your ATM card blocked. Share OTP within 10 minutes.
spam,"Your account credited with Rs 1000. If not you, report urgent."
spam,"Your account credited with Rs 500000. If not you, report within 10 minutes."
ham,Let's go for dinner tonight.
spam,Pre-approved loan of Rs 10000. Apply now.
spam,Your ATM card blocked. Share OTP urgent.
spam,Pre-approved loan of Rs 500000. Apply within 10 minutes.
ham,Please send the notes.
spam,Your UPI ID user@okaxis is suspended. Verify today.
spam,RBI alert: Suspicious activity detected. Verify now.
spam,Your UPI ID hitesh@upi is suspended. Verify within 10 minutes.
ham,Your order from Amazon is delivered.
spam,"Your account credited with Rs 5000. If not you, report today."
spam,Pre-approved loan of Rs 25000. Apply within 10 minutes.
spam,Electricity bill pending of Rs 10000. Pay now at http://bank-alert.in
ham,"Send me 100 rs for the cab, I'll return later."
spam,Your ATM card blocked. Share OTP urgent.
spam,Parcel on hold. Update address within 10 minutes at http://reward-claim.in
ham,Happy Birthday!
spam,"Your account credited with Rs 1000. If not you, report today."
ham,I'm outside your house. https://youtube.com
spam,"Dear customer, your Axis Bank account will be blocked within 10 minutes. Update KYC at http://upi-check.in"
spam,Income tax refund Rs 1000 approved. Claim urgent.
ham,Electricity bill payment of Rs 2500000 received.
spam,Congratulations! You won Rs 500000. Claim now.
spam,Congratulations! You won Rs 10000. Claim today.
spam,Your ATM card blocked. Share OTP immediately.
ham,Please send the notes.
spam,Electricity bill pending of Rs 500000. Pay urgent at http://verify-kyc.in
spam,SIM card will be blocked immediately. Update details at http://secure-update.in
spam,Income tax refund Rs 500 approved. Claim within 10 minutes.
spam,Your UPI ID hitesh@upi is suspended. Verify urgent.
spam,Job offer confirmed. Pay registration fee Rs 500000 urgent.
spam,Your ATM card blocked. Share OTP within 10 minutes.
ham,I'm outside your house. https://meet.google.com/abc-defg-hij
spam,Parcel on hold. Update address immediately at http://secure-update.in
spam,Pre-approved loan of Rs 10000. Apply immediately.
spam,Your ATM card blocked. Share OTP within 10 minutes.
spam,SIM card will be blocked within 10 minutes. Update details at http://secure-update.in
ham,"Reached safely, call you later."
spam,Job offer confirmed. Pay registration fee Rs 2500000 now.
ham,I will reach home in 20 minutes.
spam,Electricity bill pending of Rs 500000. Pay immediately at http://upi-check.in
spam,SIM card will be blocked immediately. Update details at http://verify-kyc.in
spam,Pre-approved loan of Rs 2500000. Apply urgent.
spam,Your ATM card blocked. Share OTP immediately.
spam,"Dear customer, your ICICI account will be blocked immediately. Update KYC at http://bank-alert.in"
ham,Your bank transaction of Rs 10000 is successful.
spam,Reward points worth Rs 2500000 expiring within 10 minutes. Redeem at http://reward-claim.in
ham,Assignment deadline is Monday.
spam,Congratulations! You won Rs 5000. Claim today.
ham,Train arriving at 7 pm.
ham,Your order from Amazon is delivered.
spam,Income tax refund Rs 500 approved. Claim within 10 minutes.
spam,RBI alert: Suspicious activity detected. Verify now.
ham,"Send me 100 rs for the cab, I'll return later. https://maps.google.com"
spam,Your UPI ID amit@paytm is suspended. Verify today.
spam,Income tax refund Rs 2500000 approved. Claim immediately.
ham,Dinner at 8 pm?
spam,KYC incomplete for HDFC. Submit documents urgent.
spam,Congratulations! You won Rs 2500000. Claim immediately.
spam,Pre-approved loan of Rs 10000. Apply urgent.
spam,Parcel on hold. Update address within 10 minutes at http://upi-check.in
spam,Income tax refund Rs 10000 approved. Claim today.
spam,Your ATM card blocked. Share OTP today.
spam,KYC incomplete for HDFC. Submit documents immediately.
spam,Job offer confirmed. Pay registration fee Rs 5000 now.
ham,Office meeting link shared on WhatsApp.
spam,"Dear customer, your HDFC account will be blocked immediately. Update KYC at http://secure-update.in"
spam,"Your account credited with Rs 10000. If not you, report now."
spam,Job offer confirmed. Pay registration fee Rs 2500000 urgent.
spam,"Your account credited with Rs 500000. If not you, report immediately."
ham,Your bank transaction of Rs 1000 is successful.
spam,PAN not linked with Aadhaar. Update today.
spam,Your UPI ID rahul@ybl is suspended. Verify urgent.
spam,PAN not linked with Aadhaar. Update now.
ham,Are you free today? https://youtube.com
ham,Dinner at 8 pm?
spam,PAN not linked with Aadhaar. Update now.
spam,Electricity bill pending of Rs 10000. Pay within 10 minutes at http://verify-kyc.in
spam,PAN not linked with Aadhaar. Update now.
ham,Happy Birthday!
spam,RBI alert: Suspicious activity detected. Verify today.
ham,Your bank transaction of Rs 500000 is successful.
spam,RBI alert: Suspicious activity detected. Verify urgent.
spam,Parcel on hold. Update address within 10 minutes at http://reward-claim.in
ham,Happy Birthday!
spam,Pre-approved loan of Rs 10000. Apply within 10 minutes.
spam,Reward points worth Rs 1000 expiring immediately. Redeem at http://upi-check.in
spam,Electricity bill pending of Rs 500000. Pay immediately at http://upi-check.in
spam,Your UPI ID hitesh@upi is suspended. Verify within 10 minutes.
ham,Did you check the document I shared? https://amazon.in
spam,KYC incomplete for Axis Bank. Submit documents today.
ham,Meeting postponed to tomorrow 10 am.
spam,"Dear customer, your HDFC account will be blocked within 10 minutes. Update KYC at http://reward-claim.in"
spam,RBI alert: Suspicious activity detected. Verify within 10 minutes.
spam,Parcel on hold. Update address today at http://secure-update.in
spam,Your ATM card blocked. Share OTP now.
spam,KYC incomplete for SBI. Submit documents now.
spam,Income tax refund Rs 500000 approved. Claim within 10 minutes.
spam,Job offer confirmed. Pay registration fee Rs 25000 today.
spam,SIM card will be blocked immediately. Update details at http://secure-update.in
spam,RBI alert: Suspicious activity detected. Verify now.
spam,Reward points worth Rs 500 expiring today. Redeem at http://upi-check.in
spam,Your ATM card blocked. Share OTP today.
spam,Reward points worth Rs 500 expiring now. Redeem at http://verify-kyc.in
spam,Your UPI ID hitesh@upi is suspended. Verify immediately.
spam,Job offer confirmed. Pay registration fee Rs 25000 within 10 minutes.
ham,Meeting moved to 5 pm today.
spam,RBI alert: Suspicious activity detected. Verify now.
spam,Reward points worth Rs 10000 expiring within 10 minutes. Redeem at http://upi-check.in
spam,SIM card will be blocked immediately. Update details at http://upi-check.in
spam,"Your account credited with Rs 1000. If not you, report today."
spam,RBI alert: Suspicious activity detected. Verify urgent.
ham,Your order from Amazon is delivered.
spam,Reward points worth Rs 500 expiring urgent. Redeem at http://secure-update.in
spam,RBI alert: Suspicious activity detected. Verify immediately.
ham,Happy Birthday!
ham,Assignment deadline is Monday.
ham,Are you free today?
spam,"Your account credited with Rs 5000. If not you, report today."
spam,Your ATM card blocked. Share OTP urgent.
spam,Job offer confirmed. Pay registration fee Rs 25000 now.
spam,Pre-approved loan of Rs 500000. Apply immediately.
spam,Income tax refund Rs 5000 approved. Claim today.
ham,Did you check the document I shared?
spam,"Dear customer, your SBI account will be blocked immediately. Update KYC at http://upi-check.in"
spam,Your UPI ID rahul@ybl is suspended. Verify immediately.
spam,Income tax refund Rs 10000 approved. Claim urgent.
ham,Did you check the document I shared?
spam,PAN not linked with Aadhaar. Update immediately.
spam,Pre-approved loan of Rs 5000. Apply within 10 minutes.
ham,Can you bring milk on the way back?
spam,Electricity bill pending of Rs 500000. Pay now at http://secure-update.in
spam,Income tax refund Rs 5000 approved. Claim now.
spam,PAN not linked with Aadhaar. Update urgent.
ham,Assignment deadline is Monday.
spam,RBI alert: Suspicious activity detected. Verify today.
spam,PAN not linked with Aadhaar. Update now.
spam,Job offer confirmed. Pay registration fee Rs 1000 urgent.
spam,Your ATM card blocked. Share OTP now.
spam,KYC incomplete for SBI. Submit documents immediately.
ham,Happy Birthday!
spam,Your UPI ID hitesh@upi is suspended. Verify now.
spam,Your ATM card blocked. Share OTP immediately.
spam,Electricity bill pending of Rs 5000. Pay now at http://upi-check.in
spam,Job offer confirmed. Pay registration fee Rs 500000 immediately.
spam,SIM card will be blocked urgent. Update details at http://upi-check.in
spam,SIM card will be blocked today. Update details at http://reward-claim.in
ham,Recharge successful for Rs 25000.
spam,Electricity bill pending of Rs 500. Pay within 10 minutes at http://reward-claim.in
spam,SIM card will be blocked immediately. Update details at http://upi-check.in
spam,Congratulations! You won Rs 10000. Claim today.
ham,Are you free today?
spam,Electricity bill pending of Rs 500. Pay now at http://verify-kyc.in
spam,PAN not linked with Aadhaar. Update immediately.
spam,Pre-approved loan of Rs 500000. Apply now.
spam,"Your account credited with Rs 1000. If not you, report today."
ham,"Reached safely, call you later."
spam,Pre-approved loan of Rs 500000. Apply within 10 minutes.
ham,Meeting postponed to tomorrow 10 am.
ham,Movie plan at 6 pm?
spam,Parcel on hold. Update address today at http://verify-kyc.in
spam,"Your account credited with Rs 500000. If not you, report urgent."
spam,PAN not linked with Aadhaar. Update now.
ham,Call me when you reach home. https://drive.google.com/file
spam,Congratulations! You won Rs 5000. Claim now.
ham,Can you bring milk on the way back?
ham,Call me when you reach home. https://drive.google.com/file
ham,Let's meet tomorrow evening. https://drive.google.com/file
spam,"Your account credited with Rs 1000. If not you, report now."
spam,KYC incomplete for SBI. Submit documents urgent.
ham,Let's go for dinner tonight.
spam,Electricity bill pending of Rs 5000. Pay within 10 minutes at http://bank-alert.in
spam,Pre-approved loan of Rs 25000. Apply urgent.
spam,"Dear customer, your HDFC account will be blocked today. Update KYC at http://verify-kyc.in"
spam,SIM card will be blocked now. Update details at http://bank-alert.in
spam,Job offer confirmed. Pay registration fee Rs 2500000 today.
spam,Reward points worth Rs 1000 expiring immediately. Redeem at http://upi-check.in
spam,SIM card will be blocked today. Update details at http://secure-update.in
spam,Congratulations! You won Rs 1000. Claim urgent.
spam,Congratulations! You won Rs 25000. Claim immediately.
spam,"Dear customer, your ICICI account will be blocked urgent. Update KYC at http://upi-check.in"
ham,Assignment deadline is Monday.
spam,Congratulations! You won Rs 500. Claim immediately.
ham,Let's go for dinner tonight.
ham,Happy Birthday!
spam,SIM card will be blocked immediately. Update details at http://reward-claim.in
spam,"Dear customer, your Bank of Baroda account will be blocked today. Update KYC at http://bank-alert.in"
spam,PAN not linked with Aadhaar. Update immediately.
spam,SIM card will be blocked now. Update details at http://secure-update.in
spam,Job offer confirmed. Pay registration fee Rs 500000 within 10 minutes.
spam,Your UPI ID amit@paytm is suspended. Verify urgent.
ham,Assignment deadline is Monday.
spam,Your UPI ID rahul@ybl is suspended. Verify immediately.
spam,Job offer confirmed. Pay registration fee Rs 10000 urgent.
spam,Pre-approved loan of Rs 5000. Apply immediately.
spam,RBI alert: Suspicious activity detected. Verify now.
spam,"Dear customer, your Axis Bank account will be blocked within 10 minutes. Update KYC at http://upi-check.in"
spam,KYC incomplete for ICICI. Submit documents within 10 minutes.
ham,Your order from Amazon is delivered.
spam,PAN not linked with Aadhaar. Update within 10 minutes.
spam,"Your account credited with Rs 25000. If not you, report immediately."
ham,Your order from Amazon is delivered.
ham,Let's go for dinner tonight.
spam,Job offer confirmed. Pay registration fee Rs 500000 immediately.
ham,Can you bring milk on the way back?
spam,Reward points worth Rs 1000 expiring today. Redeem at http://bank-alert.in
spam,Reward points worth Rs 10000 expiring immediately. Redeem at http://bank-alert.in
ham,Movie plan at 6 pm?
spam,"Your account credited with Rs 1000. If not you, report today."
ham,Dinner at 8 pm? https://amazon.in
ham,Did you check the document I shared?
ham,Movie plan at 6 pm?
spam,SIM card will be blocked now. Update details at http://secure-update.in
ham,Happy Birthday!
spam,Job offer confirmed. Pay registration fee Rs 500000 now.
spam,PAN not linked with Aadhaar. Update today.
spam,Job offer confirmed. Pay registration fee Rs 2500000 within 10 minutes.
ham,Movie plan at 6 pm?
ham,Assignment deadline is Monday.
spam,"Your account credited with Rs 10000. If not you, report immediately."
ham,Call me when you reach home.
spam,Reward points worth Rs 2500000 expiring urgent. Redeem at http://reward-claim.in
ham,Please send the notes.
spam,Your ATM card blocked. Share OTP now.
spam,Congratulations! You won Rs 500000. Claim within 10 minutes.
spam,Your ATM card blocked. Share OTP immediately.
spam,"Dear customer, your HDFC account will be blocked within 10 minutes. Update KYC at http://upi-check.in"
spam,Job offer confirmed. Pay registration fee Rs 10000 now.
ham,Assignment deadline is Monday.
ham,Dinner at 8 pm?
spam,KYC incomplete for Axis Bank. Submit documents immediately.
ham,Office meeting link shared on WhatsApp.
spam,Parcel on hold. Update address urgent at http://bank-alert.in
ham,Call me when you reach home.
spam,Reward points worth Rs 500 expiring within 10 minutes. Redeem at http://bank-alert.in
ham,"Send me 100 rs for the cab, I'll return later."
ham,Where are you right now? https://meet.google.com/abc-defg-hij
spam,Pre-approved loan of Rs 1000. Apply now.
spam,SIM card will be blocked immediately. Update details at http://verify-kyc.in
spam,KYC incomplete for ICICI. Submit documents urgent.
spam,PAN not linked with Aadhaar. Update within 10 minutes.
spam,Parcel on hold. Update address now at http://verify-kyc.in
spam,RBI alert: Suspicious activity detected. Verify within 10 minutes.
spam,"Dear customer, your PNB account will be blocked urgent. Update KYC at http://reward-claim.in"
ham,Where are you right now?
spam,KYC incomplete for PNB. Submit documents within 10 minutes.
spam,Congratulations! You won Rs 25000. Claim now.
spam,KYC incomplete for HDFC. Submit documents urgent.
ham,Train arriving at 7 pm.
ham,Assignment deadline is Monday.
spam,Parcel on hold. Update address urgent at http://reward-claim.in
ham,Let's go for dinner tonight.
spam,Congratulations! You won Rs 5000. Claim today.
ham,I will reach home in 20 minutes.
spam,Parcel on hold. Update address immediately at http://reward-claim.in
spam,Job offer confirmed. Pay registration fee Rs 25000 today.
spam,PAN not linked with Aadhaar. Update immediately.
spam,"Dear customer, your HDFC account will be blocked within 10 minutes. Update KYC at http://verify-kyc.in"
spam,Reward points worth Rs 500000 expiring now. Redeem at http://reward-claim.in
spam,PAN not linked with Aadhaar. Update now.
spam,Parcel on hold. Update address immediately at http://upi-check.in
spam,Job offer confirmed. Pay registration fee Rs 2500000 within 10 minutes.
spam,Parcel on hold. Update address within 10 minutes at http://upi-check.in
ham,Train arriving at 7 pm.
spam,Pre-approved loan of Rs 500000. Apply urgent.
spam,Parcel on hold. Update address now at http://upi-check.in
ham,Electricity bill payment of Rs 500 received.
ham,Electricity bill payment of Rs 500000 received.
spam,Reward points worth Rs 25000 expiring now. Redeem at http://reward-claim.in
ham,Call me when you reach home.
ham,See you in college tomorrow.
spam,"Dear customer, your PNB account will be blocked within 10 minutes. Update KYC at http://reward-claim.in"
spam,Reward points worth Rs 500000 expiring urgent. Redeem at http://verify-kyc.in
ham,Let's go for dinner tonight.
spam,Income tax refund Rs 1000 approved. Claim within 10 minutes.
ham,Recharge successful for Rs 1000.
spam,Job offer confirmed. Pay registration fee Rs 10000 today.
ham,Train arriving at 7 pm.
spam,KYC incomplete for Axis Bank. Submit documents urgent.
ham,Let's go for dinner tonight.
ham,"Send me 100 rs for the cab, I'll return later. https://youtube.com"
spam,Job offer confirmed. Pay registration fee Rs 500 urgent.
ham,Recharge successful for Rs 500000.
spam,Pre-approved loan of Rs 5000. Apply within 10 minutes.
spam,Job offer confirmed. Pay registration fee Rs 1000 now.
ham,Your order from Amazon is delivered.
ham,Recharge successful for Rs 25000.
spam,KYC incomplete for PNB. Submit documents within 10 minutes.
ham,"Reached safely, call you later."
spam,RBI alert: Suspicious activity detected. Verify within 10 minutes.
spam,KYC incomplete for Axis Bank. Submit documents now.
ham,Train arriving at 7 pm.
spam,KYC incomplete for HDFC. Submit documents immediately.
spam,Your UPI ID hitesh@upi is suspended. Verify within 10 minutes.
spam,Job offer confirmed. Pay registration fee Rs 2500000 within 10 minutes.
ham,Movie plan at 6 pm?
ham,Did you check the document I shared?
spam,Job offer confirmed. Pay registration fee Rs 5000 within 10 minutes.
spam,Reward points worth Rs 1000 expiring now. Redeem at http://bank-alert.in
ham,Please send the notes.
ham,Can you bring milk on the way back?
spam,RBI alert: Suspicious activity detected. Verify urgent.
spam,Electricity bill pending of Rs 500000. Pay immediately at http://verify-kyc.in
ham,Train arriving at 7 pm.
ham,Happy Birthday!
ham,Recharge successful for Rs 25000.
spam,Congratulations! You won Rs 1000. Claim immediately.
spam,Congratulations! You won Rs 500. Claim today.
spam,Parcel on hold. Update address now at http://upi-check.in
spam,KYC incomplete for Bank of Baroda. Submit documents now.
spam,PAN not linked with Aadhaar. Update now.
spam,Job offer confirmed. Pay registration fee Rs 500 urgent.
spam,Your UPI ID user@okaxis is suspended. Verify immediately.
spam,Job offer confirmed. Pay registration fee Rs 10000 today.
spam,Congratulations! You won Rs 1000. Claim now.
spam,Congratulations! You won Rs 500000. Claim today.
spam,Pre-approved loan of Rs 10000. Apply within 10 minutes.
spam,"Your account credited with Rs 5000. If not you, report within 10 minutes."
ham,Happy Birthday!
spam,Congratulations! You won Rs 1000. Claim immediately.
spam,"Dear customer, your Axis Bank account will be blocked urgent. Update KYC at http://secure-update.in"
ham,Dinner at 8 pm?
spam,KYC incomplete for Bank of Baroda. Submit documents immediately.
ham,"Send me 100 rs for the cab, I'll return later. https://maps.google.com"
ham,Did you check the document I shared? https://maps.google.com
ham,Train arriving at 7 pm.
ham,Movie plan at 6 pm?
ham,Your bank transaction of Rs 5000 is successful.
spam,KYC incomplete for Bank of Baroda. Submit documents today.
spam,Pre-approved loan of Rs 1000. Apply within 10 minutes.
spam,Your UPI ID amit@paytm is suspended. Verify urgent.
spam,Reward points worth Rs 25000 expiring today. Redeem at http://bank-alert.in
spam,Your ATM card blocked. Share OTP today.
spam,Job offer confirmed. Pay registration fee Rs 25000 immediately.
ham,Assignment deadline is Monday.
spam,RBI alert: Suspicious activity detected. Verify now.
spam,Job offer confirmed. Pay registration fee Rs 500 today.
spam,SIM card will be blocked today. Update details at http://bank-alert.in
spam,Job offer confirmed. Pay registration fee Rs 500 within 10 minutes.
spam,RBI alert: Suspicious activity detected. Verify within 10 minutes.
spam,Electricity bill pending of Rs 500000. Pay within 10 minutes at http://verify-kyc.in
spam,Your UPI ID amit@paytm is suspended. Verify today.
spam,Congratulations! You won Rs 1000. Claim today.
spam,Income tax refund Rs 500 approved. Claim immediately.
ham,Your bank transaction of Rs 500 is successful.
spam,Electricity bill pending of Rs 5000. Pay urgent at http://bank-alert.in
spam,SIM card will be blocked now. Update details at http://bank-alert.in
spam,Pre-approved loan of Rs 500. Apply within 10 minutes.
ham,Office meeting link shared on WhatsApp.
ham,Electricity bill payment of Rs 25000 received.
ham,I will reach home in 20 minutes.
spam,KYC incomplete for SBI. Submit documents now.
ham,Happy Birthday!
spam,RBI alert: Suspicious activity detected. Verify urgent.
spam,"Dear customer, your Axis Bank account will be blocked urgent. Update KYC at http://upi-check.in"
ham,Let's go for dinner tonight.
spam,RBI alert: Suspicious activity detected. Verify urgent.
ham,Call me when you reach home.
spam,Reward points worth Rs 25000 expiring urgent. Redeem at http://verify-kyc.in
spam,Pre-approved loan of Rs 5000. Apply urgent.
ham,I'm outside your house. https://drive.google.com/file
spam,Congratulations! You won Rs 2500000. Claim within 10 minutes.
ham,Electricity bill payment of Rs 500000 received.
spam,Your UPI ID user@okaxis is suspended. Verify urgent.
spam,RBI alert: Suspicious activity detected. Verify immediately.
spam,PAN not linked with Aadhaar. Update within 10 minutes.
spam,KYC incomplete for Bank of Baroda. Submit documents urgent.
spam,Your ATM card blocked. Share OTP urgent.
ham,Your bank transaction of Rs 500000 is successful.
spam,Reward points worth Rs 500000 expiring immediately. Redeem at http://upi-check.in
spam,"Dear customer, your Bank of Baroda account will be blocked today. Update KYC at http://verify-kyc.in"
spam,Electricity bill pending of Rs 1000. Pay now at http://upi-check.in
spam,Job offer confirmed. Pay registration fee Rs 5000 now.
ham,"Reached safely, call you later."
ham,Electricity bill payment of Rs 500 received.
spam,Job offer confirmed. Pay registration fee Rs 2500000 today.
ham,Let's go for dinner tonight.
ham,Let's go for dinner tonight.
spam,Parcel on hold. Update address within 10 minutes at http://upi-check.in
ham,Please send the notes.
spam,Parcel on hold. Update address immediately at http://upi-check.in
spam,Parcel on hold. Update address immediately at http://secure-update.in
ham,Assignment deadline is Monday.
spam,Congratulations! You won Rs 25000. Claim within 10 minutes.
spam,Pre-approved loan of Rs 5000. Apply urgent.
ham,Please send the notes.
spam,RBI alert: Suspicious activity detected. Verify now.
ham,Movie plan at 6 pm?
ham,Your bank transaction of Rs 5000 is successful.
ham,I will reach home in 20 minutes.
spam,Parcel on hold. Update address immediately at http://bank-alert.in
ham,Meeting moved to 5 pm today. https://meet.google.com/abc-defg-hij
spam,Parcel on hold. Update address within 10 minutes at http://bank-alert.in
spam,Pre-approved loan of Rs 500. Apply now.
spam,PAN not linked with Aadhaar. Update now.
ham,I will reach home in 20 minutes.
spam,Parcel on hold. Update address immediately at http://verify-kyc.in
spam,RBI alert: Suspicious activity detected. Verify within 10 minutes.
ham,"Send me 100 rs for the cab, I'll return later. https://amazon.in"
spam,Pre-approved loan of Rs 1000. Apply immediately.
spam,"Dear customer, your HDFC account will be blocked within 10 minutes. Update KYC at http://bank-alert.in"
spam,"Dear customer, your HDFC account will be blocked within 10 minutes. Update KYC at http://bank-alert.in"
ham,Are you free today? https://drive.google.com/file
ham,Call me when you reach home.
ham,Please send the notes.
spam,Your ATM card blocked. Share OTP now.
spam,SIM card will be blocked today. Update details at http://reward-claim.in
spam,Your ATM card blocked. Share OTP today.
ham,Your bank transaction of Rs 2500000 is successful.
spam,Reward points worth Rs 500000 expiring now. Redeem at http://verify-kyc.in
ham,See you in college tomorrow.
spam,SIM card will be blocked immediately. Update details at http://secure-update.in
spam,Your ATM card blocked. Share OTP immediately.
spam,Pre-approved loan of Rs 10000. Apply urgent.
spam,Electricity bill pending of Rs 500000. Pay within 10 minutes at http://verify-kyc.in
spam,Parcel on hold. Update address immediately at http://secure-update.in
spam,Income tax refund Rs 500000 approved. Claim urgent.
spam,Parcel on hold. Update address within 10 minutes at http://bank-alert.in
ham,Train arriving at 7 pm.
ham,Recharge successful for Rs 500.
ham,Assignment deadline is Monday.
ham,I'm outside your house.
spam,Congratulations! You won Rs 25000. Claim immediately.
ham,Recharge successful for Rs 25000.
spam,RBI alert: Suspicious activity detected. Verify urgent.
spam,Job offer confirmed. Pay registration fee Rs 5000 immediately.
ham,Let's go for dinner tonight.
spam,SIM card will be blocked urgent. Update details at http://secure-update.in
spam,Congratulations! You won Rs 5000. Claim now.
ham,Where are you right now?
ham,Meeting moved to 5 pm today. https://youtube.com
ham,"Reached safely, call you later."
spam,KYC incomplete for ICICI. Submit documents today.
spam,Parcel on hold. Update address now at http://verify-kyc.in
spam,Income tax refund Rs 500000 approved. Claim today.
spam,Congratulations! You won Rs 5000. Claim today.
spam,Income tax refund Rs 500 approved. Claim within 10 minutes.
spam,KYC incomplete for SBI. Submit documents urgent.
ham,Office meeting link shared on WhatsApp.
spam,PAN not linked with Aadhaar. Update today.
spam,"Your account credited with Rs 500000. If not you, report immediately."
spam,Pre-approved loan of Rs 500000. Apply now.
spam,SIM card will be blocked within 10 minutes. Update details at http://bank-alert.in
spam,Job offer confirmed. Pay registration fee Rs 25000 within 10 minutes.
spam,Income tax refund Rs 500000 approved. Claim within 10 minutes.
spam,Pre-approved loan of Rs 1000. Apply immediately.
spam,Your UPI ID amit@paytm is suspended. Verify today.
spam,Pre-approved loan of Rs 500000. Apply now.
spam,Pre-approved loan of Rs 500. Apply within 10 minutes.
spam,SIM card will be blocked today. Update details at http://bank-alert.in
spam,SIM card will be blocked today. Update details at http://bank-alert.in
spam,"Dear customer, your HDFC account will be blocked urgent. Update KYC at http://reward-claim.in"
spam,Income tax refund Rs 2500000 approved. Claim within 10 minutes.
spam,Parcel on hold. Update address today at http://reward-claim.in
spam,KYC incomplete for Bank of Baroda. Submit documents now.
spam,"Your account credited with Rs 2500000. If not you, report now."
ham,See you in college tomorrow.
spam,Your UPI ID amit@paytm is suspended. Verify immediately.
spam,Electricity bill pending of Rs 5000. Pay urgent at http://verify-kyc.in
spam,"Dear customer, your Axis Bank account will be blocked today. Update KYC at http://verify-kyc.in"
ham,Where are you right now? https://meet.google.com/abc-defg-hij
spam,Congratulations! You won Rs 2500000. Claim today.
spam,Congratulations! You won Rs 2500000. Claim immediately.
spam,RBI alert: Suspicious activity detected. Verify immediately.
spam,Congratulations! You won Rs 10000. Claim immediately.
spam,Pre-approved loan of Rs 1000. Apply urgent.
spam,KYC incomplete for HDFC. Submit documents today.
spam,Electricity bill pending of Rs 2500000. Pay now at http://verify-kyc.in
ham,Are you free today? https://youtube.com
spam,Your ATM card blocked. Share OTP today.
ham,I will reach home in 20 minutes.
ham,See you in college tomorrow.
spam,RBI alert: Suspicious activity detected. Verify today.
spam,Pre-approved loan of Rs 10000. Apply now.
spam,Job offer confirmed. Pay registration fee Rs 500 now.
ham,Assignment deadline is Monday.
spam,KYC incomplete for SBI. Submit documents now.
spam,Congratulations! You won Rs 500. Claim immediately.
spam,Income tax refund Rs 1000 approved. Claim urgent.
spam,Your UPI ID hitesh@upi is suspended. Verify now.
spam,Your UPI ID hitesh@upi is suspended. Verify now.
spam,KYC incomplete for Bank of Baroda. Submit documents urgent.
spam,Pre-approved loan of Rs 500000. Apply immediately.
spam,Pre-approved loan of Rs 500000. Apply now.
spam,SIM card will be blocked within 10 minutes. Update details at http://upi-check.in
spam,PAN not linked with Aadhaar. Update now.
spam,PAN not linked with Aadhaar. Update now.
spam,Pre-approved loan of Rs 5000. Apply immediately.
spam,Job offer confirmed. Pay registration fee Rs 1000 within 10 minutes.
ham,Dinner at 8 pm?
spam,PAN not linked with Aadhaar. Update urgent.
ham,Please send the notes.
ham,"Reached safely, call you later."
ham,Did you check the document I shared?
spam,RBI alert: Suspicious activity detected. Verify within 10 minutes.
ham,"Reached safely, call you later."
spam,PAN not linked with Aadhaar. Update within 10 minutes.
spam,Electricity bill pending of Rs 500. Pay urgent at http://upi-check.in
spam,"Your account credited with Rs 25000. If not you, report now."
spam,"Dear customer, your Bank of Baroda account will be blocked now. Update KYC at http://upi-check.in"
spam,KYC incomplete for Bank of Baroda. Submit documents urgent.
spam,RBI alert: Suspicious activity detected. Verify today.
spam,"Your account credited with Rs 1000. If not you, report today."
spam,Pre-approved loan of Rs 500000. Apply immediately.
spam,KYC incomplete for Axis Bank. Submit documents immediately.
spam,KYC incomplete for Bank of Baroda. Submit documents urgent.
spam,Congratulations! You won Rs 2500000. Claim within 10 minutes.
ham,"Send me 100 rs for the cab, I'll return later."
ham,Are you free today?
ham,Office meeting link shared on WhatsApp.
spam,Pre-approved loan of Rs 10000. Apply today.
ham,Meeting postponed to tomorrow 10 am.
spam,Parcel on hold. Update address urgent at http://secure-update.in
ham,Let's meet tomorrow evening. https://drive.google.com/file
spam,Your ATM card blocked. Share OTP urgent.
spam,Electricity bill pending of Rs 10000. Pay urgent at http://bank-alert.in
spam,"Dear customer, your SBI account will be blocked within 10 minutes. Update KYC at http://upi-check.in"
ham,Your order from Amazon is delivered.
ham,Happy Birthday!
ham,Meeting postponed to tomorrow 10 am.
spam,Income tax refund Rs 25000 approved. Claim today.
ham,See you in college tomorrow.
spam,Parcel on hold. Update address urgent at http://reward-claim.in
ham,Train arriving at 7 pm.
spam,Job offer confirmed. Pay registration fee Rs 2500000 today.
spam,Reward points worth Rs 500000 expiring within 10 minutes. Redeem at http://upi-check.in
spam,Job offer confirmed. Pay registration fee Rs 5000 urgent.
spam,SIM card will be blocked today. Update details at http://secure-update.in
spam,Electricity bill pending of Rs 500. Pay within 10 minutes at http://upi-check.in
spam,Income tax refund Rs 2500000 approved. Claim now.
ham,Recharge successful for Rs 2500000.
ham,Let's go for dinner tonight.
spam,Pre-approved loan of Rs 5000. Apply today.
spam,Job offer confirmed. Pay registration fee Rs 25000 immediately.
spam,RBI alert: Suspicious activity detected. Verify today.
ham,Train arriving at 7 pm.
ham,See you in college tomorrow.
spam,RBI alert: Suspicious activity detected. Verify today.
spam,Reward points worth Rs 5000 expiring now. Redeem at http://secure-update.in
spam,Reward points worth Rs 500 expiring within 10 minutes. Redeem at http://bank-alert.in
ham,Recharge successful for Rs 25000.
ham,Call me when you reach home.
spam,Your UPI ID user@okaxis is suspended. Verify immediately.
spam,Electricity bill pending of Rs 25000. Pay urgent at http://bank-alert.in
spam,"Dear customer, your PNB account will be blocked now. Update KYC at http://bank-alert.in"
ham,"Reached safely, call you later."
spam,"Dear customer, your ICICI account will be blocked now. Update KYC at http://secure-update.in"
ham,Did you check the document I shared?
spam,KYC incomplete for ICICI. Submit documents today.
spam,Parcel on hold. Update address urgent at http://reward-claim.in
spam,PAN not linked with Aadhaar. Update today.
spam,Your ATM card blocked. Share OTP now.
ham,Your order from Amazon is delivered.
ham,Let's go for dinner tonight.
spam,Electricity bill pending of Rs 10000. Pay urgent at http://bank-alert.in
spam,"Dear customer, your Bank of Baroda account will be blocked urgent. Update KYC at http://reward-claim.in"
spam,Parcel on hold. Update address urgent at http://bank-alert.in
ham,Meeting postponed to tomorrow 10 am.
spam,Reward points worth Rs 500 expiring immediately. Redeem at http://reward-claim.in
ham,Meeting postponed to tomorrow 10 am.
spam,Income tax refund Rs 2500000 approved. Claim immediately.
spam,Reward points worth Rs 2500000 expiring within 10 minutes. Redeem at http://upi-check.in
spam,Your UPI ID amit@paytm is suspended. Verify urgent.
spam,Parcel on hold. Update address today at http://bank-alert.in
ham,"Reached safely, call you later."
ham,Electricity bill payment of Rs 500000 received.
spam,PAN not linked with Aadhaar. Update immediately.
spam,Income tax refund Rs 1000 approved. Claim now.
spam,KYC incomplete for PNB. Submit documents immediately.
spam,RBI alert: Suspicious activity detected. Verify today.
spam,Income tax refund Rs 500 approved. Claim today.
spam,Your ATM card blocked. Share OTP within 10 minutes.
spam,"Your account credited with Rs 25000. If not you, report today."
spam,Electricity bill pending of Rs 5000. Pay urgent at http://secure-update.in
spam,"Dear customer, your ICICI account will be blocked today. Update KYC at http://verify-kyc.in"
spam,Your UPI ID hitesh@upi is suspended. Verify today.
spam,Income tax refund Rs 25000 approved. Claim urgent.
spam,"Your account credited with Rs 10000. If not you, report immediately."
ham,Happy Birthday!
spam,Electricity bill pending of Rs 2500000. Pay urgent at http://bank-alert.in
spam,Electricity bill pending of Rs 5000. Pay urgent at http://bank-alert.in
spam,Job offer confirmed. Pay registration fee Rs 500 today.
spam,PAN not linked with Aadhaar. Update today.
ham,Assignment deadline is Monday.
spam,RBI alert: Suspicious activity detected. Verify urgent.
spam,KYC incomplete for Axis Bank. Submit documents urgent.
ham,Did you check the document I shared? https://youtube.com
spam,"Dear customer, your Bank of Baroda account will be blocked today. Update KYC at http://verify-kyc.in"
ham,See you in college tomorrow.
spam,Your UPI ID amit@paytm is suspended. Verify today.
ham,Your bank transaction of Rs 500 is successful.
spam,Pre-approved loan of Rs 1000. Apply today.
spam,Congratulations! You won Rs 5000. Claim immediately.
spam,Parcel on hold. Update address immediately at http://verify-kyc.in
spam,Income tax refund Rs 2500000 approved. Claim today.
spam,KYC incomplete for SBI. Submit documents today.
spam,RBI alert: Suspicious activity detected. Verify urgent.
spam,Reward points worth Rs 2500000 expiring immediately. Redeem at http://upi-check.in
ham,Assignment deadline is Monday.
ham,"Send me 100 rs for the cab, I'll return later."
spam,SIM card will be blocked now. Update details at http://verify-kyc.in
spam,Congratulations! You won Rs 500. Claim today.
spam,Congratulations! You won Rs 5000. Claim today.
ham,Let's go for dinner tonight.
spam,"Dear customer, your Bank of Baroda account will be blocked immediately. Update KYC at http://upi-check.in"
spam,Electricity bill pending of Rs 2500000. Pay within 10 minutes at http://bank-alert.in
spam,KYC incomplete for HDFC. Submit documents within 10 minutes.
spam,"Dear customer, your HDFC account will be blocked today. Update KYC at http://secure-update.in"
spam,Your UPI ID amit@paytm is suspended. Verify today.
ham,Call me when you reach home. https://meet.google.com/abc-defg-hij
spam,Electricity bill pending of Rs 5000. Pay immediately at http://verify-kyc.in
spam,KYC incomplete for Axis Bank. Submit documents today.
ham,Office meeting link shared on WhatsApp.
spam,Your UPI ID rahul@ybl is suspended. Verify today.
ham,I will reach home in 20 minutes.
spam,Electricity bill pending of Rs 500. Pay now at http://upi-check.in
spam,SIM card will be blocked immediately. Update details at http://bank-alert.in
ham,Dinner at 8 pm? https://meet.google.com/abc-defg-hij
spam,Income tax refund Rs 10000 approved. Claim now.
ham,Office meeting link shared on WhatsApp.
ham,Your order from Amazon is delivered.
spam,KYC incomplete for PNB. Submit documents urgent.
ham,See you in college tomorrow.
spam,SIM card will be blocked now. Update details at http://secure-update.in
spam,"Your account credited with Rs 10000. If not you, report today."
ham,I will reach home in 20 minutes.
ham,See you in college tomorrow.
spam,KYC incomplete for PNB. Submit documents urgent.
ham,Assignment deadline is Monday.
spam,PAN not linked with Aadhaar. Update within 10 minutes.
ham,"Send me 100 rs for the cab, I'll return later. https://maps.google.com"
ham,Dinner at 8 pm? https://drive.google.com/file
spam,Reward points worth Rs 500 expiring immediately. Redeem at http://verify-kyc.in
spam,Income tax refund Rs 500 approved. Claim urgent.
spam,Job offer confirmed. Pay registration fee Rs 500 now.
spam,Income tax refund Rs 500000 approved. Claim immediately.
spam,KYC incomplete for SBI. Submit documents within 10 minutes.
spam,Your ATM card blocked. Share OTP within 10 minutes.
spam,RBI alert: Suspicious activity detected. Verify within 10 minutes.
ham,Your order from Amazon is delivered.
spam,"Dear customer, your PNB account will be blocked within 10 minutes. Update KYC at http://reward-claim.in"
spam,Your UPI ID user@okaxis is suspended. Verify within 10 minutes.
spam,Your UPI ID rahul@ybl is suspended. Verify urgent.
spam,"Dear customer, your PNB account will be blocked urgent. Update KYC at http://upi-check.in"
ham,Your order from Amazon is delivered.
spam,Parcel on hold. Update address today at http://verify-kyc.in
ham,Your bank transaction of Rs 10000 is successful.
ham,Your order from Amazon is delivered.
ham,Where are you right now?
ham,Did you check the document I shared?
spam,Electricity bill pending of Rs 500000. Pay today at http://bank-alert.in
ham,"Send me 100 rs for the cab, I'll return later."
ham,Recharge successful for Rs 10000.
spam,Your UPI ID hitesh@upi is suspended. Verify immediately.
spam,Reward points worth Rs 10000 expiring within 10 minutes. Redeem at http://secure-update.in
spam,SIM card will be blocked today. Update details at http://upi-check.in
ham,Your order from Amazon is delivered.
spam,RBI alert: Suspicious activity detected. Verify today.
spam,Electricity bill pending of Rs 500000. Pay within 10 minutes at http://secure-update.in
ham,Train arriving at 7 pm.
spam,"Your account credited with Rs 1000. If not you, report now."
ham,Your bank transaction of Rs 2500000 is successful.
spam,SIM card will be blocked now. Update details at http://verify-kyc.in
ham,Happy Birthday!
spam,Reward points worth Rs 2500000 expiring within 10 minutes. Redeem at http://reward-claim.in
spam,Congratulations! You won Rs 5000. Claim today.
spam,Reward points worth Rs 500000 expiring immediately. Redeem at http://secure-update.in
spam,Your ATM card blocked. Share OTP urgent.
spam,Reward points worth Rs 10000 expiring immediately. Redeem at http://upi-check.in
spam,Pre-approved loan of Rs 1000. Apply urgent.
spam,Parcel on hold. Update address within 10 minutes at http://upi-check.in
spam,PAN not linked with Aadhaar. Update within 10 minutes.
spam,Electricity bill pending of Rs 10000. Pay now at http://bank-alert.in
ham,I will reach home in 20 minutes.
ham,Let's go for dinner tonight.
ham,Train arriving at 7 pm.
spam,SIM card will be blocked within 10 minutes. Update details at http://secure-update.in
spam,KYC incomplete for Bank of Baroda. Submit documents immediately.
ham,Are you free today?
spam,SIM card will be blocked immediately. Update details at http://verify-kyc.in
spam,RBI alert: Suspicious activity detected. Verify now.
spam,Your UPI ID amit@paytm is suspended. Verify within 10 minutes.
spam,PAN not linked with Aadhaar. Update now.
ham,Your order from Amazon is delivered.
spam,RBI alert: Suspicious activity detected. Verify within 10 minutes.
spam,Job offer confirmed. Pay registration fee Rs 5000 urgent.
spam,Reward points worth Rs 2500000 expiring immediately. Redeem at http://upi-check.in
spam,RBI alert: Suspicious activity detected. Verify now.
ham,I will reach home in 20 minutes.
spam,Parcel on hold. Update address within 10 minutes at http://upi-check.in
spam,Electricity bill pending of Rs 2500000. Pay urgent at http://upi-check.in
ham,Happy Birthday!
spam,Congratulations! You won Rs 10000. Claim urgent.
spam,Reward points worth Rs 2500000 expiring immediately. Redeem at http://verify-kyc.in
spam,Reward points worth Rs 500 expiring today. Redeem at http://secure-update.in
spam,KYC incomplete for ICICI. Submit documents immediately.
ham,See you in college tomorrow.
ham,Office meeting link shared on WhatsApp.
spam,KYC incomplete for SBI. Submit documents urgent.
spam,PAN not linked with Aadhaar. Update now.
spam,SIM card will be blocked within 10 minutes. Update details at http://upi-check.in
ham,See you in college tomorrow.
spam,RBI alert: Suspicious activity detected. Verify immediately.
ham,I will reach home in 20 minutes.
spam,"Dear customer, your ICICI account will be blocked today. Update KYC at http://bank-alert.in"
ham,Train arriving at 7 pm.
spam,Job offer confirmed. Pay registration fee Rs 1000 now.
ham,I will reach home in 20 minutes.
spam,Your UPI ID amit@paytm is suspended. Verify urgent.
spam,RBI alert: Suspicious activity detected. Verify today.
spam,"Dear customer, your ICICI account will be blocked today. Update KYC at http://upi-check.in"
spam,Congratulations! You won Rs 500. Claim urgent.
spam,Congratulations! You won Rs 5000. Claim now.
ham,I will reach home in 20 minutes.
spam,Income tax refund Rs 1000 approved. Claim urgent.
spam,Income tax refund Rs 10000 approved. Claim urgent.
spam,PAN not linked with Aadhaar. Update today.
spam,Parcel on hold. Update address now at http://secure-update.in
spam,KYC incomplete for HDFC. Submit documents today.
ham,Please send the notes.
spam,Parcel on hold. Update address now at http://bank-alert.in
spam,PAN not linked with Aadhaar. Update within 10 minutes.
spam,Your UPI ID amit@paytm is suspended. Verify within 10 minutes.
spam,Reward points worth Rs 500000 expiring urgent. Redeem at http://reward-claim.in
spam,Reward points worth Rs 5000 expiring immediately. Redeem at http://verify-kyc.in
ham,Let's go for dinner tonight.
spam,Electricity bill pending of Rs 500. Pay today at http://upi-check.in
spam,Your ATM card blocked. Share OTP within 10 minutes.
spam,"Your account credited with Rs 25000. If not you, report immediately."
spam,Income tax refund Rs 10000 approved. Claim within 10 minutes.
spam,PAN not linked with Aadhaar. Update immediately.
spam,"Your account credited with Rs 1000. If not you, report urgent."
spam,RBI alert: Suspicious activity detected. Verify immediately.
spam,PAN not linked with Aadhaar. Update urgent.
spam,Job offer confirmed. Pay registration fee Rs 5000 urgent.
spam,SIM card will be blocked within 10 minutes. Update details at http://bank-alert.in
spam,Electricity bill pending of Rs 5000. Pay immediately at http://upi-check.in
spam,Pre-approved loan of Rs 5000. Apply immediately.
spam,"Dear customer, your Axis Bank account will be blocked today. Update KYC at http://bank-alert.in"
spam,Electricity bill pending of Rs 10000. Pay today at http://verify-kyc.in
spam,Your ATM card blocked. Share OTP immediately.
spam,"Dear customer, your Axis Bank account will be blocked immediately. Update KYC at http://verify-kyc.in"
spam,Your ATM card blocked. Share OTP now.
spam,Pre-approved loan of Rs 25000. Apply within 10 minutes.
ham,Recharge successful for Rs 500000.
ham,Your order from Amazon is delivered.
spam,Your UPI ID rahul@ybl is suspended. Verify immediately.
spam,"Your account credited with Rs 5000. If not you, report now."
spam,Your UPI ID amit@paytm is suspended. Verify urgent.
ham,I'm outside your house. https://amazon.in
spam,Pre-approved loan of Rs 10000. Apply today.
spam,Your ATM card blocked. Share OTP urgent.
spam,Your ATM card blocked. Share OTP urgent.
ham,Are you free today?
spam,Pre-approved loan of Rs 10000. Apply today.
spam,Your ATM card blocked. Share OTP immediately.
spam,"Your account credited with Rs 500000. If not you, report urgent."
spam,Your ATM card blocked. Share OTP urgent.
ham,See you in college tomorrow.
spam,PAN not linked with Aadhaar. Update immediately.
spam,Electricity bill pending of Rs 1000. Pay today at http://reward-claim.in
spam,Electricity bill pending of Rs 2500000. Pay now at http://verify-kyc.in
spam,Congratulations! You won Rs 5000. Claim within 10 minutes.
spam,KYC incomplete for ICICI. Submit documents within 10 minutes.
spam,Reward points worth Rs 1000 expiring immediately. Redeem at http://verify-kyc.in
spam,Job offer confirmed. Pay registration fee Rs 2500000 today.
ham,Meeting postponed to tomorrow 10 am.
spam,Job offer confirmed. Pay registration fee Rs 2500000 urgent.
spam,Electricity bill pending of Rs 10000. Pay today at http://reward-claim.in
spam,Parcel on hold. Update address urgent at http://reward-claim.in
spam,RBI alert: Suspicious activity detected. Verify within 10 minutes.
spam,Parcel on hold. Update address today at http://verify-kyc.in
ham,Please send the notes.
ham,Recharge successful for Rs 500.
spam,Your ATM card blocked. Share OTP now.
spam,Your ATM card blocked. Share OTP urgent.
spam,Reward points worth Rs 500000 expiring immediately. Redeem at http://upi-check.in
spam,"Dear customer, your Bank of Baroda account will be blocked now. Update KYC at http://bank-alert.in"
ham,Movie plan at 6 pm?
ham,Train arriving at 7 pm.
spam,Your ATM card blocked. Share OTP urgent.
spam,Electricity bill pending of Rs 25000. Pay immediately at http://bank-alert.in
ham,Let's meet tomorrow evening.
spam,Electricity bill pending of Rs 5000. Pay urgent at http://secure-update.in
spam,"Your account credited with Rs 2500000. If not you, report immediately."
ham,Your bank transaction of Rs 2500000 is successful.
spam,SIM card will be blocked urgent. Update details at http://reward-claim.in
spam,Your ATM card blocked. Share OTP now.
spam,"Your account credited with Rs 2500000. If not you, report within 10 minutes."
spam,PAN not linked with Aadhaar. Update today.
spam,"Dear customer, your SBI account will be blocked urgent. Update KYC at http://upi-check.in"
spam,Income tax refund Rs 2500000 approved. Claim within 10 minutes.
spam,Your UPI ID amit@paytm is suspended. Verify today.
spam,Reward points worth Rs 25000 expiring urgent. Redeem at http://upi-check.in
spam,Reward points worth Rs 10000 expiring immediately. Redeem at http://verify-kyc.in
spam,KYC incomplete for HDFC. Submit documents now.
spam,Your ATM card blocked. Share OTP within 10 minutes.
spam,Your UPI ID amit@paytm is suspended. Verify immediately.
ham,I'm outside your house. https://amazon.in
ham,Office meeting link shared on WhatsApp.
spam,Your UPI ID rahul@ybl is suspended. Verify immediately.
spam,Congratulations! You won Rs 2500000. Claim within 10 minutes.
spam,Job offer confirmed. Pay registration fee Rs 2500000 urgent.
spam,KYC incomplete for HDFC. Submit documents urgent.
ham,I'm outside your house.
spam,Electricity bill pending of Rs 2500000. Pay within 10 minutes at http://reward-claim.in
spam,Electricity bill pending of Rs 500000. Pay now at http://reward-claim.in
ham,See you in college tomorrow.
spam,Congratulations! You won Rs 1000. Claim today.
spam,Your UPI ID amit@paytm is suspended. Verify now.
spam,Reward points worth Rs 2500000 expiring within 10 minutes. Redeem at http://verify-kyc.in
spam,Job offer confirmed. Pay registration fee Rs 10000 today.
spam,Your UPI ID amit@paytm is suspended. Verify within 10 minutes.
ham,I will reach home in 20 minutes.
spam,Congratulations! You won Rs 500. Claim today.
ham,Your bank transaction of Rs 500000 is successful.
spam,SIM card will be blocked immediately. Update details at http://verify-kyc.in
spam,"Dear customer, your Axis Bank account will be blocked within 10 minutes. Update KYC at http://secure-update.in"
ham,Office meeting link shared on WhatsApp.
ham,Meeting moved to 5 pm today. https://youtube.com
ham,Meeting moved to 5 pm today. https://drive.google.com/file
ham,I'm outside your house. https://meet.google.com/abc-defg-hij
spam,Income tax refund Rs 500000 approved. Claim urgent.
spam,Pre-approved loan of Rs 5000. Apply immediately.
spam,RBI alert: Suspicious activity detected. Verify immediately.
spam,Your ATM card blocked. Share OTP today.
ham,"Reached safely, call you later."
spam,Pre-approved loan of Rs 1000. Apply within 10 minutes.
ham,Please send the notes.
spam,PAN not linked with Aadhaar. Update now.
spam,Income tax refund Rs 2500000 approved. Claim now.
ham,Movie plan at 6 pm?
spam,"Your account credited with Rs 500. If not you, report within 10 minutes."
spam,Job offer confirmed. Pay registration fee Rs 25000 immediately.
spam,KYC incomplete for HDFC. Submit documents now.
ham,Dinner at 8 pm? https://youtube.com
ham,Your order from Amazon is delivered.
ham,Movie plan at 6 pm?
ham,Recharge successful for Rs 500000.
spam,Electricity bill pending of Rs 25000. Pay now at http://verify-kyc.in
spam,Job offer confirmed. Pay registration fee Rs 500000 today.
ham,Recharge successful for Rs 500.
spam,Congratulations! You won Rs 5000. Claim now.
ham,Assignment deadline is Monday.
spam,RBI alert: Suspicious activity detected. Verify urgent.
spam,"Your account credited with Rs 1000. If not you, report immediately."
ham,Happy Birthday!
spam,Parcel on hold. Update address today at http://secure-update.in
spam,Income tax refund Rs 2500000 approved. Claim within 10 minutes.
spam,RBI alert: Suspicious activity detected. Verify within 10 minutes.
spam,PAN not linked with Aadhaar. Update within 10 minutes.
spam,"Your account credited with Rs 500. If not you, report now."
spam,Job offer confirmed. Pay registration fee Rs 5000 today.
spam,Reward points worth Rs 1000 expiring within 10 minutes. Redeem at http://upi-check.in
spam,Electricity bill pending of Rs 500. Pay urgent at http://bank-alert.in
ham,Office meeting link shared on WhatsApp.
spam,Reward points worth Rs 500000 expiring immediately. Redeem at http://bank-alert.in
spam,Congratulations! You won Rs 500000. Claim today.
spam,Reward points worth Rs 2500000 expiring urgent. Redeem at http://verify-kyc.in
spam,Electricity bill pending of Rs 1000. Pay now at http://bank-alert.in
spam,"Your account credited with Rs 25000. If not you, report within 10 minutes."
spam,RBI alert: Suspicious activity detected. Verify within 10 minutes.
spam,Electricity bill pending of Rs 500. Pay today at http://reward-claim.in
ham,Let's meet tomorrow evening.
ham,See you in college tomorrow.
ham,Office meeting link shared on WhatsApp.
spam,Your ATM card blocked. Share OTP within 10 minutes.
spam,Electricity bill pending of Rs 25000. Pay today at http://bank-alert.in
spam,Parcel on hold. Update address urgent at http://secure-update.in
ham,I'm outside your house. https://maps.google.com
spam,SIM card will be blocked immediately. Update details at http://verify-kyc.in
spam,Your UPI ID user@okaxis is suspended. Verify urgent.
spam,Pre-approved loan of Rs 10000. Apply now.
spam,Congratulations! You won Rs 25000. Claim today.
spam,"Your account credited with Rs 10000. If not you, report today."
spam,"Your account credited with Rs 500000. If not you, report within 10 minutes."
spam,Job offer confirmed. Pay registration fee Rs 2500000 immediately.
spam,Congratulations! You won Rs 500. Claim today.
spam,SIM card will be blocked today. Update details at http://verify-kyc.in
spam,PAN not linked with Aadhaar. Update today.
spam,KYC incomplete for ICICI. Submit documents immediately.
spam,PAN not linked with Aadhaar. Update today.
ham,Assignment deadline is Monday.
spam,KYC incomplete for HDFC. Submit documents today.
ham,"Reached safely, call you later."
ham,Let's meet tomorrow evening.
spam,"Dear customer, your Bank of Baroda account will be blocked today. Update KYC at http://reward-claim.in"
ham,"Send me 100 rs for the cab, I'll return later. https://amazon.in"
spam,PAN not linked with Aadhaar. Update today.
ham,Let's go for dinner tonight.
spam,RBI alert: Suspicious activity detected. Verify immediately.
spam,SIM card will be blocked urgent. Update details at http://verify-kyc.in
ham,Let's go for dinner tonight.
ham,Call me when you reach home. https://amazon.in
spam,Congratulations! You won Rs 1000. Claim immediately.
spam,Your UPI ID user@okaxis is suspended. Verify immediately.
spam,Job offer confirmed. Pay registration fee Rs 500000 today.
spam,Electricity bill pending of Rs 500000. Pay today at http://bank-alert.in
spam,"Dear customer, your PNB account will be blocked now. Update KYC at http://reward-claim.in"
spam,"Your account credited with Rs 25000. If not you, report today."
ham,Recharge successful for Rs 1000.
spam,Income tax refund Rs 1000 approved. Claim now.
ham,Meeting postponed to tomorrow 10 am.
spam,KYC incomplete for ICICI. Submit documents now.
spam,Electricity bill pending of Rs 500000. Pay today at http://reward-claim.in
spam,SIM card will be blocked now. Update details at http://verify-kyc.in
spam,RBI alert: Suspicious activity detected. Verify today.
ham,Your bank transaction of Rs 5000 is successful.
spam,Your UPI ID amit@paytm is suspended. Verify today.
spam,"Your account credited with Rs 500. If not you, report urgent."
spam,Your UPI ID rahul@ybl is suspended. Verify now.
spam,PAN not linked with Aadhaar. Update today.
ham,Assignment deadline is Monday.
ham,See you in college tomorrow.
ham,Dinner at 8 pm? https://drive.google.com/file
ham,Train arriving at 7 pm.
ham,I will reach home in 20 minutes.
spam,SIM card will be blocked now. Update details at http://bank-alert.in
ham,Train arriving at 7 pm.
ham,Did you check the document I shared? https://maps.google.com
ham,Where are you right now? https://youtube.com
spam,KYC incomplete for SBI. Submit documents immediately.
spam,Parcel on hold. Update address urgent at http://reward-claim.in
spam,KYC incomplete for Bank of Baroda. Submit documents today.
ham,Where are you right now? https://meet.google.com/abc-defg-hij
spam,PAN not linked with Aadhaar. Update today.
spam,SIM card will be blocked today. Update details at http://bank-alert.in
spam,PAN not linked with Aadhaar. Update now.
ham,I will reach home in 20 minutes.
spam,Parcel on hold. Update address within 10 minutes at http://bank-alert.in
spam,Your UPI ID user@okaxis is suspended. Verify urgent.
spam,"Your account credited with Rs 500. If not you, report today."
spam,PAN not linked with Aadhaar. Update today.
spam,SIM card will be blocked urgent. Update details at http://upi-check.in
spam,KYC incomplete for PNB. Submit documents immediately.
spam,Income tax refund Rs 1000 approved. Claim urgent.
spam,Job offer confirmed. Pay registration fee Rs 500 today.
spam,Your UPI ID user@okaxis is suspended. Verify within 10 minutes.
spam,Job offer confirmed. Pay registration fee Rs 500 today.
spam,SIM card will be blocked today. Update details at http://bank-alert.in
ham,"Reached safely, call you later."
spam,"Your account credited with Rs 500000. If not you, report immediately."
spam,Parcel on hold. Update address urgent at http://secure-update.in
spam,SIM card will be blocked immediately. Update details at http://bank-alert.in
spam,Electricity bill pending of Rs 500. Pay urgent at http://secure-update.in
spam,PAN not linked with Aadhaar. Update urgent.
spam,PAN not linked with Aadhaar. Update now.
spam,"Your account credited with Rs 2500000. If not you, report immediately."
spam,KYC incomplete for PNB. Submit documents now.
ham,Please send the notes.
spam,Your UPI ID amit@paytm is suspended. Verify within 10 minutes.
spam,Parcel on hold. Update address immediately at http://reward-claim.in
spam,Your UPI ID hitesh@upi is suspended. Verify within 10 minutes.
spam,KYC incomplete for HDFC. Submit documents now.
spam,Congratulations! You won Rs 1000. Claim now.
spam,PAN not linked with Aadhaar. Update urgent.
ham,Your order from Amazon is delivered.
spam,"Your account credited with Rs 10000. If not you, report immediately."
ham,Recharge successful for Rs 2500000.
spam,KYC incomplete for Axis Bank. Submit documents immediately.
ham,Where are you right now? https://youtube.com
spam,Parcel on hold. Update address now at http://verify-kyc.in
spam,PAN not linked with Aadhaar. Update now.
ham,Your bank transaction of Rs 500000 is successful.
spam,PAN not linked with Aadhaar. Update within 10 minutes.
spam,Congratulations! You won Rs 2500000. Claim now.
spam,Your UPI ID amit@paytm is suspended. Verify now.
spam,Pre-approved loan of Rs 5000. Apply immediately.
spam,"Dear customer, your ICICI account will be blocked today. Update KYC at http://upi-check.in"
ham,Train arriving at 7 pm.
spam,SIM card will be blocked now. Update details at http://bank-alert.in
spam,SIM card will be blocked immediately. Update details at http://bank-alert.in
spam,"Your account credited with Rs 5000. If not you, report immediately."
spam,Parcel on hold. Update address now at http://bank-alert.in
spam,Reward points worth Rs 10000 expiring today. Redeem at http://secure-update.in
spam,KYC incomplete for SBI. Submit documents today.
spam,KYC incomplete for HDFC. Submit documents now.
ham,Movie plan at 6 pm?
ham,"Reached safely, call you later."
ham,Office meeting link shared on WhatsApp.
ham,Let's go for dinner tonight.
spam,Pre-approved loan of Rs 2500000. Apply within 10 minutes.
spam,"Your account credited with Rs 2500000. If not you, report urgent."
spam,Pre-approved loan of Rs 2500000. Apply today.
spam,Income tax refund Rs 10000 approved. Claim immediately.
spam,Your UPI ID rahul@ybl is suspended. Verify urgent.
spam,"Your account credited with Rs 5000. If not you, report within 10 minutes."
spam,Pre-approved loan of Rs 500000. Apply within 10 minutes.
ham,I will reach home in 20 minutes.
ham,Office meeting link shared on WhatsApp.
ham,Meeting moved to 5 pm today.
spam,Your ATM card blocked. Share OTP immediately.
spam,"Dear customer, your ICICI account will be blocked within 10 minutes. Update KYC at http://secure-update.in"
spam,SIM card will be blocked within 10 minutes. Update details at http://upi-check.in
ham,Your bank transaction of Rs 5000 is successful.
spam,Reward points worth Rs 1000 expiring now. Redeem at http://upi-check.in
spam,Reward points worth Rs 10000 expiring today. Redeem at http://verify-kyc.in
spam,Income tax refund Rs 500000 approved. Claim now.
ham,Recharge successful for Rs 1000.
spam,Reward points worth Rs 10000 expiring urgent. Redeem at http://verify-kyc.in
spam,Income tax refund Rs 5000 approved. Claim urgent.
spam,SIM card will be blocked within 10 minutes. Update details at http://upi-check.in
spam,Your UPI ID user@okaxis is suspended. Verify immediately.
spam,RBI alert: Suspicious activity detected. Verify within 10 minutes.
spam,PAN not linked with Aadhaar. Update today.
ham,Movie plan at 6 pm?
spam,Reward points worth Rs 25000 expiring within 10 minutes. Redeem at http://verify-kyc.in
spam,Job offer confirmed. Pay registration fee Rs 500000 immediately.
spam,Congratulations! You won Rs 2500000. Claim urgent.
spam,Your UPI ID hitesh@upi is suspended. Verify now.
spam,Job offer confirmed. Pay registration fee Rs 10000 urgent.
spam,Your ATM card blocked. Share OTP immediately.
spam,Parcel on hold. Update address urgent at http://reward-claim.in
spam,Income tax refund Rs 25000 approved. Claim urgent.
spam,Parcel on hold. Update address today at http://secure-update.in
ham,Happy Birthday!
spam,Job offer confirmed. Pay registration fee Rs 10000 today.
spam,Congratulations! You won Rs 5000. Claim within 10 minutes.
ham,Your bank transaction of Rs 500 is successful.
ham,Electricity bill payment of Rs 25000 received.
spam,Your ATM card blocked. Share OTP today.
ham,Dinner at 8 pm?
ham,Meeting postponed to tomorrow 10 am.
ham,Recharge successful for Rs 2500000.
spam,Income tax refund Rs 500 approved. Claim now.
ham,Please send the notes.
spam,Job offer confirmed. Pay registration fee Rs 25000 now.
ham,Electricity bill payment of Rs 1000 received.
spam,Your UPI ID user@okaxis is suspended. Verify urgent.
spam,Reward points worth Rs 1000 expiring now. Redeem at http://reward-claim.in
ham,I will reach home in 20 minutes.
spam,Your ATM card blocked. Share OTP immediately.
spam,Income tax refund Rs 1000 approved. Claim now.
spam,SIM card will be blocked urgent. Update details at http://verify-kyc.in
ham,Train arriving at 7 pm.
spam,Reward points worth Rs 10000 expiring immediately. Redeem at http://upi-check.in
spam,Parcel on hold. Update address today at http://upi-check.in
ham,Can you bring milk on the way back? https://drive.google.com/file
ham,Call me when you reach home. https://youtube.com
ham,Let's meet tomorrow evening. https://youtube.com
spam,Your ATM card blocked. Share OTP immediately.
spam,Your ATM card blocked. Share OTP now.
spam,Electricity bill pending of Rs 2500000. Pay immediately at http://bank-alert.in
spam,KYC incomplete for Bank of Baroda. Submit documents urgent.
spam,Pre-approved loan of Rs 5000. Apply now.
spam,RBI alert: Suspicious activity detected. Verify immediately.
spam,"Your account credited with Rs 2500000. If not you, report immediately."
ham,I will reach home in 20 minutes.
spam,KYC incomplete for ICICI. Submit documents within 10 minutes.
spam,Your UPI ID rahul@ybl is suspended. Verify within 10 minutes.
spam,Pre-approved loan of Rs 10000. Apply now.
spam,Electricity bill pending of Rs 500. Pay now at http://reward-claim.in
spam,SIM card will be blocked within 10 minutes. Update details at http://bank-alert.in
ham,Let's meet tomorrow evening.
spam,"Dear customer, your PNB account will be blocked today. Update KYC at http://upi-check.in"
ham,Please send the notes.
spam,Your ATM card blocked. Share OTP immediately.
spam,Income tax refund Rs 5000 approved. Claim today.
spam,KYC incomplete for HDFC. Submit documents immediately.
spam,Your ATM card blocked. Share OTP immediately.
ham,Please send the notes.
spam,RBI alert: Suspicious activity detected. Verify now.
ham,Office meeting link shared on WhatsApp.
spam,Income tax refund Rs 500000 approved. Claim now.
spam,Parcel on hold. Update address within 10 minutes at http://upi-check.in
ham,Meeting postponed to tomorrow 10 am.
spam,Congratulations! You won Rs 5000. Claim immediately.
spam,SIM card will be blocked within 10 minutes. Update details at http://secure-update.in
spam,Pre-approved loan of Rs 1000. Apply immediately.
ham,Assignment deadline is Monday.
spam,Parcel on hold. Update address immediately at http://bank-alert.in
spam,"Your account credited with Rs 2500000. If not you, report urgent."
spam,Congratulations! You won Rs 25000. Claim now.
spam,RBI alert: Suspicious activity detected. Verify now.
ham,Let's meet tomorrow evening. https://youtube.com
spam,Job offer confirmed. Pay registration fee Rs 500000 immediately.
spam,Income tax refund Rs 5000 approved. Claim immediately.
spam,Your ATM card blocked. Share OTP today.
spam,Income tax refund Rs 500 approved. Claim now.
ham,Are you free today?
spam,Reward points worth Rs 500 expiring today. Redeem at http://secure-update.in
spam,Parcel on hold. Update address immediately at http://reward-claim.in
ham,Your bank transaction of Rs 500000 is successful.
spam,Congratulations! You won Rs 500. Claim immediately.
spam,Congratulations! You won Rs 500. Claim now.
spam,Job offer confirmed. Pay registration fee Rs 2500000 urgent.
spam,RBI alert: Suspicious activity detected. Verify today.
ham,Your order from Amazon is delivered.
spam,SIM card will be blocked urgent. Update details at http://bank-alert.in
ham,Assignment deadline is Monday.
spam,PAN not linked with Aadhaar. Update today.
spam,Electricity bill pending of Rs 500. Pay today at http://bank-alert.in
spam,Your UPI ID amit@paytm is suspended. Verify urgent.
spam,Your ATM card blocked. Share OTP now.
spam,Job offer confirmed. Pay registration fee Rs 10000 today.
ham,Let's go for dinner tonight.
spam,"Dear customer, your ICICI account will be blocked now. Update KYC at http://bank-alert.in"
ham,Office meeting link shared on WhatsApp.
spam,SIM card will be blocked immediately. Update details at http://reward-claim.in
spam,Job offer confirmed. Pay registration fee Rs 10000 urgent.
spam,"Dear customer, your ICICI account will be blocked now. Update KYC at http://secure-update.in"
spam,SIM card will be blocked urgent. Update details at http://bank-alert.in
spam,Parcel on hold. Update address urgent at http://secure-update.in
ham,Recharge successful for Rs 500000.
spam,Job offer confirmed. Pay registration fee Rs 5000 today.
spam,Reward points worth Rs 25000 expiring within 10 minutes. Redeem at http://upi-check.in
spam,RBI alert: Suspicious activity detected. Verify urgent.
ham,Your bank transaction of Rs 25000 is successful.
spam,Job offer confirmed. Pay registration fee Rs 500 today.
ham,Can you bring milk on the way back?
spam,Your ATM card blocked. Share OTP today.
spam,Congratulations! You won Rs 500000. Claim now.
spam,Electricity bill pending of Rs 500000. Pay now at http://verify-kyc.in
spam,SIM card will be blocked within 10 minutes. Update details at http://upi-check.in
spam,Income tax refund Rs 2500000 approved. Claim immediately.
spam,Your UPI ID rahul@ybl is suspended. Verify immediately.
spam,Reward points worth Rs 500 expiring urgent. Redeem at http://verify-kyc.in
ham,Movie plan at 6 pm?
spam,Reward points worth Rs 500 expiring urgent. Redeem at http://bank-alert.in
spam,Congratulations! You won Rs 1000. Claim immediately.
ham,Movie plan at 6 pm?
spam,Reward points worth Rs 500000 expiring immediately. Redeem at http://verify-kyc.in
ham,I will reach home in 20 minutes.
spam,Your ATM card blocked. Share OTP today.
spam,Parcel on hold. Update address today at http://reward-claim.in
spam,Your ATM card blocked. Share OTP now.
spam,PAN not linked with Aadhaar. Update urgent.
spam,Congratulations! You won Rs 500. Claim today.
spam,RBI alert: Suspicious activity detected. Verify urgent.
spam,Your UPI ID rahul@ybl is suspended. Verify now.
spam,Parcel on hold. Update address now at http://upi-check.in
spam,Your UPI ID user@okaxis is suspended. Verify immediately.
spam,Your UPI ID user@okaxis is suspended. Verify within 10 minutes.
spam,Your ATM card blocked. Share OTP urgent.
ham,Recharge successful for Rs 5000.
spam,Job offer confirmed. Pay registration fee Rs 500000 immediately.
spam,KYC incomplete for ICICI. Submit documents now.
spam,SIM card will be blocked within 10 minutes. Update details at http://secure-update.in
spam,PAN not linked with Aadhaar. Update within 10 minutes.
spam,Parcel on hold. Update address immediately at http://upi-check.in
ham,Are you free today?
spam,PAN not linked with Aadhaar. Update now.
ham,See you in college tomorrow.
ham,I'm outside your house. https://amazon.in
spam,Electricity bill pending of Rs 5000. Pay today at http://verify-kyc.in
spam,Your UPI ID hitesh@upi is suspended. Verify urgent.
ham,Your bank transaction of Rs 10000 is successful.
spam,Your UPI ID amit@paytm is suspended. Verify now.
ham,Movie plan at 6 pm?
spam,Reward points worth Rs 10000 expiring within 10 minutes. Redeem at http://reward-claim.in
spam,RBI alert: Suspicious activity detected. Verify within 10 minutes.
spam,KYC incomplete for PNB. Submit documents now.
spam,Congratulations! You won Rs 1000. Claim now.
spam,Job offer confirmed. Pay registration fee Rs 1000 within 10 minutes.
ham,Meeting postponed to tomorrow 10 am.
ham,Electricity bill payment of Rs 5000 received.
spam,SIM card will be blocked within 10 minutes. Update details at http://verify-kyc.in
spam,Reward points worth Rs 2500000 expiring urgent. Redeem at http://bank-alert.in
spam,"Dear customer, your PNB account will be blocked today. Update KYC at http://upi-check.in"
spam,Income tax refund Rs 500 approved. Claim urgent.
spam,KYC incomplete for ICICI. Submit documents today.
spam,Income tax refund Rs 500 approved. Claim today.
spam,KYC incomplete for HDFC. Submit documents urgent.
spam,Congratulations! You won Rs 500. Claim within 10 minutes.
ham,Meeting moved to 5 pm today. https://maps.google.com
ham,"Send me 100 rs for the cab, I'll return later. https://youtube.com"
spam,Your UPI ID amit@paytm is suspended. Verify today.
spam,Parcel on hold. Update address immediately at http://upi-check.in
spam,Income tax refund Rs 25000 approved. Claim now.
ham,Dinner at 8 pm?
spam,Income tax refund Rs 2500000 approved. Claim now.
spam,Job offer confirmed. Pay registration fee Rs 10000 today.
ham,"Reached safely, call you later."
spam,Income tax refund Rs 5000 approved. Claim within 10 minutes.
spam,"Your account credited with Rs 500. If not you, report immediately."
spam,SIM card will be blocked within 10 minutes. Update details at http://reward-claim.in
spam,PAN not linked with Aadhaar. Update within 10 minutes.
ham,Recharge successful for Rs 5000.
spam,Parcel on hold. Update address today at http://bank-alert.in
spam,Your UPI ID amit@paytm is suspended. Verify today.
ham,Train arriving at 7 pm.
spam,Income tax refund Rs 500000 approved. Claim within 10 minutes.
ham,Meeting postponed to tomorrow 10 am.
ham,Recharge successful for Rs 2500000.
ham,Please send the notes.
spam,Pre-approved loan of Rs 5000. Apply immediately.
spam,Parcel on hold. Update address urgent at http://reward-claim.in
spam,SIM card will be blocked immediately. Update details at http://reward-claim.in
ham,Recharge successful for Rs 25000.
spam,RBI alert: Suspicious activity detected. Verify immediately.
ham,Let's meet tomorrow evening.
spam,Your UPI ID amit@paytm is suspended. Verify now.
ham,I'm outside your house. https://drive.google.com/file
spam,RBI alert: Suspicious activity detected. Verify urgent.
spam,RBI alert: Suspicious activity detected. Verify within 10 minutes.
spam,SIM card will be blocked today. Update details at http://secure-update.in
ham,Let's meet tomorrow evening. https://amazon.in
ham,Your order from Amazon is delivered.
spam,Income tax refund Rs 1000 approved. Claim now.
spam,Congratulations! You won Rs 500. Claim urgent.
spam,"Your account credited with Rs 2500000. If not you, report urgent."
spam,RBI alert: Suspicious activity detected. Verify today.
spam,SIM card will be blocked immediately. Update details at http://reward-claim.in
ham,Train arriving at 7 pm.
spam,RBI alert: Suspicious activity detected. Verify within 10 minutes.
spam,Pre-approved loan of Rs 10000. Apply immediately.
spam,RBI alert: Suspicious activity detected. Verify immediately.
ham,Dinner at 8 pm?
ham,Assignment deadline is Monday.
spam,PAN not linked with Aadhaar. Update today.
spam,Your ATM card blocked. Share OTP now.
ham,Call me when you reach home.
ham,Can you bring milk on the way back? https://amazon.in
spam,SIM card will be blocked urgent. Update details at http://reward-claim.in
spam,Income tax refund Rs 2500000 approved. Claim now.
ham,"Reached safely, call you later."
spam,"Dear customer, your PNB account will be blocked within 10 minutes. Update KYC at http://upi-check.in"
spam,SIM card will be blocked urgent. Update details at http://bank-alert.in
spam,Reward points worth Rs 500000 expiring urgent. Redeem at http://secure-update.in
spam,Your ATM card blocked. Share OTP within 10 minutes.
spam,Job offer confirmed. Pay registration fee Rs 25000 today.
spam,Reward points worth Rs 1000 expiring today. Redeem at http://upi-check.in
ham,Train arriving at 7 pm.
ham,Can you bring milk on the way back? https://meet.google.com/abc-defg-hij
spam,Congratulations! You won Rs 500. Claim now.
ham,Dinner at 8 pm? https://maps.google.com
spam,PAN not linked with Aadhaar. Update within 10 minutes.
ham,Call me when you reach home.
spam,KYC incomplete for Axis Bank. Submit documents immediately.
spam,"Your account credited with Rs 1000. If not you, report now."
ham,Movie plan at 6 pm?
spam,Congratulations! You won Rs 1000. Claim today.
ham,Did you check the document I shared? https://drive.google.com/file
spam,Electricity bill pending of Rs 2500000. Pay today at http://verify-kyc.in
spam,"Dear customer, your Axis Bank account will be blocked immediately. Update KYC at http://secure-update.in"
spam,Reward points worth Rs 2500000 expiring now. Redeem at http://bank-alert.in
spam,RBI alert: Suspicious activity detected. Verify within 10 minutes.
spam,Income tax refund Rs 500000 approved. Claim today.
spam,PAN not linked with Aadhaar. Update immediately.
ham,Train arriving at 7 pm.
spam,Reward points worth Rs 10000 expiring within 10 minutes. Redeem at http://verify-kyc.in
spam,"Dear customer, your ICICI account will be blocked urgent. Update KYC at http://secure-update.in"
ham,I will reach home in 20 minutes.
ham,Meeting moved to 5 pm today. https://meet.google.com/abc-defg-hij
spam,Reward points worth Rs 25000 expiring today. Redeem at http://secure-update.in
ham,Train arriving at 7 pm.
spam,Job offer confirmed. Pay registration fee Rs 5000 within 10 minutes.
ham,"Reached safely, call you later."
spam,Your ATM card blocked. Share OTP within 10 minutes.
ham,"Reached safely, call you later."
spam,Income tax refund Rs 500 approved. Claim now.
spam,RBI alert: Suspicious activity detected. Verify today.
ham,Call me when you reach home. https://maps.google.com
spam,RBI alert: Suspicious activity detected. Verify within 10 minutes.
ham,Train arriving at 7 pm.
ham,Call me when you reach home. https://meet.google.com/abc-defg-hij
ham,I'm outside your house. https://amazon.in
spam,RBI alert: Suspicious activity detected. Verify today.
spam,PAN not linked with Aadhaar. Update urgent.
spam,RBI alert: Suspicious activity detected. Verify immediately.
spam,Your UPI ID rahul@ybl is suspended. Verify urgent.
spam,"Dear customer, your ICICI account will be blocked today. Update KYC at http://reward-claim.in"
spam,KYC incomplete for PNB. Submit documents today.
ham,Dinner at 8 pm? https://amazon.in
ham,Dinner at 8 pm? https://youtube.com
spam,Reward points worth Rs 10000 expiring urgent. Redeem at http://upi-check.in
ham,Are you free today?
spam,Parcel on hold. Update address today at http://reward-claim.in
spam,Reward points worth Rs 1000 expiring immediately. Redeem at http://bank-alert.in
spam,Income tax refund Rs 500 approved. Claim urgent.
spam,PAN not linked with Aadhaar. Update now.
ham,Office meeting link shared on WhatsApp.
spam,Job offer confirmed. Pay registration fee Rs 500000 urgent.
spam,Pre-approved loan of Rs 2500000. Apply immediately.
ham,Where are you right now? https://drive.google.com/file
spam,Your UPI ID user@okaxis is suspended. Verify urgent.
spam,RBI alert: Suspicious activity detected. Verify within 10 minutes.
ham,Electricity bill payment of Rs 500 received.
ham,Your bank transaction of Rs 5000 is successful.
spam,Electricity bill pending of Rs 1000. Pay now at http://reward-claim.in
spam,Income tax refund Rs 2500000 approved. Claim today.
spam,"Your account credited with Rs 5000. If not you, report today."
ham,Your order from Amazon is delivered.
spam,KYC incomplete for Axis Bank. Submit documents now.
spam,Electricity bill pending of Rs 1000. Pay now at http://verify-kyc.in
spam,Congratulations! You won Rs 500. Claim urgent.
spam,Parcel on hold. Update address immediately at http://upi-check.in
spam,SIM card will be blocked urgent. Update details at http://upi-check.in
spam,Electricity bill pending of Rs 5000. Pay today at http://bank-alert.in
spam,Your UPI ID rahul@ybl is suspended. Verify within 10 minutes.
spam,KYC incomplete for PNB. Submit documents urgent.
spam,Parcel on hold. Update address immediately at http://reward-claim.in
spam,Electricity bill pending of Rs 5000. Pay immediately at http://reward-claim.in
spam,PAN not linked with Aadhaar. Update immediately.
spam,Job offer confirmed. Pay registration fee Rs 1000 now.
spam,PAN not linked with Aadhaar. Update immediately.
ham,Where are you right now?
spam,"Dear customer, your HDFC account will be blocked immediately. Update KYC at http://secure-update.in"
spam,Electricity bill pending of Rs 500. Pay today at http://upi-check.in
spam,RBI alert: Suspicious activity detected. Verify within 10 minutes.
spam,RBI alert: Suspicious activity detected. Verify today.
spam,Your ATM card blocked. Share OTP today.
spam,Your ATM card blocked. Share OTP today.
spam,RBI alert: Suspicious activity detected. Verify today.
spam,Electricity bill pending of Rs 5000. Pay immediately at http://reward-claim.in
ham,Let's go for dinner tonight.
spam,Congratulations! You won Rs 2500000. Claim within 10 minutes.
ham,"Reached safely, call you later."
spam,Pre-approved loan of Rs 1000. Apply now.
spam,SIM card will be blocked within 10 minutes. Update details at http://reward-claim.in
spam,PAN not linked with Aadhaar. Update now.
ham,I will reach home in 20 minutes.
spam,Pre-approved loan of Rs 1000. Apply within 10 minutes.
spam,Job offer confirmed. Pay registration fee Rs 2500000 today.
spam,RBI alert: Suspicious activity detected. Verify immediately.
ham,Electricity bill payment of Rs 1000 received.
ham,Did you check the document I shared? https://amazon.in
spam,RBI alert: Suspicious activity detected. Verify immediately.
spam,Your ATM card blocked. Share OTP now.
ham,Call me when you reach home. https://meet.google.com/abc-defg-hij
spam,PAN not linked with Aadhaar. Update immediately.
spam,Congratulations! You won Rs 500. Claim urgent.
ham,"Reached safely, call you later."
ham,"Reached safely, call you later."
spam,Reward points worth Rs 10000 expiring now. Redeem at http://upi-check.in
ham,"Send me 100 rs for the cab, I'll return later. https://youtube.com"
spam,"Dear customer, your HDFC account will be blocked immediately. Update KYC at http://bank-alert.in"
spam,Income tax refund Rs 2500000 approved. Claim immediately.
spam,Electricity bill pending of Rs 1000. Pay today at http://verify-kyc.in
ham,Your order from Amazon is delivered.
ham,Meeting moved to 5 pm today.
ham,Movie plan at 6 pm?
ham,Office meeting link shared on WhatsApp.
spam,Congratulations! You won Rs 10000. Claim within 10 minutes.
spam,RBI alert: Suspicious activity detected. Verify now.
spam,RBI alert: Suspicious activity detected. Verify now.
spam,Parcel on hold. Update address urgent at http://reward-claim.in
spam,Job offer confirmed. Pay registration fee Rs 2500000 within 10 minutes.
spam,Pre-approved loan of Rs 500. Apply today.
spam,KYC incomplete for Bank of Baroda. Submit documents within 10 minutes.
spam,Reward points worth Rs 25000 expiring now. Redeem at http://bank-alert.in
spam,Reward points worth Rs 10000 expiring urgent. Redeem at http://secure-update.in
spam,Reward points worth Rs 500000 expiring immediately. Redeem at http://secure-update.in
spam,PAN not linked with Aadhaar. Update now.
spam,RBI alert: Suspicious activity detected. Verify immediately.
spam,Parcel on hold. Update address immediately at http://reward-claim.in
spam,Reward points worth Rs 25000 expiring urgent. Redeem at http://secure-update.in
spam,Congratulations! You won Rs 1000. Claim within 10 minutes.
spam,Your UPI ID hitesh@upi is suspended. Verify today.
ham,Call me when you reach home.
spam,Your ATM card blocked. Share OTP within 10 minutes.
spam,Congratulations! You won Rs 500. Claim immediately.
spam,Your ATM card blocked. Share OTP within 10 minutes.
ham,Your order from Amazon is delivered.
spam,KYC incomplete for Axis Bank. Submit documents urgent.
spam,Reward points worth Rs 10000 expiring within 10 minutes. Redeem at http://upi-check.in
ham,Are you free today? https://drive.google.com/file
spam,Job offer confirmed. Pay registration fee Rs 2500000 today.
spam,Congratulations! You won Rs 2500000. Claim now.
spam,Electricity bill pending of Rs 500000. Pay within 10 minutes at http://bank-alert.in
ham,Meeting postponed to tomorrow 10 am.
spam,SIM card will be blocked within 10 minutes. Update details at http://reward-claim.in
spam,Job offer confirmed. Pay registration fee Rs 1000 now.
ham,Dinner at 8 pm?
spam,Your UPI ID amit@paytm is suspended. Verify immediately.
spam,Electricity bill pending of Rs 1000. Pay urgent at http://upi-check.in
spam,"Your account credited with Rs 1000. If not you, report now."
spam,Electricity bill pending of Rs 2500000. Pay within 10 minutes at http://bank-alert.in
spam,Pre-approved loan of Rs 1000. Apply immediately.
spam,Electricity bill pending of Rs 500000. Pay now at http://bank-alert.in
spam,Parcel on hold. Update address within 10 minutes at http://verify-kyc.in
ham,Happy Birthday!
spam,Parcel on hold. Update address immediately at http://reward-claim.in
ham,I will reach home in 20 minutes.
ham,Let's go for dinner tonight.
spam,"Dear customer, your Axis Bank account will be blocked within 10 minutes. Update KYC at http://reward-claim.in"
ham,Please send the notes.
spam,Your UPI ID user@okaxis is suspended. Verify now.
spam,Parcel on hold. Update address within 10 minutes at http://secure-update.in
spam,Pre-approved loan of Rs 25000. Apply immediately.
spam,Electricity bill pending of Rs 10000. Pay now at http://bank-alert.in
ham,Your bank transaction of Rs 2500000 is successful.
ham,Are you free today? https://meet.google.com/abc-defg-hij
spam,"Your account credited with Rs 2500000. If not you, report now."
ham,Can you bring milk on the way back?
ham,Train arriving at 7 pm.
spam,KYC incomplete for Bank of Baroda. Submit documents urgent.
spam,PAN not linked with Aadhaar. Update within 10 minutes.
spam,Parcel on hold. Update address within 10 minutes at http://upi-check.in
spam,"Dear customer, your ICICI account will be blocked within 10 minutes. Update KYC at http://reward-claim.in"
spam,Parcel on hold. Update address urgent at http://bank-alert.in
ham,"Send me 100 rs for the cab, I'll return later. https://youtube.com"
spam,"Your account credited with Rs 500000. If not you, report today."
spam,PAN not linked with Aadhaar. Update within 10 minutes.
spam,"Your account credited with Rs 2500000. If not you, report now."
spam,Congratulations! You won Rs 1000. Claim today.
spam,Your UPI ID user@okaxis is suspended. Verify urgent.
ham,Your order from Amazon is delivered.
spam,"Your account credited with Rs 500. If not you, report immediately."
ham,Train arriving at 7 pm.
spam,Your UPI ID amit@paytm is suspended. Verify urgent.
spam,Your ATM card blocked. Share OTP urgent.
spam,RBI alert: Suspicious activity detected. Verify today.
spam,Congratulations! You won Rs 10000. Claim now.
spam,Job offer confirmed. Pay registration fee Rs 500 now.
spam,Pre-approved loan of Rs 500000. Apply immediately.
spam,Your ATM card blocked. Share OTP today.
spam,Congratulations! You won Rs 1000. Claim within 10 minutes.
spam,Job offer confirmed. Pay registration fee Rs 10000 today.
spam,Your ATM card blocked. Share OTP now.
spam,Job offer confirmed. Pay registration fee Rs 5000 now.
ham,Let's go for dinner tonight.
spam,Your ATM card blocked. Share OTP within 10 minutes.
spam,Congratulations! You won Rs 10000. Claim urgent.
spam,"Dear customer, your HDFC account will be blocked today. Update KYC at http://reward-claim.in"
ham,Can you bring milk on the way back?
ham,Are you free today? https://drive.google.com/file
spam,Parcel on hold. Update address now at http://upi-check.in
ham,Office meeting link shared on WhatsApp.
spam,Parcel on hold. Update address within 10 minutes at http://bank-alert.in
spam,Congratulations! You won Rs 2500000. Claim now.
spam,Job offer confirmed. Pay registration fee Rs 2500000 today.
spam,Job offer confirmed. Pay registration fee Rs 1000 immediately.
spam,Reward points worth Rs 5000 expiring within 10 minutes. Redeem at http://verify-kyc.in
ham,Your bank transaction of Rs 500000 is successful.
ham,Assignment deadline is Monday.
spam,Your UPI ID amit@paytm is suspended. Verify immediately.
spam,Reward points worth Rs 500000 expiring now. Redeem at http://bank-alert.in
spam,Electricity bill pending of Rs 1000. Pay within 10 minutes at http://verify-kyc.in
spam,Your UPI ID hitesh@upi is suspended. Verify urgent.
spam,KYC incomplete for ICICI. Submit documents immediately.
ham,Electricity bill payment of Rs 5000 received.
spam,Your UPI ID amit@paytm is suspended. Verify urgent.
spam,PAN not linked with Aadhaar. Update within 10 minutes.
spam,SIM card will be blocked immediately. Update details at http://bank-alert.in
spam,Pre-approved loan of Rs 1000. Apply today.
spam,"Your account credited with Rs 2500000. If not you, report today."
ham,I'm outside your house. https://youtube.com
spam,Pre-approved loan of Rs 500000. Apply within 10 minutes.
spam,Pre-approved loan of Rs 5000. Apply urgent.
spam,Your UPI ID user@okaxis is suspended. Verify urgent.
ham,Meeting postponed to tomorrow 10 am.
spam,Electricity bill pending of Rs 2500000. Pay within 10 minutes at http://bank-alert.in
spam,"Dear customer, your PNB account will be blocked today. Update KYC at http://reward-claim.in"
spam,"Dear customer, your SBI account will be blocked immediately. Update KYC at http://secure-update.in"
spam,Your UPI ID amit@paytm is suspended. Verify today.
ham,Electricity bill payment of Rs 25000 received.
spam,Pre-approved loan of Rs 500000. Apply immediately.
spam,SIM card will be blocked immediately. Update details at http://bank-alert.in
spam,PAN not linked with Aadhaar. Update immediately.
spam,"Dear customer, your HDFC account will be blocked within 10 minutes. Update KYC at http://verify-kyc.in"
spam,"Dear customer, your HDFC account will be blocked now. Update KYC at http://reward-claim.in"
spam,Job offer confirmed. Pay registration fee Rs 10000 now.
spam,"Your account credited with Rs 500. If not you, report immediately."
spam,Your UPI ID user@okaxis is suspended. Verify within 10 minutes.
spam,Electricity bill pending of Rs 500000. Pay today at http://upi-check.in
spam,Pre-approved loan of Rs 5000. Apply within 10 minutes.
spam,Your ATM card blocked. Share OTP urgent.
ham,Please send the notes.
ham,Train arriving at 7 pm.
ham,Electricity bill payment of Rs 25000 received.
spam,Job offer confirmed. Pay registration fee Rs 500000 today.
spam,Congratulations! You won Rs 500. Claim now.
ham,Electricity bill payment of Rs 10000 received.
spam,Reward points worth Rs 1000 expiring immediately. Redeem at http://verify-kyc.in
ham,I will reach home in 20 minutes.
ham,Please send the notes.
ham,Meeting postponed to tomorrow 10 am.
spam,"Dear customer, your HDFC account will be blocked now. Update KYC at http://upi-check.in"
ham,Recharge successful for Rs 1000.
spam,Your UPI ID user@okaxis is suspended. Verify immediately.
spam,Income tax refund Rs 10000 approved. Claim today.
spam,"Your account credited with Rs 500000. If not you, report immediately."
spam,Income tax refund Rs 25000 approved. Claim immediately.
ham,Let's meet tomorrow evening. https://drive.google.com/file
spam,Your ATM card blocked. Share OTP now.
spam,Your ATM card blocked. Share OTP immediately.
spam,KYC incomplete for HDFC. Submit documents within 10 minutes.
spam,"Your account credited with Rs 500000. If not you, report today."
spam,KYC incomplete for ICICI. Submit documents now.
spam,Parcel on hold. Update address urgent at http://bank-alert.in
spam,Congratulations! You won Rs 500000. Claim today.
spam,Reward points worth Rs 500 expiring within 10 minutes. Redeem at http://upi-check.in
spam,Electricity bill pending of Rs 10000. Pay immediately at http://reward-claim.in
ham,Your bank transaction of Rs 500000 is successful.
ham,Can you bring milk on the way back? https://drive.google.com/file
spam,Reward points worth Rs 1000 expiring today. Redeem at http://bank-alert.in
spam,Reward points worth Rs 500000 expiring urgent. Redeem at http://bank-alert.in
spam,SIM card will be blocked today. Update details at http://verify-kyc.in
spam,Income tax refund Rs 2500000 approved. Claim today.
ham,Please send the notes.
spam,Electricity bill pending of Rs 1000. Pay immediately at http://reward-claim.in
spam,Your UPI ID rahul@ybl is suspended. Verify today.
spam,Income tax refund Rs 1000 approved. Claim today.
spam,PAN not linked with Aadhaar. Update within 10 minutes.
spam,Income tax refund Rs 2500000 approved. Claim immediately.
ham,Did you check the document I shared?
ham,Where are you right now? https://drive.google.com/file
spam,Parcel on hold. Update address within 10 minutes at http://bank-alert.in
spam,RBI alert: Suspicious activity detected. Verify within 10 minutes.
spam,RBI alert: Suspicious activity detected. Verify today.
ham,Movie plan at 6 pm?
ham,See you in college tomorrow.
ham,Can you bring milk on the way back?
ham,Are you free today? https://meet.google.com/abc-defg-hij
spam,Pre-approved loan of Rs 500000. Apply immediately.
ham,Office meeting link shared on WhatsApp.
spam,Income tax refund Rs 500 approved. Claim within 10 minutes.
ham,Let's go for dinner tonight.
spam,KYC incomplete for PNB. Submit documents urgent.
spam,"Your account credited with Rs 1000. If not you, report immediately."
spam,KYC incomplete for Axis Bank. Submit documents within 10 minutes.
ham,Please send the notes.
ham,Happy Birthday!
spam,SIM card will be blocked urgent. Update details at http://upi-check.in
spam,Your UPI ID amit@paytm is suspended. Verify immediately.
spam,Electricity bill pending of Rs 500. Pay today at http://reward-claim.in
ham,Meeting postponed to tomorrow 10 am.
spam,SIM card will be blocked immediately. Update details at http://verify-kyc.in
spam,Parcel on hold. Update address immediately at http://bank-alert.in
ham,"Send me 100 rs for the cab, I'll return later. https://meet.google.com/abc-defg-hij"
spam,PAN not linked with Aadhaar. Update within 10 minutes.
ham,Train arriving at 7 pm.
spam,"Dear customer, your PNB account will be blocked today. Update KYC at http://secure-update.in"
spam,Job offer confirmed. Pay registration fee Rs 500000 now.
spam,RBI alert: Suspicious activity detected. Verify now.
spam,KYC incomplete for SBI. Submit documents within 10 minutes.
spam,Reward points worth Rs 10000 expiring urgent. Redeem at http://secure-update.in
spam,Electricity bill pending of Rs 500. Pay within 10 minutes at http://upi-check.in
spam,Reward points worth Rs 5000 expiring within 10 minutes. Redeem at http://verify-kyc.in
spam,Congratulations! You won Rs 2500000. Claim within 10 minutes.
spam,Income tax refund Rs 2500000 approved. Claim urgent.
ham,Your order from Amazon is delivered.
spam,Congratulations! You won Rs 2500000. Claim now.
ham,Where are you right now? https://drive.google.com/file
spam,"Your account credited with Rs 500. If not you, report immediately."
spam,Income tax refund Rs 10000 approved. Claim immediately.
ham,Let's go for dinner tonight.
spam,Parcel on hold. Update address immediately at http://reward-claim.in
spam,"Your account credited with Rs 25000. If not you, report today."
ham,Meeting postponed to tomorrow 10 am.
ham,Assignment deadline is Monday.
spam,"Your account credited with Rs 10000. If not you, report urgent."
spam,"Dear customer, your HDFC account will be blocked today. Update KYC at http://verify-kyc.in"
spam,Pre-approved loan of Rs 2500000. Apply urgent.
spam,Pre-approved loan of Rs 5000. Apply urgent.
ham,Meeting moved to 5 pm today.
spam,SIM card will be blocked urgent. Update details at http://secure-update.in
spam,KYC incomplete for PNB. Submit documents urgent.
spam,Job offer confirmed. Pay registration fee Rs 5000 within 10 minutes.
spam,Electricity bill pending of Rs 5000. Pay today at http://verify-kyc.in
spam,Pre-approved loan of Rs 25000. Apply urgent.
spam,Your ATM card blocked. Share OTP today.
spam,Your UPI ID user@okaxis is suspended. Verify urgent.
spam,PAN not linked with Aadhaar. Update today.
ham,Please send the notes.
ham,Office meeting link shared on WhatsApp.
spam,"Your account credited with Rs 1000. If not you, report within 10 minutes."
spam,PAN not linked with Aadhaar. Update today.
ham,Movie plan at 6 pm?
spam,Job offer confirmed. Pay registration fee Rs 10000 immediately.
ham,Your order from Amazon is delivered.
spam,Income tax refund Rs 5000 approved. Claim within 10 minutes.
spam,"Your account credited with Rs 10000. If not you, report immediately."
spam,RBI alert: Suspicious activity detected. Verify today.
ham,Electricity bill payment of Rs 500 received.
ham,See you in college tomorrow.
spam,Job offer confirmed. Pay registration fee Rs 1000 within 10 minutes.
spam,Income tax refund Rs 1000 approved. Claim now.
spam,SIM card will be blocked urgent. Update details at http://secure-update.in
spam,Congratulations! You won Rs 5000. Claim within 10 minutes.
spam,Reward points worth Rs 5000 expiring within 10 minutes. Redeem at http://reward-claim.in
spam,KYC incomplete for Axis Bank. Submit documents immediately.
spam,Your UPI ID user@okaxis is suspended. Verify now.
spam,Your UPI ID user@okaxis is suspended. Verify today.
spam,PAN not linked with Aadhaar. Update today.
ham,Your bank transaction of Rs 10000 is successful.
spam,Congratulations! You won Rs 10000. Claim urgent.
spam,Your ATM card blocked. Share OTP now.
ham,"Reached safely, call you later."
spam,Electricity bill pending of Rs 1000. Pay within 10 minutes at http://reward-claim.in
spam,SIM card will be blocked within 10 minutes. Update details at http://upi-check.in
ham,Office meeting link shared on WhatsApp.
spam,Pre-approved loan of Rs 500000. Apply immediately.
spam,Pre-approved loan of Rs 5000. Apply now.
spam,PAN not linked with Aadhaar. Update immediately.
ham,Your bank transaction of Rs 25000 is successful.
spam,SIM card will be blocked urgent. Update details at http://upi-check.in
spam,KYC incomplete for Axis Bank. Submit documents immediately.
spam,Parcel on hold. Update address within 10 minutes at http://secure-update.in
spam,"Dear customer, your HDFC account will be blocked immediately. Update KYC at http://upi-check.in"
spam,Electricity bill pending of Rs 500. Pay urgent at http://reward-claim.in
spam,"Dear customer, your Bank of Baroda account will be blocked urgent. Update KYC at http://bank-alert.in"
spam,Job offer confirmed. Pay registration fee Rs 2500000 immediately.
ham,Office meeting link shared on WhatsApp.
spam,RBI alert: Suspicious activity detected. Verify today.
spam,Your ATM card blocked. Share OTP today.
spam,SIM card will be blocked immediately. Update details at http://upi-check.in
spam,KYC incomplete for Bank of Baroda. Submit documents now.
spam,"Dear customer, your ICICI account will be blocked immediately. Update KYC at http://secure-update.in"
spam,Electricity bill pending of Rs 500. Pay today at http://verify-kyc.in
spam,RBI alert: Suspicious activity detected. Verify urgent.
ham,Movie plan at 6 pm?
spam,PAN not linked with Aadhaar. Update immediately.
spam,Reward points worth Rs 2500000 expiring within 10 minutes. Redeem at http://upi-check.in
spam,Congratulations! You won Rs 500. Claim today.
spam,Reward points worth Rs 1000 expiring immediately. Redeem at http://bank-alert.in
spam,Electricity bill pending of Rs 2500000. Pay within 10 minutes at http://verify-kyc.in
spam,Congratulations! You won Rs 500. Claim within 10 minutes.
ham,Movie plan at 6 pm?
spam,Pre-approved loan of Rs 500000. Apply immediately.
spam,Parcel on hold. Update address urgent at http://secure-update.in
ham,Happy Birthday!
ham,Are you free today?
ham,I'm outside your house.
spam,Your ATM card blocked. Share OTP today.
ham,See you in college tomorrow.
spam,Electricity bill pending of Rs 1000. Pay today at http://verify-kyc.in
spam,PAN not linked with Aadhaar. Update today.
spam,PAN not linked with Aadhaar. Update within 10 minutes.
ham,I'm outside your house. https://drive.google.com/file
spam,Congratulations! You won Rs 2500000. Claim urgent.
ham,Let's go for dinner tonight.
spam,Pre-approved loan of Rs 500. Apply immediately.
spam,Pre-approved loan of Rs 500. Apply immediately.
spam,Income tax refund Rs 2500000 approved. Claim today.
spam,RBI alert: Suspicious activity detected. Verify now.
spam,SIM card will be blocked today. Update details at http://bank-alert.in
spam,Congratulations! You won Rs 500000. Claim within 10 minutes.
spam,SIM card will be blocked urgent. Update details at http://bank-alert.in
spam,RBI alert: Suspicious activity detected. Verify immediately.
spam,Income tax refund Rs 5000 approved. Claim immediately.
ham,Your bank transaction of Rs 500 is successful.
spam,"Your account credited with Rs 500000. If not you, report today."
spam,KYC incomplete for HDFC. Submit documents urgent.
spam,Your UPI ID amit@paytm is suspended. Verify within 10 minutes.
ham,Are you free today? https://amazon.in
spam,Your ATM card blocked. Share OTP within 10 minutes.
spam,KYC incomplete for Axis Bank. Submit documents today.
spam,Your UPI ID rahul@ybl is suspended. Verify within 10 minutes.
spam,Your ATM card blocked. Share OTP today.
spam,Reward points worth Rs 1000 expiring immediately. Redeem at http://bank-alert.in
ham,Movie plan at 6 pm?
spam,"Dear customer, your ICICI account will be blocked now. Update KYC at http://bank-alert.in"
spam,"Dear customer, your Axis Bank account will be blocked urgent. Update KYC at http://verify-kyc.in"
spam,"Dear customer, your Axis Bank account will be blocked today. Update KYC at http://upi-check.in"
spam,Your UPI ID amit@paytm is suspended. Verify now.
spam,Your UPI ID amit@paytm is suspended. Verify today.
spam,PAN not linked with Aadhaar. Update today.
ham,Meeting postponed to tomorrow 10 am.
spam,"Dear customer, your Axis Bank account will be blocked today. Update KYC at http://verify-kyc.in"
ham,"Send me 100 rs for the cab, I'll return later."
spam,Income tax refund Rs 10000 approved. Claim within 10 minutes.
ham,Meeting postponed to tomorrow 10 am.
spam,Electricity bill pending of Rs 10000. Pay immediately at http://bank-alert.in
spam,Parcel on hold. Update address now at http://upi-check.in
spam,Your ATM card blocked. Share OTP now.
ham,"Reached safely, call you later."
spam,Congratulations! You won Rs 25000. Claim urgent.
ham,Your order from Amazon is delivered.
spam,Congratulations! You won Rs 10000. Claim urgent.
spam,Electricity bill pending of Rs 2500000. Pay within 10 minutes at http://bank-alert.in
spam,Congratulations! You won Rs 2500000. Claim immediately.
ham,"Reached safely, call you later."
ham,Dinner at 8 pm? https://drive.google.com/file
spam,PAN not linked with Aadhaar. Update immediately.
spam,KYC incomplete for Bank of Baroda. Submit documents today.
spam,Pre-approved loan of Rs 25000. Apply within 10 minutes.
ham,Where are you right now?
spam,Congratulations! You won Rs 500. Claim within 10 minutes.
spam,Income tax refund Rs 500 approved. Claim now.
ham,Electricity bill payment of Rs 500000 received.
spam,Congratulations! You won Rs 5000. Claim today.
spam,KYC incomplete for SBI. Submit documents urgent.
spam,PAN not linked with Aadhaar. Update now.
spam,Reward points worth Rs 10000 expiring immediately. Redeem at http://bank-alert.in
spam,Pre-approved loan of Rs 25000. Apply urgent.
spam,Income tax refund Rs 1000 approved. Claim now.
spam,Job offer confirmed. Pay registration fee Rs 500000 immediately.
spam,Reward points worth Rs 500000 expiring now. Redeem at http://upi-check.in
spam,PAN not linked with Aadhaar. Update now.
spam,Electricity bill pending of Rs 1000. Pay immediately at http://verify-kyc.in
ham,Are you free today?
ham,Please send the notes.
ham,"Reached safely, call you later."
ham,Office meeting link shared on WhatsApp.
spam,Congratulations! You won Rs 500000. Claim within 10 minutes.
spam,Parcel on hold. Update address today at http://upi-check.in
spam,Pre-approved loan of Rs 25000. Apply today.
spam,"Your account credited with Rs 25000. If not you, report within 10 minutes."
spam,RBI alert: Suspicious activity detected. Verify within 10 minutes.
spam,PAN not linked with Aadhaar. Update within 10 minutes.
spam,Parcel on hold. Update address today at http://bank-alert.in
spam,"Your account credited with Rs 5000. If not you, report today."
spam,Your ATM card blocked. Share OTP immediately.
spam,Your UPI ID user@okaxis is suspended. Verify urgent.
spam,"Your account credited with Rs 2500000. If not you, report immediately."
spam,Job offer confirmed. Pay registration fee Rs 500000 today.
spam,Parcel on hold. Update address within 10 minutes at http://secure-update.in
spam,PAN not linked with Aadhaar. Update immediately.
spam,Parcel on hold. Update address now at http://upi-check.in
ham,Movie plan at 6 pm?
spam,Electricity bill pending of Rs 5000. Pay within 10 minutes at http://reward-claim.in
ham,I will reach home in 20 minutes.
spam,Your ATM card blocked. Share OTP now.
ham,Assignment deadline is Monday.
ham,Your bank transaction of Rs 5000 is successful.
ham,Happy Birthday!
spam,"Your account credited with Rs 5000. If not you, report today."
spam,Parcel on hold. Update address now at http://upi-check.in
ham,Let's meet tomorrow evening.
spam,KYC incomplete for PNB. Submit documents today.
spam,SIM card will be blocked urgent. Update details at http://upi-check.in
spam,Congratulations! You won Rs 10000. Claim urgent.
spam,Reward points worth Rs 5000 expiring within 10 minutes. Redeem at http://verify-kyc.in
ham,Happy Birthday!
spam,Job offer confirmed. Pay registration fee Rs 1000 now.
spam,"Your account credited with Rs 25000. If not you, report urgent."
spam,Electricity bill pending of Rs 5000. Pay today at http://secure-update.in
spam,Reward points worth Rs 10000 expiring now. Redeem at http://verify-kyc.in
ham,Can you bring milk on the way back?
ham,Recharge successful for Rs 1000.
spam,KYC incomplete for SBI. Submit documents now.
spam,PAN not linked with Aadhaar. Update today.
spam,SIM card will be blocked within 10 minutes. Update details at http://upi-check.in
ham,"Reached safely, call you later."
ham,Where are you right now? https://meet.google.com/abc-defg-hij
ham,Let's go for dinner tonight.
ham,I will reach home in 20 minutes.
spam,Reward points worth Rs 500000 expiring urgent. Redeem at http://bank-alert.in
spam,"Dear customer, your Axis Bank account will be blocked now. Update KYC at http://verify-kyc.in"
spam,Congratulations! You won Rs 5000. Claim within 10 minutes.
spam,Job offer confirmed. Pay registration fee Rs 500 immediately.
spam,"Dear customer, your PNB account will be blocked within 10 minutes. Update KYC at http://verify-kyc.in"
spam,Your ATM card blocked. Share OTP today.
spam,RBI alert: Suspicious activity detected. Verify urgent.
spam,Income tax refund Rs 500000 approved. Claim urgent.
spam,Electricity bill pending of Rs 1000. Pay immediately at http://secure-update.in
ham,Where are you right now? https://meet.google.com/abc-defg-hij
spam,Pre-approved loan of Rs 500. Apply today.
spam,Congratulations! You won Rs 10000. Claim today.
ham,Your order from Amazon is delivered.
ham,Recharge successful for Rs 2500000.
spam,PAN not linked with Aadhaar. Update within 10 minutes.
spam,Pre-approved loan of Rs 5000. Apply urgent.
spam,"Your account credited with Rs 2500000. If not you, report within 10 minutes."
spam,Your UPI ID rahul@ybl is suspended. Verify now.
spam,Pre-approved loan of Rs 25000. Apply immediately.
ham,Electricity bill payment of Rs 1000 received.
ham,Your bank transaction of Rs 5000 is successful.
ham,Please send the notes.
spam,Your ATM card blocked. Share OTP today.
spam,"Your account credited with Rs 25000. If not you, report today."
spam,Electricity bill pending of Rs 2500000. Pay urgent at http://secure-update.in
spam,SIM card will be blocked today. Update details at http://secure-update.in
spam,RBI alert: Suspicious activity detected. Verify now.
spam,Job offer confirmed. Pay registration fee Rs 500 urgent.
spam,Pre-approved loan of Rs 2500000. Apply within 10 minutes.
spam,Reward points worth Rs 5000 expiring immediately. Redeem at http://verify-kyc.in
ham,I will reach home in 20 minutes.
spam,Reward points worth Rs 2500000 expiring within 10 minutes. Redeem at http://upi-check.in
spam,PAN not linked with Aadhaar. Update within 10 minutes.
spam,Electricity bill pending of Rs 500000. Pay immediately at http://reward-claim.in
spam,KYC incomplete for ICICI. Submit documents urgent.
ham,Let's go for dinner tonight.
spam,Reward points worth Rs 25000 expiring within 10 minutes. Redeem at http://reward-claim.in
spam,Reward points worth Rs 500 expiring immediately. Redeem at http://reward-claim.in
spam,KYC incomplete for ICICI. Submit documents within 10 minutes.
ham,Are you free today? https://drive.google.com/file
spam,Income tax refund Rs 25000 approved. Claim within 10 minutes.
spam,Congratulations! You won Rs 10000. Claim immediately.
spam,Electricity bill pending of Rs 1000. Pay urgent at http://secure-update.in
spam,Income tax refund Rs 25000 approved. Claim now.
ham,Your bank transaction of Rs 10000 is successful.
ham,Please send the notes.
spam,PAN not linked with Aadhaar. Update now.
spam,Income tax refund Rs 1000 approved. Claim within 10 minutes.
spam,Job offer confirmed. Pay registration fee Rs 25000 within 10 minutes.
ham,Call me when you reach home.
spam,SIM card will be blocked immediately. Update details at http://reward-claim.in
spam,Income tax refund Rs 500000 approved. Claim now.
spam,Income tax refund Rs 500000 approved. Claim immediately.
spam,KYC incomplete for SBI. Submit documents immediately.
spam,KYC incomplete for HDFC. Submit documents within 10 minutes.
spam,Electricity bill pending of Rs 1000. Pay now at http://verify-kyc.in
spam,SIM card will be blocked within 10 minutes. Update details at http://reward-claim.in
ham,Office meeting link shared on WhatsApp.
spam,Reward points worth Rs 2500000 expiring immediately. Redeem at http://reward-claim.in
spam,PAN not linked with Aadhaar. Update immediately.
spam,PAN not linked with Aadhaar. Update today.
spam,SIM card will be blocked today. Update details at http://bank-alert.in
spam,SIM card will be blocked immediately. Update details at http://secure-update.in
ham,Can you bring milk on the way back? https://drive.google.com/file
spam,Electricity bill pending of Rs 2500000. Pay immediately at http://secure-update.in
spam,KYC incomplete for SBI. Submit documents immediately.
ham,Let's go for dinner tonight.
spam,RBI alert: Suspicious activity detected. Verify urgent.
spam,KYC incomplete for SBI. Submit documents within 10 minutes.
spam,SIM card will be blocked today. Update details at http://reward-claim.in
ham,Train arriving at 7 pm.
spam,Pre-approved loan of Rs 25000. Apply now.
spam,"Dear customer, your Bank of Baroda account will be blocked today. Update KYC at http://upi-check.in"
spam,Parcel on hold. Update address now at http://bank-alert.in
spam,Congratulations! You won Rs 500000. Claim urgent.
spam,Parcel on hold. Update address within 10 minutes at http://secure-update.in
ham,Dinner at 8 pm? https://youtube.com
spam,KYC incomplete for PNB. Submit documents today.
spam,Electricity bill pending of Rs 10000. Pay immediately at http://upi-check.in
ham,Office meeting link shared on WhatsApp.
spam,Pre-approved loan of Rs 5000. Apply immediately.
ham,Did you check the document I shared? https://drive.google.com/file
ham,Did you check the document I shared?
spam,PAN not linked with Aadhaar. Update immediately.
spam,KYC incomplete for HDFC. Submit documents immediately.
spam,Job offer confirmed. Pay registration fee Rs 10000 urgent.
ham,Can you bring milk on the way back?
spam,PAN not linked with Aadhaar. Update within 10 minutes.
spam,"Your account credited with Rs 1000. If not you, report within 10 minutes."
spam,Congratulations! You won Rs 500. Claim within 10 minutes.
spam,RBI alert: Suspicious activity detected. Verify urgent.
spam,RBI alert: Suspicious activity detected. Verify immediately.
ham,Happy Birthday!
spam,Income tax refund Rs 500000 approved. Claim now.
ham,Are you free today? https://youtube.com
spam,Your UPI ID rahul@ybl is suspended. Verify now.
ham,Assignment deadline is Monday.
ham,Let's go for dinner tonight.
ham,Can you bring milk on the way back? https://drive.google.com/file
spam,SIM card will be blocked urgent. Update details at http://verify-kyc.in
ham,See you in college tomorrow.
spam,Pre-approved loan of Rs 2500000. Apply urgent.
spam,SIM card will be blocked now. Update details at http://reward-claim.in
spam,RBI alert: Suspicious activity detected. Verify urgent.
ham,Did you check the document I shared?
spam,Your ATM card blocked. Share OTP urgent.
spam,Reward points worth Rs 500 expiring today. Redeem at http://verify-kyc.in
spam,KYC incomplete for SBI. Submit documents urgent.
spam,Your ATM card blocked. Share OTP immediately.
spam,"Dear customer, your HDFC account will be blocked immediately. Update KYC at http://upi-check.in"
spam,KYC incomplete for Bank of Baroda. Submit documents within 10 minutes.
ham,Movie plan at 6 pm?
spam,RBI alert: Suspicious activity detected. Verify within 10 minutes.
spam,Your UPI ID rahul@ybl is suspended. Verify urgent.
spam,"Dear customer, your Bank of Baroda account will be blocked today. Update KYC at http://bank-alert.in"
spam,RBI alert: Suspicious activity detected. Verify now.
spam,Reward points worth Rs 500000 expiring urgent. Redeem at http://verify-kyc.in
spam,"Your account credited with Rs 500. If not you, report today."
spam,PAN not linked with Aadhaar. Update within 10 minutes.
spam,Electricity bill pending of Rs 500. Pay within 10 minutes at http://upi-check.in
ham,See you in college tomorrow.
ham,Meeting moved to 5 pm today.
spam,Job offer confirmed. Pay registration fee Rs 10000 urgent.
ham,Dinner at 8 pm?
spam,Pre-approved loan of Rs 2500000. Apply urgent.
spam,Income tax refund Rs 500000 approved. Claim today.
spam,Your UPI ID hitesh@upi is suspended. Verify within 10 minutes.
spam,Your ATM card blocked. Share OTP now.
spam,Your UPI ID rahul@ybl is suspended. Verify today.
spam,Reward points worth Rs 25000 expiring within 10 minutes. Redeem at http://bank-alert.in
ham,Train arriving at 7 pm.
spam,SIM card will be blocked within 10 minutes. Update details at http://verify-kyc.in
spam,Parcel on hold. Update address within 10 minutes at http://bank-alert.in
spam,Your ATM card blocked. Share OTP within 10 minutes.
spam,Job offer confirmed. Pay registration fee Rs 10000 now.
spam,Your ATM card blocked. Share OTP within 10 minutes.
ham,Let's go for dinner tonight.
ham,Your bank transaction of Rs 500 is successful.
spam,Your ATM card blocked. Share OTP now.
spam,Income tax refund Rs 2500000 approved. Claim urgent.
spam,"Your account credited with Rs 5000. If not you, report immediately."
ham,Movie plan at 6 pm?
ham,Did you check the document I shared? https://drive.google.com/file
spam,Electricity bill pending of Rs 500. Pay within 10 minutes at http://verify-kyc.in
ham,Where are you right now?
ham,Call me when you reach home.
spam,Parcel on hold. Update address today at http://bank-alert.in
spam,RBI alert: Suspicious activity detected. Verify immediately.
spam,PAN not linked with Aadhaar. Update immediately.
spam,Congratulations! You won Rs 5000. Claim within 10 minutes.
spam,Parcel on hold. Update address within 10 minutes at http://upi-check.in
ham,I'm outside your house. https://amazon.in
ham,Did you check the document I shared?
spam,SIM card will be blocked immediately. Update details at http://reward-claim.in
spam,Pre-approved loan of Rs 5000. Apply within 10 minutes.
ham,Movie plan at 6 pm?
spam,Electricity bill pending of Rs 500000. Pay within 10 minutes at http://secure-update.in
spam,Job offer confirmed. Pay registration fee Rs 1000 urgent.
spam,Pre-approved loan of Rs 1000. Apply within 10 minutes.
spam,Congratulations! You won Rs 5000. Claim today.
spam,Your UPI ID user@okaxis is suspended. Verify now.
spam,"Your account credited with Rs 1000. If not you, report urgent."
spam,Congratulations! You won Rs 1000. Claim within 10 minutes.
ham,Can you bring milk on the way back? https://drive.google.com/file
spam,"Dear customer, your PNB account will be blocked within 10 minutes. Update KYC at http://upi-check.in"
spam,Electricity bill pending of Rs 5000. Pay urgent at http://verify-kyc.in
spam,Electricity bill pending of Rs 2500000. Pay within 10 minutes at http://upi-check.in
spam,Congratulations! You won Rs 10000. Claim urgent.
spam,Your ATM card blocked. Share OTP now.
spam,Parcel on hold. Update address today at http://upi-check.in
spam,Your ATM card blocked. Share OTP within 10 minutes.
ham,Movie plan at 6 pm?
spam,Parcel on hold. Update address today at http://upi-check.in
spam,Your ATM card blocked. Share OTP now.
ham,Your bank transaction of Rs 25000 is successful.
spam,Pre-approved loan of Rs 10000. Apply today.
ham,Recharge successful for Rs 25000.
ham,Meeting postponed to tomorrow 10 am.
spam,Electricity bill pending of Rs 500000. Pay now at http://upi-check.in
spam,Pre-approved loan of Rs 1000. Apply today.
spam,Income tax refund Rs 500000 approved. Claim immediately.
spam,Electricity bill pending of Rs 1000. Pay within 10 minutes at http://verify-kyc.in
spam,Congratulations! You won Rs 25000. Claim immediately.
spam,"Dear customer, your HDFC account will be blocked urgent. Update KYC at http://upi-check.in"
ham,"Send me 100 rs for the cab, I'll return later."
ham,Your bank transaction of Rs 25000 is successful.
spam,Job offer confirmed. Pay registration fee Rs 500000 within 10 minutes.
spam,"Dear customer, your HDFC account will be blocked immediately. Update KYC at http://bank-alert.in"
spam,Your UPI ID rahul@ybl is suspended. Verify within 10 minutes.
spam,SIM card will be blocked immediately. Update details at http://reward-claim.in
ham,Movie plan at 6 pm?
ham,I'm outside your house.
spam,Parcel on hold. Update address immediately at http://upi-check.in
spam,"Your account credited with Rs 2500000. If not you, report now."
spam,SIM card will be blocked today. Update details at http://upi-check.in
spam,Electricity bill pending of Rs 1000. Pay now at http://verify-kyc.in
spam,Reward points worth Rs 500000 expiring immediately. Redeem at http://reward-claim.in
ham,Your bank transaction of Rs 500 is successful.
spam,KYC incomplete for ICICI. Submit documents immediately.
spam,SIM card will be blocked within 10 minutes. Update details at http://verify-kyc.in
ham,Movie plan at 6 pm?
spam,Income tax refund Rs 500000 approved. Claim now.
spam,Income tax refund Rs 2500000 approved. Claim now.
ham,Your order from Amazon is delivered.
ham,I'm outside your house. https://youtube.com
spam,Job offer confirmed. Pay registration fee Rs 500000 today.
spam,Reward points worth Rs 500 expiring now. Redeem at http://reward-claim.in
spam,Electricity bill pending of Rs 500. Pay urgent at http://upi-check.in
spam,RBI alert: Suspicious activity detected. Verify urgent.
ham,Dinner at 8 pm? https://youtube.com
spam,Pre-approved loan of Rs 1000. Apply within 10 minutes.
spam,Your ATM card blocked. Share OTP today.
spam,SIM card will be blocked immediately. Update details at http://upi-check.in
spam,Your ATM card blocked. Share OTP immediately.
spam,RBI alert: Suspicious activity detected. Verify immediately.
ham,Your bank transaction of Rs 1000 is successful.
spam,Pre-approved loan of Rs 25000. Apply immediately.
spam,Income tax refund Rs 2500000 approved. Claim now.
ham,Meeting moved to 5 pm today. https://amazon.in
spam,Electricity bill pending of Rs 500000. Pay now at http://reward-claim.in
spam,Your UPI ID rahul@ybl is suspended. Verify urgent.
ham,Where are you right now? https://amazon.in
spam,Congratulations! You won Rs 2500000. Claim immediately.
ham,Let's go for dinner tonight.
spam,Income tax refund Rs 500 approved. Claim now.
spam,Job offer confirmed. Pay registration fee Rs 500 immediately.
spam,Parcel on hold. Update address immediately at http://secure-update.in
spam,Your ATM card blocked. Share OTP within 10 minutes.
ham,Recharge successful for Rs 500.
spam,"Dear customer, your PNB account will be blocked urgent. Update KYC at http://bank-alert.in"
ham,Meeting moved to 5 pm today.
spam,KYC incomplete for ICICI. Submit documents within 10 minutes.
spam,Congratulations! You won Rs 5000. Claim immediately.
spam,Electricity bill pending of Rs 10000. Pay immediately at http://bank-alert.in
spam,SIM card will be blocked immediately. Update details at http://secure-update.in
spam,Electricity bill pending of Rs 500. Pay immediately at http://reward-claim.in
spam,"Dear customer, your Bank of Baroda account will be blocked urgent. Update KYC at http://secure-update.in"
ham,Assignment deadline is Monday.
ham,"Reached safely, call you later."
spam,SIM card will be blocked today. Update details at http://secure-update.in
spam,Your UPI ID hitesh@upi is suspended. Verify immediately.
spam,Your UPI ID user@okaxis is suspended. Verify within 10 minutes.
ham,Assignment deadline is Monday.
spam,"Dear customer, your Axis Bank account will be blocked immediately. Update KYC at http://bank-alert.in"
ham,Let's meet tomorrow evening.
spam,KYC incomplete for SBI. Submit documents now.
spam,Income tax refund Rs 500 approved. Claim within 10 minutes.
spam,KYC incomplete for PNB. Submit documents today.
ham,"Reached safely, call you later."
ham,Office meeting link shared on WhatsApp.
spam,Your ATM card blocked. Share OTP within 10 minutes.
spam,Your UPI ID user@okaxis is suspended. Verify within 10 minutes.
ham,Office meeting link shared on WhatsApp.
spam,KYC incomplete for HDFC. Submit documents now.
ham,"Send me 100 rs for the cab, I'll return later. https://youtube.com"
spam,Job offer confirmed. Pay registration fee Rs 1000 urgent.
spam,"Your account credited with Rs 2500000. If not you, report now."
spam,PAN not linked with Aadhaar. Update within 10 minutes.
ham,Let's go for dinner tonight.
ham,Movie plan at 6 pm?
spam,KYC incomplete for PNB. Submit documents within 10 minutes.
spam,RBI alert: Suspicious activity detected. Verify now.
spam,Reward points worth Rs 500000 expiring now. Redeem at http://upi-check.in
spam,Job offer confirmed. Pay registration fee Rs 1000 now.
spam,Congratulations! You won Rs 2500000. Claim urgent.
spam,KYC incomplete for SBI. Submit documents urgent.
spam,KYC incomplete for Bank of Baroda. Submit documents today.
spam,Congratulations! You won Rs 500. Claim within 10 minutes.
spam,Job offer confirmed. Pay registration fee Rs 25000 now.
ham,Electricity bill payment of Rs 25000 received.
spam,KYC incomplete for ICICI. Submit documents today.
ham,Are you free today?
spam,RBI alert: Suspicious activity detected. Verify immediately.
ham,Recharge successful for Rs 2500000.
ham,Let's go for dinner tonight.
ham,Meeting postponed to tomorrow 10 am.
spam,Income tax refund Rs 500000 approved. Claim urgent.
spam,KYC incomplete for Axis Bank. Submit documents today.
spam,Parcel on hold. Update address now at http://bank-alert.in
ham,See you in college tomorrow.
spam,SIM card will be blocked immediately. Update details at http://secure-update.in
spam,SIM card will be blocked within 10 minutes. Update details at http://bank-alert.in
spam,Income tax refund Rs 500000 approved. Claim today.
spam,SIM card will be blocked within 10 minutes. Update details at http://reward-claim.in
spam,Electricity bill pending of Rs 10000. Pay urgent at http://verify-kyc.in
ham,Happy Birthday!
spam,"Dear customer, your Bank of Baroda account will be blocked today. Update KYC at http://verify-kyc.in"
spam,Reward points worth Rs 500 expiring immediately. Redeem at http://upi-check.in
spam,KYC incomplete for PNB. Submit documents within 10 minutes.
ham,Movie plan at 6 pm?
spam,Job offer confirmed. Pay registration fee Rs 10000 today.
spam,Job offer confirmed. Pay registration fee Rs 5000 now.
spam,Your UPI ID rahul@ybl is suspended. Verify today.
spam,RBI alert: Suspicious activity detected. Verify today.
spam,KYC incomplete for ICICI. Submit documents now.
spam,Reward points worth Rs 10000 expiring immediately. Redeem at http://bank-alert.in
spam,Your ATM card blocked. Share OTP immediately.
ham,Recharge successful for Rs 5000.
spam,RBI alert: Suspicious activity detected. Verify today.
spam,Electricity bill pending of Rs 25000. Pay urgent at http://upi-check.in
spam,KYC incomplete for Axis Bank. Submit documents today.
spam,KYC incomplete for SBI. Submit documents within 10 minutes.
spam,Electricity bill pending of Rs 500. Pay urgent at http://verify-kyc.in
ham,See you in college tomorrow.
spam,Your ATM card blocked. Share OTP urgent.
spam,PAN not linked with Aadhaar. Update now.
spam,"Dear customer, your SBI account will be blocked now. Update KYC at http://verify-kyc.in"
spam,Electricity bill pending of Rs 10000. Pay immediately at http://secure-update.in
ham,Electricity bill payment of Rs 10000 received.
spam,Parcel on hold. Update address now at http://secure-update.in
spam,Congratulations! You won Rs 10000. Claim today.
ham,Office meeting link shared on WhatsApp.
ham,Happy Birthday!
spam,"Dear customer, your ICICI account will be blocked today. Update KYC at http://secure-update.in"
spam,Parcel on hold. Update address within 10 minutes at http://secure-update.in
ham,"Send me 100 rs for the cab, I'll return later. https://maps.google.com"
spam,"Dear customer, your SBI account will be blocked urgent. Update KYC at http://upi-check.in"
spam,Congratulations! You won Rs 500000. Claim now.
spam,Your ATM card blocked. Share OTP immediately.
spam,SIM card will be blocked within 10 minutes. Update details at http://reward-claim.in
ham,Are you free today?
spam,Electricity bill pending of Rs 500. Pay today at http://upi-check.in
spam,Job offer confirmed. Pay registration fee Rs 10000 now.
ham,Can you bring milk on the way back? https://drive.google.com/file
ham,Your order from Amazon is delivered.
spam,"Dear customer, your Axis Bank account will be blocked now. Update KYC at http://verify-kyc.in"
spam,Your UPI ID user@okaxis is suspended. Verify urgent.
spam,Pre-approved loan of Rs 5000. Apply today.
spam,RBI alert: Suspicious activity detected. Verify today.
spam,"Your account credited with Rs 2500000. If not you, report within 10 minutes."
ham,Assignment deadline is Monday.
spam,Pre-approved loan of Rs 1000. Apply now.
spam,Your ATM card blocked. Share OTP now.
spam,Parcel on hold. Update address now at http://upi-check.in
spam,Job offer confirmed. Pay registration fee Rs 10000 within 10 minutes.
spam,"Your account credited with Rs 5000. If not you, report within 10 minutes."
ham,I'm outside your house. https://youtube.com
spam,Income tax refund Rs 5000 approved. Claim now.
ham,I'm outside your house.
spam,"Your account credited with Rs 25000. If not you, report within 10 minutes."
ham,Meeting moved to 5 pm today. https://youtube.com
spam,Income tax refund Rs 500 approved. Claim today.
ham,Happy Birthday!
spam,SIM card will be blocked urgent. Update details at http://secure-update.in
spam,"Dear customer, your Bank of Baroda account will be blocked within 10 minutes. Update KYC at http://secure-update.in"
spam,KYC incomplete for SBI. Submit documents now.
spam,PAN not linked with Aadhaar. Update today.
spam,Your ATM card blocked. Share OTP within 10 minutes.
spam,Congratulations! You won Rs 25000. Claim now.
spam,Your UPI ID rahul@ybl is suspended. Verify now.
spam,RBI alert: Suspicious activity detected. Verify immediately.
spam,Electricity bill pending of Rs 2500000. Pay urgent at http://upi-check.in
spam,Parcel on hold. Update address now at http://upi-check.in
ham,Recharge successful for Rs 5000.
spam,Your UPI ID amit@paytm is suspended. Verify today.
spam,Reward points worth Rs 500 expiring urgent. Redeem at http://verify-kyc.in
spam,Congratulations! You won Rs 500. Claim urgent.
spam,"Your account credited with Rs 25000. If not you, report immediately."
spam,SIM card will be blocked now. Update details at http://upi-check.in
spam,PAN not linked with Aadhaar. Update urgent.
ham,Your bank transaction of Rs 1000 is successful.
spam,Parcel on hold. Update address today at http://verify-kyc.in
spam,Electricity bill pending of Rs 5000. Pay urgent at http://secure-update.in
spam,Parcel on hold. Update address immediately at http://reward-claim.in
spam,Electricity bill pending of Rs 10000. Pay today at http://bank-alert.in
spam,Congratulations! You won Rs 2500000. Claim urgent.
ham,Meeting postponed to tomorrow 10 am.
spam,"Dear customer, your Axis Bank account will be blocked today. Update KYC at http://upi-check.in"
spam,Parcel on hold. Update address urgent at http://secure-update.in
ham,"Send me 100 rs for the cab, I'll return later."
spam,"Dear customer, your PNB account will be blocked today. Update KYC at http://verify-kyc.in"
spam,Reward points worth Rs 500 expiring within 10 minutes. Redeem at http://upi-check.in
spam,Electricity bill pending of Rs 10000. Pay immediately at http://reward-claim.in
spam,Income tax refund Rs 500000 approved. Claim immediately.
spam,Your ATM card blocked. Share OTP urgent.
spam,Income tax refund Rs 1000 approved. Claim within 10 minutes.
spam,Income tax refund Rs 25000 approved. Claim immediately.
ham,"Send me 100 rs for the cab, I'll return later. https://meet.google.com/abc-defg-hij"
spam,KYC incomplete for ICICI. Submit documents urgent.
spam,Congratulations! You won Rs 500000. Claim urgent.
spam,Reward points worth Rs 10000 expiring now. Redeem at http://bank-alert.in
spam,Parcel on hold. Update address urgent at http://bank-alert.in
ham,Assignment deadline is Monday.
spam,Electricity bill pending of Rs 1000. Pay within 10 minutes at http://verify-kyc.in
spam,Electricity bill pending of Rs 25000. Pay immediately at http://verify-kyc.in
spam,Parcel on hold. Update address now at http://verify-kyc.in
ham,Let's go for dinner tonight.
ham,Happy Birthday!
ham,Call me when you reach home.
spam,Electricity bill pending of Rs 25000. Pay urgent at http://verify-kyc.in
ham,Your order from Amazon is delivered.
ham,Recharge successful for Rs 1000.
spam,Job offer confirmed. Pay registration fee Rs 2500000 today.
spam,Electricity bill pending of Rs 1000. Pay immediately at http://reward-claim.in
spam,Income tax refund Rs 25000 approved. Claim today.
spam,PAN not linked with Aadhaar. Update now.
spam,Parcel on hold. Update address today at http://verify-kyc.in
spam,"Dear customer, your SBI account will be blocked within 10 minutes. Update KYC at http://upi-check.in"
spam,"Your account credited with Rs 5000. If not you, report immediately."
spam,KYC incomplete for Axis Bank. Submit documents within 10 minutes.
spam,Parcel on hold. Update address urgent at http://verify-kyc.in
spam,"Dear customer, your Axis Bank account will be blocked today. Update KYC at http://verify-kyc.in"
ham,Recharge successful for Rs 1000.
spam,Your ATM card blocked. Share OTP today.
ham,Please send the notes.
spam,KYC incomplete for Axis Bank. Submit documents urgent.
spam,Income tax refund Rs 500 approved. Claim today.
ham,Where are you right now? https://amazon.in
spam,RBI alert: Suspicious activity detected. Verify within 10 minutes.
spam,SIM card will be blocked within 10 minutes. Update details at http://secure-update.in
spam,Your UPI ID rahul@ybl is suspended. Verify today.
spam,PAN not linked with Aadhaar. Update immediately.
spam,Pre-approved loan of Rs 1000. Apply immediately.
spam,Income tax refund Rs 500 approved. Claim now.
ham,Office meeting link shared on WhatsApp.
ham,Recharge successful for Rs 1000.
spam,SIM card will be blocked now. Update details at http://bank-alert.in
spam,Income tax refund Rs 25000 approved. Claim today.
spam,Reward points worth Rs 25000 expiring today. Redeem at http://verify-kyc.in
spam,Electricity bill pending of Rs 500. Pay within 10 minutes at http://reward-claim.in
spam,Your UPI ID amit@paytm is suspended. Verify within 10 minutes.
spam,Pre-approved loan of Rs 2500000. Apply urgent.
ham,Meeting postponed to tomorrow 10 am.
spam,Income tax refund Rs 2500000 approved. Claim within 10 minutes.
spam,Congratulations! You won Rs 2500000. Claim within 10 minutes.
spam,Reward points worth Rs 25000 expiring today. Redeem at http://bank-alert.in
ham,Recharge successful for Rs 1000.
spam,Pre-approved loan of Rs 500000. Apply now.
spam,Electricity bill pending of Rs 500000. Pay urgent at http://reward-claim.in
spam,Income tax refund Rs 1000 approved. Claim within 10 minutes.
spam,"Your account credited with Rs 25000. If not you, report now."
ham,See you in college tomorrow.
spam,Your ATM card blocked. Share OTP urgent.
spam,Congratulations! You won Rs 25000. Claim urgent.
ham,Call me when you reach home. https://amazon.in
ham,Your order from Amazon is delivered.
spam,"Your account credited with Rs 2500000. If not you, report today."
spam,"Your account credited with Rs 5000. If not you, report now."
ham,"Send me 100 rs for the cab, I'll return later."
spam,"Dear customer, your Bank of Baroda account will be blocked now. Update KYC at http://bank-alert.in"
spam,Job offer confirmed. Pay registration fee Rs 25000 today.
spam,Congratulations! You won Rs 25000. Claim immediately.
ham,Train arriving at 7 pm.
spam,Job offer confirmed. Pay registration fee Rs 500 urgent.
ham,Can you bring milk on the way back? https://drive.google.com/file
ham,Your bank transaction of Rs 1000 is successful.
spam,Job offer confirmed. Pay registration fee Rs 1000 now.
spam,RBI alert: Suspicious activity detected. Verify within 10 minutes.
spam,"Dear customer, your PNB account will be blocked urgent. Update KYC at http://verify-kyc.in"
ham,See you in college tomorrow.
spam,"Dear customer, your PNB account will be blocked within 10 minutes. Update KYC at http://upi-check.in"
spam,"Your account credited with Rs 5000. If not you, report urgent."
spam,Electricity bill pending of Rs 1000. Pay within 10 minutes at http://verify-kyc.in
ham,Your order from Amazon is delivered.
ham,I'm outside your house. https://maps.google.com
ham,Where are you right now? https://drive.google.com/file
spam,Your UPI ID hitesh@upi is suspended. Verify immediately.
spam,SIM card will be blocked urgent. Update details at http://upi-check.in
ham,Your order from Amazon is delivered.
spam,Parcel on hold. Update address today at http://bank-alert.in
spam,Your ATM card blocked. Share OTP within 10 minutes.
ham,See you in college tomorrow.
ham,Recharge successful for Rs 1000.
spam,"Dear customer, your HDFC account will be blocked urgent. Update KYC at http://reward-claim.in"
spam,Your UPI ID user@okaxis is suspended. Verify today.
ham,I will reach home in 20 minutes.
spam,Reward points worth Rs 500 expiring today. Redeem at http://reward-claim.in
ham,Call me when you reach home.
spam,Electricity bill pending of Rs 25000. Pay now at http://upi-check.in
spam,"Your account credited with Rs 500000. If not you, report urgent."
spam,Job offer confirmed. Pay registration fee Rs 2500000 now.
spam,SIM card will be blocked today. Update details at http://upi-check.in
spam,SIM card will be blocked now. Update details at http://secure-update.in
spam,Income tax refund Rs 5000 approved. Claim within 10 minutes.
spam,RBI alert: Suspicious activity detected. Verify within 10 minutes.
spam,KYC incomplete for ICICI. Submit documents within 10 minutes.
spam,Your UPI ID hitesh@upi is suspended. Verify today.
spam,PAN not linked with Aadhaar. Update now.
spam,Congratulations! You won Rs 25000. Claim immediately.
spam,Job offer confirmed. Pay registration fee Rs 10000 immediately.
spam,Electricity bill pending of Rs 500000. Pay within 10 minutes at http://verify-kyc.in
spam,Income tax refund Rs 1000 approved. Claim immediately.
spam,Reward points worth Rs 1000 expiring immediately. Redeem at http://upi-check.in
ham,Meeting postponed to tomorrow 10 am.
spam,Congratulations! You won Rs 2500000. Claim within 10 minutes.
ham,Where are you right now? https://amazon.in
ham,Electricity bill payment of Rs 500000 received.
ham,Your order from Amazon is delivered.
spam,Pre-approved loan of Rs 1000. Apply urgent.
ham,Where are you right now?
spam,"Dear customer, your Bank of Baroda account will be blocked within 10 minutes. Update KYC at http://upi-check.in"
spam,Parcel on hold. Update address today at http://secure-update.in
spam,Income tax refund Rs 500000 approved. Claim urgent.
spam,SIM card will be blocked immediately. Update details at http://secure-update.in
spam,Reward points worth Rs 10000 expiring within 10 minutes. Redeem at http://secure-update.in
spam,Your UPI ID amit@paytm is suspended. Verify within 10 minutes.
spam,Your UPI ID amit@paytm is suspended. Verify today.
spam,Reward points worth Rs 5000 expiring within 10 minutes. Redeem at http://secure-update.in
ham,See you in college tomorrow.
ham,Did you check the document I shared? https://maps.google.com
spam,SIM card will be blocked today. Update details at http://secure-update.in
ham,Let's meet tomorrow evening. https://amazon.in
spam,Job offer confirmed. Pay registration fee Rs 500 immediately.
spam,RBI alert: Suspicious activity detected. Verify urgent.
spam,KYC incomplete for ICICI. Submit documents now.
spam,PAN not linked with Aadhaar. Update now.
spam,Pre-approved loan of Rs 5000. Apply today.
spam,Your UPI ID amit@paytm is suspended. Verify urgent.
ham,Happy Birthday!
spam,PAN not linked with Aadhaar. Update immediately.
ham,I'm outside your house. https://youtube.com
spam,Electricity bill pending of Rs 2500000. Pay within 10 minutes at http://secure-update.in
ham,Dinner at 8 pm? https://meet.google.com/abc-defg-hij
ham,I'm outside your house.
spam,KYC incomplete for ICICI. Submit documents within 10 minutes.
spam,SIM card will be blocked urgent. Update details at http://upi-check.in
spam,Electricity bill pending of Rs 5000. Pay now at http://upi-check.in
spam,Congratulations! You won Rs 500000. Claim immediately.
ham,Electricity bill payment of Rs 2500000 received.
spam,Reward points worth Rs 5000 expiring today. Redeem at http://reward-claim.in
spam,"Dear customer, your PNB account will be blocked within 10 minutes. Update KYC at http://bank-alert.in"
spam,RBI alert: Suspicious activity detected. Verify urgent.
spam,Job offer confirmed. Pay registration fee Rs 10000 within 10 minutes.
spam,Your UPI ID user@okaxis is suspended. Verify urgent.
spam,Income tax refund Rs 5000 approved. Claim immediately.
ham,Train arriving at 7 pm.
spam,SIM card will be blocked urgent. Update details at http://secure-update.in
spam,Electricity bill pending of Rs 500000. Pay today at http://secure-update.in
spam,Your UPI ID rahul@ybl is suspended. Verify urgent.
spam,Congratulations! You won Rs 25000. Claim urgent.
spam,Electricity bill pending of Rs 1000. Pay urgent at http://upi-check.in
ham,Did you check the document I shared?
spam,Reward points worth Rs 10000 expiring now. Redeem at http://upi-check.in
spam,SIM card will be blocked within 10 minutes. Update details at http://bank-alert.in
spam,Your ATM card blocked. Share OTP today.
spam,PAN not linked with Aadhaar. Update now.
ham,Your order from Amazon is delivered.
spam,Income tax refund Rs 500000 approved. Claim immediately.
ham,Office meeting link shared on WhatsApp.
spam,Electricity bill pending of Rs 500. Pay immediately at http://upi-check.in
ham,Please send the notes.
spam,RBI alert: Suspicious activity detected. Verify immediately.
spam,Congratulations! You won Rs 10000. Claim now.
ham,I will reach home in 20 minutes.
spam,Parcel on hold. Update address within 10 minutes at http://secure-update.in
spam,Income tax refund Rs 500 approved. Claim today.
ham,Let's meet tomorrow evening.
ham,I'm outside your house. https://amazon.in
spam,KYC incomplete for SBI. Submit documents urgent.
spam,Your ATM card blocked. Share OTP urgent.
ham,See you in college tomorrow.
spam,Job offer confirmed. Pay registration fee Rs 10000 immediately.
ham,Office meeting link shared on WhatsApp.
spam,Pre-approved loan of Rs 500. Apply within 10 minutes.
spam,PAN not linked with Aadhaar. Update immediately.
spam,Congratulations! You won Rs 500. Claim urgent.
spam,RBI alert: Suspicious activity detected. Verify within 10 minutes.
ham,Please send the notes.
spam,Reward points worth Rs 2500000 expiring immediately. Redeem at http://bank-alert.in
ham,Electricity bill payment of Rs 500000 received.
ham,Electricity bill payment of Rs 2500000 received.
spam,PAN not linked with Aadhaar. Update now.
ham,Where are you right now?
ham,Where are you right now?
spam,Parcel on hold. Update address immediately at http://upi-check.in
ham,Let's go for dinner tonight.
spam,Electricity bill pending of Rs 10000. Pay today at http://reward-claim.in
spam,Your UPI ID hitesh@upi is suspended. Verify urgent.
spam,Job offer confirmed. Pay registration fee Rs 2500000 now.
spam,KYC incomplete for Bank of Baroda. Submit documents now.
spam,"Dear customer, your Axis Bank account will be blocked urgent. Update KYC at http://secure-update.in"
spam,Your UPI ID user@okaxis is suspended. Verify today.
spam,"Your account credited with Rs 1000. If not you, report now."
spam,Parcel on hold. Update address today at http://secure-update.in
ham,Where are you right now?
ham,Are you free today? https://amazon.in
spam,Income tax refund Rs 500 approved. Claim immediately.
ham,I'm outside your house.
spam,SIM card will be blocked now. Update details at http://reward-claim.in
spam,RBI alert: Suspicious activity detected. Verify now.
ham,Can you bring milk on the way back? https://drive.google.com/file
spam,Pre-approved loan of Rs 5000. Apply now.
spam,PAN not linked with Aadhaar. Update urgent.
spam,RBI alert: Suspicious activity detected. Verify immediately.
ham,"Reached safely, call you later."
spam,SIM card will be blocked now. Update details at http://reward-claim.in
spam,Your UPI ID hitesh@upi is suspended. Verify immediately.
spam,"Dear customer, your SBI account will be blocked today. Update KYC at http://secure-update.in"
spam,"Your account credited with Rs 1000. If not you, report today."
ham,Assignment deadline is Monday.
spam,Income tax refund Rs 1000 approved. Claim now.
spam,"Your account credited with Rs 2500000. If not you, report today."
spam,Income tax refund Rs 500000 approved. Claim today.
ham,Let's meet tomorrow evening.
spam,RBI alert: Suspicious activity detected. Verify immediately.
spam,Parcel on hold. Update address now at http://verify-kyc.in
spam,"Dear customer, your PNB account will be blocked immediately. Update KYC at http://verify-kyc.in"
spam,Reward points worth Rs 10000 expiring today. Redeem at http://verify-kyc.in
spam,Electricity bill pending of Rs 500000. Pay within 10 minutes at http://verify-kyc.in
ham,Movie plan at 6 pm?
spam,Income tax refund Rs 25000 approved. Claim within 10 minutes.
spam,Your UPI ID hitesh@upi is suspended. Verify urgent.
spam,KYC incomplete for ICICI. Submit documents immediately.
ham,Let's go for dinner tonight.
ham,Electricity bill payment of Rs 25000 received.
spam,Reward points worth Rs 25000 expiring within 10 minutes. Redeem at http://bank-alert.in
spam,Income tax refund Rs 5000 approved. Claim today.
spam,"Dear customer, your SBI account will be blocked immediately. Update KYC at http://bank-alert.in"
spam,PAN not linked with Aadhaar. Update within 10 minutes.
spam,"Your account credited with Rs 2500000. If not you, report today."
spam,Electricity bill pending of Rs 10000. Pay now at http://upi-check.in
spam,Reward points worth Rs 25000 expiring urgent. Redeem at http://verify-kyc.in
spam,Income tax refund Rs 500000 approved. Claim urgent.
ham,I'm outside your house. https://meet.google.com/abc-defg-hij
spam,Reward points worth Rs 500000 expiring immediately. Redeem at http://upi-check.in
spam,Pre-approved loan of Rs 500000. Apply within 10 minutes.
spam,Pre-approved loan of Rs 1000. Apply within 10 minutes.
spam,"Dear customer, your PNB account will be blocked urgent. Update KYC at http://verify-kyc.in"
spam,Parcel on hold. Update address within 10 minutes at http://secure-update.in
spam,Parcel on hold. Update address urgent at http://verify-kyc.in
spam,PAN not linked with Aadhaar. Update today.
spam,PAN not linked with Aadhaar. Update urgent.
spam,"Your account credited with Rs 2500000. If not you, report urgent."
spam,SIM card will be blocked immediately. Update details at http://upi-check.in
spam,Job offer confirmed. Pay registration fee Rs 500 within 10 minutes.
spam,SIM card will be blocked within 10 minutes. Update details at http://bank-alert.in
ham,Let's go for dinner tonight.
spam,Electricity bill pending of Rs 5000. Pay today at http://secure-update.in
spam,Your UPI ID hitesh@upi is suspended. Verify immediately.
ham,Meeting postponed to tomorrow 10 am.
spam,"Dear customer, your PNB account will be blocked immediately. Update KYC at http://secure-update.in"
spam,"Your account credited with Rs 25000. If not you, report urgent."
ham,Did you check the document I shared?
spam,Job offer confirmed. Pay registration fee Rs 1000 now.
spam,Parcel on hold. Update address within 10 minutes at http://upi-check.in
spam,Reward points worth Rs 500 expiring within 10 minutes. Redeem at http://verify-kyc.in
spam,Your ATM card blocked. Share OTP now.
ham,Did you check the document I shared? https://youtube.com
spam,"Dear customer, your ICICI account will be blocked within 10 minutes. Update KYC at http://upi-check.in"
ham,Meeting moved to 5 pm today. https://amazon.in
spam,Congratulations! You won Rs 500000. Claim today.
spam,SIM card will be blocked now. Update details at http://bank-alert.in
spam,Congratulations! You won Rs 2500000. Claim today.
ham,"Reached safely, call you later."
spam,Reward points worth Rs 2500000 expiring today. Redeem at http://secure-update.in
ham,Are you free today? https://youtube.com
ham,I'm outside your house. https://drive.google.com/file
spam,PAN not linked with Aadhaar. Update now.
spam,Electricity bill pending of Rs 10000. Pay now at http://upi-check.in
ham,Where are you right now?
ham,Your order from Amazon is delivered.
spam,RBI alert: Suspicious activity detected. Verify urgent.
ham,Office meeting link shared on WhatsApp.
ham,"Reached safely, call you later."
ham,Assignment deadline is Monday.
spam,Reward points worth Rs 500000 expiring within 10 minutes. Redeem at http://verify-kyc.in
ham,Meeting moved to 5 pm today. https://drive.google.com/file
spam,SIM card will be blocked immediately. Update details at http://verify-kyc.in
spam,KYC incomplete for ICICI. Submit documents within 10 minutes.
spam,Parcel on hold. Update address urgent at http://bank-alert.in
ham,Meeting moved to 5 pm today.
spam,Reward points worth Rs 25000 expiring now. Redeem at http://bank-alert.in
spam,Pre-approved loan of Rs 10000. Apply urgent.
spam,Parcel on hold. Update address now at http://reward-claim.in
ham,See you in college tomorrow.
spam,PAN not linked with Aadhaar. Update urgent.
spam,SIM card will be blocked today. Update details at http://verify-kyc.in
spam,RBI alert: Suspicious activity detected. Verify immediately.
ham,I'm outside your house. https://youtube.com
spam,Your ATM card blocked. Share OTP within 10 minutes.
spam,Job offer confirmed. Pay registration fee Rs 10000 immediately.
ham,"Reached safely, call you later."
spam,KYC incomplete for ICICI. Submit documents urgent.
ham,Train arriving at 7 pm.
ham,Movie plan at 6 pm?
ham,Movie plan at 6 pm?
spam,Parcel on hold. Update address now at http://verify-kyc.in
spam,Your UPI ID amit@paytm is suspended. Verify today.
spam,Reward points worth Rs 25000 expiring today. Redeem at http://bank-alert.in
spam,Electricity bill pending of Rs 500000. Pay urgent at http://bank-alert.in
spam,Pre-approved loan of Rs 1000. Apply now.
ham,See you in college tomorrow.
spam,Congratulations! You won Rs 2500000. Claim within 10 minutes.
spam,Job offer confirmed. Pay registration fee Rs 10000 immediately.
spam,Congratulations! You won Rs 25000. Claim within 10 minutes.
spam,Income tax refund Rs 500 approved. Claim now.
spam,PAN not linked with Aadhaar. Update now.
spam,SIM card will be blocked urgent. Update details at http://secure-update.in
spam,KYC incomplete for Axis Bank. Submit documents within 10 minutes.
spam,"Dear customer, your ICICI account will be blocked within 10 minutes. Update KYC at http://verify-kyc.in"
ham,Please send the notes.
ham,Your order from Amazon is delivered.
spam,Your UPI ID rahul@ybl is suspended. Verify urgent.
spam,KYC incomplete for Bank of Baroda. Submit documents immediately.
spam,Electricity bill pending of Rs 5000. Pay today at http://reward-claim.in
ham,Let's meet tomorrow evening.
spam,KYC incomplete for PNB. Submit documents within 10 minutes.
spam,Income tax refund Rs 25000 approved. Claim immediately.
spam,Pre-approved loan of Rs 1000. Apply immediately.
spam,Your ATM card blocked. Share OTP within 10 minutes.
spam,Your UPI ID rahul@ybl is suspended. Verify immediately.
ham,Dinner at 8 pm? https://amazon.in
ham,Can you bring milk on the way back?
spam,Pre-approved loan of Rs 25000. Apply within 10 minutes.
spam,Pre-approved loan of Rs 25000. Apply now.
ham,"Send me 100 rs for the cab, I'll return later. https://youtube.com"
spam,Your UPI ID hitesh@upi is suspended. Verify immediately.
spam,Your UPI ID amit@paytm is suspended. Verify today.
spam,Reward points worth Rs 500000 expiring immediately. Redeem at http://upi-check.in
ham,See you in college tomorrow.
spam,Job offer confirmed. Pay registration fee Rs 10000 within 10 minutes.
ham,Please send the notes.
ham,Your bank transaction of Rs 500 is successful.
spam,Pre-approved loan of Rs 500000. Apply urgent.
ham,Dinner at 8 pm? https://maps.google.com
spam,Job offer confirmed. Pay registration fee Rs 500 urgent.
spam,"Your account credited with Rs 500. If not you, report immediately."
spam,Income tax refund Rs 500 approved. Claim urgent.
spam,RBI alert: Suspicious activity detected. Verify immediately.
ham,Where are you right now?
spam,"Your account credited with Rs 2500000. If not you, report today."
spam,SIM card will be blocked within 10 minutes. Update details at http://reward-claim.in
ham,Assignment deadline is Monday.
spam,Electricity bill pending of Rs 10000. Pay today at http://upi-check.in
spam,RBI alert: Suspicious activity detected. Verify today.
spam,KYC incomplete for ICICI. Submit documents within 10 minutes.
ham,"Reached safely, call you later."
spam,SIM card will be blocked within 10 minutes. Update details at http://bank-alert.in
spam,Congratulations! You won Rs 500000. Claim within 10 minutes.
spam,Pre-approved loan of Rs 500000. Apply within 10 minutes.
spam,"Dear customer, your Bank of Baroda account will be blocked today. Update KYC at http://secure-update.in"
spam,RBI alert: Suspicious activity detected. Verify urgent.
spam,Income tax refund Rs 2500000 approved. Claim within 10 minutes.
spam,Congratulations! You won Rs 2500000. Claim immediately.
spam,SIM card will be blocked immediately. Update details at http://secure-update.in
ham,I'm outside your house.
ham,Office meeting link shared on WhatsApp.
spam,Electricity bill pending of Rs 25000. Pay urgent at http://upi-check.in
spam,Reward points worth Rs 5000 expiring immediately. Redeem at http://upi-check.in
ham,Meeting postponed to tomorrow 10 am.
spam,PAN not linked with Aadhaar. Update immediately.
spam,Electricity bill pending of Rs 25000. Pay now at http://reward-claim.in
ham,Your bank transaction of Rs 10000 is successful.
spam,Your ATM card blocked. Share OTP today.
spam,Parcel on hold. Update address today at http://verify-kyc.in
ham,Did you check the document I shared? https://amazon.in
spam,Pre-approved loan of Rs 1000. Apply within 10 minutes.
spam,Parcel on hold. Update address today at http://secure-update.in
spam,Congratulations! You won Rs 10000. Claim today.
spam,"Dear customer, your Axis Bank account will be blocked now. Update KYC at http://bank-alert.in"
spam,Income tax refund Rs 25000 approved. Claim urgent.
spam,Reward points worth Rs 5000 expiring immediately. Redeem at http://verify-kyc.in
spam,"Your account credited with Rs 25000. If not you, report urgent."
ham,Recharge successful for Rs 2500000.
ham,Let's go for dinner tonight.
spam,Your UPI ID hitesh@upi is suspended. Verify now.
spam,Your UPI ID hitesh@upi is suspended. Verify urgent.
spam,Electricity bill pending of Rs 25000. Pay now at http://bank-alert.in
spam,Electricity bill pending of Rs 1000. Pay within 10 minutes at http://bank-alert.in
spam,Electricity bill pending of Rs 1000. Pay now at http://secure-update.in
ham,Assignment deadline is Monday.
spam,"Dear customer, your SBI account will be blocked within 10 minutes. Update KYC at http://reward-claim.in"
spam,Income tax refund Rs 500000 approved. Claim urgent.
spam,SIM card will be blocked immediately. Update details at http://upi-check.in
spam,Reward points worth Rs 500000 expiring urgent. Redeem at http://bank-alert.in
spam,Reward points worth Rs 25000 expiring within 10 minutes. Redeem at http://secure-update.in
ham,Recharge successful for Rs 2500000.
spam,Income tax refund Rs 5000 approved. Claim immediately.
ham,Meeting moved to 5 pm today.
spam,Your UPI ID amit@paytm is suspended. Verify urgent.
spam,"Your account credited with Rs 10000. If not you, report urgent."
ham,Assignment deadline is Monday.
ham,Movie plan at 6 pm?
ham,Recharge successful for Rs 1000.
ham,Let's go for dinner tonight.
spam,"Dear customer, your PNB account will be blocked within 10 minutes. Update KYC at http://verify-kyc.in"
ham,Meeting postponed to tomorrow 10 am.
spam,Reward points worth Rs 10000 expiring urgent. Redeem at http://secure-update.in
spam,KYC incomplete for PNB. Submit documents immediately.
spam,Reward points worth Rs 500 expiring within 10 minutes. Redeem at http://upi-check.in
spam,KYC incomplete for Bank of Baroda. Submit documents now.
spam,KYC incomplete for ICICI. Submit documents immediately.
spam,"Dear customer, your HDFC account will be blocked today. Update KYC at http://secure-update.in"
ham,I will reach home in 20 minutes.
ham,Electricity bill payment of Rs 2500000 received.
spam,Parcel on hold. Update address immediately at http://reward-claim.in
spam,"Your account credited with Rs 500000. If not you, report today."
spam,RBI alert: Suspicious activity detected. Verify urgent.
ham,I'm outside your house. https://meet.google.com/abc-defg-hij
ham,Train arriving at 7 pm.
spam,Income tax refund Rs 2500000 approved. Claim within 10 minutes.
spam,Income tax refund Rs 1000 approved. Claim urgent.
spam,"Dear customer, your PNB account will be blocked urgent. Update KYC at http://bank-alert.in"
ham,Meeting postponed to tomorrow 10 am.
spam,PAN not linked with Aadhaar. Update immediately.
ham,Office meeting link shared on WhatsApp.
spam,RBI alert: Suspicious activity detected. Verify within 10 minutes.
ham,Meeting postponed to tomorrow 10 am.
spam,Reward points worth Rs 500 expiring within 10 minutes. Redeem at http://verify-kyc.in
spam,Pre-approved loan of Rs 500. Apply today.
spam,Your UPI ID user@okaxis is suspended. Verify immediately.
spam,Your UPI ID hitesh@upi is suspended. Verify urgent.
spam,Reward points worth Rs 500 expiring within 10 minutes. Redeem at http://upi-check.in
ham,Please send the notes.
spam,Parcel on hold. Update address immediately at http://verify-kyc.in
spam,Parcel on hold. Update address now at http://reward-claim.in
spam,KYC incomplete for Axis Bank. Submit documents immediately.
ham,Electricity bill payment of Rs 500000 received.
ham,Let's meet tomorrow evening. https://drive.google.com/file
ham,Please send the notes.
spam,PAN not linked with Aadhaar. Update immediately.
ham,Electricity bill payment of Rs 2500000 received.
spam,SIM card will be blocked urgent. Update details at http://bank-alert.in
ham,Recharge successful for Rs 1000.
ham,Movie plan at 6 pm?
spam,Congratulations! You won Rs 5000. Claim within 10 minutes.
ham,Did you check the document I shared?
ham,Let's meet tomorrow evening.
spam,"Dear customer, your SBI account will be blocked now. Update KYC at http://reward-claim.in"
ham,I'm outside your house.
spam,PAN not linked with Aadhaar. Update now.
spam,Parcel on hold. Update address within 10 minutes at http://verify-kyc.in
ham,Electricity bill payment of Rs 25000 received.
spam,SIM card will be blocked within 10 minutes. Update details at http://secure-update.in
ham,Please send the notes.
spam,Electricity bill pending of Rs 500000. Pay now at http://reward-claim.in
spam,KYC incomplete for PNB. Submit documents now.
ham,Can you bring milk on the way back? https://meet.google.com/abc-defg-hij
spam,Reward points worth Rs 500 expiring urgent. Redeem at http://reward-claim.in
ham,"Send me 100 rs for the cab, I'll return later. https://maps.google.com"
spam,KYC incomplete for PNB. Submit documents urgent.
spam,Income tax refund Rs 500 approved. Claim immediately.
ham,Let's meet tomorrow evening.
spam,"Dear customer, your HDFC account will be blocked urgent. Update KYC at http://bank-alert.in"
spam,RBI alert: Suspicious activity detected. Verify immediately.
spam,"Dear customer, your HDFC account will be blocked today. Update KYC at http://reward-claim.in"
spam,Pre-approved loan of Rs 500000. Apply immediately.
spam,Pre-approved loan of Rs 500000. Apply now.
spam,Parcel on hold. Update address today at http://bank-alert.in
spam,"Your account credited with Rs 1000. If not you, report immediately."
spam,PAN not linked with Aadhaar. Update within 10 minutes.
spam,Parcel on hold. Update address immediately at http://upi-check.in
spam,Pre-approved loan of Rs 1000. Apply within 10 minutes.
ham,"Reached safely, call you later."
spam,Job offer confirmed. Pay registration fee Rs 25000 immediately.
spam,RBI alert: Suspicious activity detected. Verify today.
ham,Your order from Amazon is delivered.
spam,Your UPI ID hitesh@upi is suspended. Verify now.
spam,"Dear customer, your ICICI account will be blocked immediately. Update KYC at http://upi-check.in"
ham,See you in college tomorrow.
spam,"Dear customer, your ICICI account will be blocked immediately. Update KYC at http://reward-claim.in"
spam,Pre-approved loan of Rs 2500000. Apply now.
ham,Movie plan at 6 pm?
ham,"Reached safely, call you later."
spam,Your ATM card blocked. Share OTP within 10 minutes.
spam,Reward points worth Rs 500 expiring today. Redeem at http://bank-alert.in
spam,PAN not linked with Aadhaar. Update urgent.
spam,Your ATM card blocked. Share OTP now.
ham,Train arriving at 7 pm.
spam,Job offer confirmed. Pay registration fee Rs 2500000 within 10 minutes.
ham,Train arriving at 7 pm.
spam,PAN not linked with Aadhaar. Update urgent.
spam,PAN not linked with Aadhaar. Update urgent.
ham,Your order from Amazon is delivered.
spam,"Dear customer, your PNB account will be blocked now. Update KYC at http://reward-claim.in"
spam,"Dear customer, your SBI account will be blocked immediately. Update KYC at http://upi-check.in"
spam,Parcel on hold. Update address today at http://reward-claim.in
spam,Electricity bill pending of Rs 2500000. Pay immediately at http://secure-update.in
spam,Job offer confirmed. Pay registration fee Rs 2500000 urgent.
spam,Reward points worth Rs 25000 expiring today. Redeem at http://bank-alert.in
spam,Your ATM card blocked. Share OTP now.
spam,KYC incomplete for SBI. Submit documents urgent.
ham,Please send the notes.
ham,Movie plan at 6 pm?
spam,Income tax refund Rs 2500000 approved. Claim now.
ham,Can you bring milk on the way back?
spam,Reward points worth Rs 5000 expiring today. Redeem at http://secure-update.in
ham,Happy Birthday!
spam,Pre-approved loan of Rs 5000. Apply today.
ham,Recharge successful for Rs 500.
spam,Pre-approved loan of Rs 500. Apply today.
ham,Your bank transaction of Rs 2500000 is successful.
ham,Please send the notes.
spam,Your ATM card blocked. Share OTP now.
spam,Congratulations! You won Rs 10000. Claim now.
ham,Are you free today? https://youtube.com
ham,Assignment deadline is Monday.
spam,Pre-approved loan of Rs 10000. Apply now.
spam,"Your account credited with Rs 500. If not you, report immediately."
ham,Dinner at 8 pm?
spam,Pre-approved loan of Rs 10000. Apply urgent.
spam,"Dear customer, your Bank of Baroda account will be blocked today. Update KYC at http://bank-alert.in"
spam,Electricity bill pending of Rs 500000. Pay immediately at http://bank-alert.in
spam,PAN not linked with Aadhaar. Update now.
ham,"Reached safely, call you later."
spam,Income tax refund Rs 5000 approved. Claim today.
spam,PAN not linked with Aadhaar. Update now.
ham,Movie plan at 6 pm?
spam,Job offer confirmed. Pay registration fee Rs 5000 within 10 minutes.
ham,Assignment deadline is Monday.
spam,Parcel on hold. Update address urgent at http://upi-check.in
ham,Train arriving at 7 pm.
ham,Electricity bill payment of Rs 5000 received.
spam,SIM card will be blocked immediately. Update details at http://verify-kyc.in
spam,Pre-approved loan of Rs 25000. Apply now.
spam,RBI alert: Suspicious activity detected. Verify within 10 minutes.
spam,Reward points worth Rs 5000 expiring immediately. Redeem at http://bank-alert.in
spam,Electricity bill pending of Rs 5000. Pay today at http://reward-claim.in
ham,I'm outside your house. https://amazon.in
ham,Meeting moved to 5 pm today.
spam,Congratulations! You won Rs 500000. Claim now.
spam,Job offer confirmed. Pay registration fee Rs 500 now.
spam,"Dear customer, your Bank of Baroda account will be blocked today. Update KYC at http://reward-claim.in"
spam,Job offer confirmed. Pay registration fee Rs 1000 now.
spam,RBI alert: Suspicious activity detected. Verify immediately.
ham,Please send the notes.
spam,Job offer confirmed. Pay registration fee Rs 25000 now.
spam,RBI alert: Suspicious activity detected. Verify within 10 minutes.
spam,Parcel on hold. Update address within 10 minutes at http://upi-check.in
spam,SIM card will be blocked immediately. Update details at http://secure-update.in
ham,I'm outside your house.
spam,Your ATM card blocked. Share OTP immediately.
spam,Congratulations! You won Rs 500. Claim within 10 minutes.
ham,Train arriving at 7 pm.
spam,"Your account credited with Rs 500. If not you, report urgent."
spam,"Dear customer, your Axis Bank account will be blocked now. Update KYC at http://verify-kyc.in"
spam,Job offer confirmed. Pay registration fee Rs 5000 within 10 minutes.
ham,Let's go for dinner tonight.
ham,Recharge successful for Rs 500000.
spam,Job offer confirmed. Pay registration fee Rs 10000 within 10 minutes.
spam,Reward points worth Rs 25000 expiring urgent. Redeem at http://secure-update.in
ham,Your order from Amazon is delivered.
ham,Please send the notes.
spam,Your UPI ID hitesh@upi is suspended. Verify today.
spam,Pre-approved loan of Rs 500000. Apply today.
spam,Job offer confirmed. Pay registration fee Rs 2500000 within 10 minutes.
spam,Reward points worth Rs 500000 expiring immediately. Redeem at http://bank-alert.in
ham,Call me when you reach home. https://amazon.in
spam,Income tax refund Rs 25000 approved. Claim urgent.
spam,Your ATM card blocked. Share OTP within 10 minutes.
spam,Electricity bill pending of Rs 5000. Pay immediately at http://upi-check.in
ham,Let's go for dinner tonight.
ham,Recharge successful for Rs 1000.
spam,SIM card will be blocked today. Update details at http://upi-check.in
ham,Your order from Amazon is delivered.
ham,I'm outside your house.
spam,"Dear customer, your SBI account will be blocked immediately. Update KYC at http://verify-kyc.in"
ham,I will reach home in 20 minutes.
spam,Pre-approved loan of Rs 5000. Apply now.
spam,PAN not linked with Aadhaar. Update now.
spam,"Dear customer, your HDFC account will be blocked immediately. Update KYC at http://secure-update.in"
spam,Pre-approved loan of Rs 1000. Apply now.
spam,Electricity bill pending of Rs 10000. Pay immediately at http://bank-alert.in
spam,Your ATM card blocked. Share OTP today.
spam,Your ATM card blocked. Share OTP urgent.
ham,Are you free today? https://meet.google.com/abc-defg-hij
spam,"Dear customer, your SBI account will be blocked now. Update KYC at http://secure-update.in"
spam,SIM card will be blocked immediately. Update details at http://reward-claim.in
ham,Let's meet tomorrow evening. https://drive.google.com/file
spam,Congratulations! You won Rs 500. Claim urgent.
spam,Parcel on hold. Update address urgent at http://secure-update.in
spam,Your UPI ID user@okaxis is suspended. Verify immediately.
ham,Meeting postponed to tomorrow 10 am.
spam,Your UPI ID user@okaxis is suspended. Verify immediately.
ham,Assignment deadline is Monday.
spam,Job offer confirmed. Pay registration fee Rs 500000 urgent.
spam,"Your account credited with Rs 1000. If not you, report immediately."
spam,Your UPI ID rahul@ybl is suspended. Verify immediately.
spam,Reward points worth Rs 500000 expiring today. Redeem at http://upi-check.in
spam,Your UPI ID hitesh@upi is suspended. Verify immediately.
spam,PAN not linked with Aadhaar. Update within 10 minutes.
spam,Income tax refund Rs 500 approved. Claim today.
spam,RBI alert: Suspicious activity detected. Verify urgent.
spam,Income tax refund Rs 10000 approved. Claim urgent.
spam,Job offer confirmed. Pay registration fee Rs 5000 today.
ham,Train arriving at 7 pm.
spam,KYC incomplete for Bank of Baroda. Submit documents immediately.
spam,"Your account credited with Rs 500. If not you, report within 10 minutes."
ham,Meeting postponed to tomorrow 10 am.
spam,Parcel on hold. Update address immediately at http://secure-update.in
spam,SIM card will be blocked urgent. Update details at http://verify-kyc.in
spam,Your UPI ID hitesh@upi is suspended. Verify within 10 minutes.
spam,Income tax refund Rs 25000 approved. Claim now.
spam,RBI alert: Suspicious activity detected. Verify within 10 minutes.
spam,Job offer confirmed. Pay registration fee Rs 5000 urgent.
spam,RBI alert: Suspicious activity detected. Verify today.
spam,"Dear customer, your HDFC account will be blocked urgent. Update KYC at http://bank-alert.in"
spam,Your ATM card blocked. Share OTP today.
spam,Your UPI ID amit@paytm is suspended. Verify urgent.
ham,Train arriving at 7 pm.
ham,Where are you right now? https://meet.google.com/abc-defg-hij
ham,Your bank transaction of Rs 2500000 is successful.
spam,"Dear customer, your Axis Bank account will be blocked urgent. Update KYC at http://bank-alert.in"
spam,Pre-approved loan of Rs 500. Apply within 10 minutes.
spam,Congratulations! You won Rs 5000. Claim immediately.
spam,Your ATM card blocked. Share OTP now.
spam,Parcel on hold. Update address within 10 minutes at http://upi-check.in
spam,Your UPI ID hitesh@upi is suspended. Verify immediately.
spam,Reward points worth Rs 25000 expiring within 10 minutes. Redeem at http://bank-alert.in
spam,RBI alert: Suspicious activity detected. Verify immediately.
spam,RBI alert: Suspicious activity detected. Verify immediately.
spam,"Your account credited with Rs 25000. If not you, report today."
spam,Pre-approved loan of Rs 10000. Apply within 10 minutes.
spam,Congratulations! You won Rs 25000. Claim urgent.
spam,Job offer confirmed. Pay registration fee Rs 500 within 10 minutes.
spam,Parcel on hold. Update address within 10 minutes at http://secure-update.in
spam,Income tax refund Rs 10000 approved. Claim now.
ham,Meeting postponed to tomorrow 10 am.
spam,Electricity bill pending of Rs 10000. Pay urgent at http://verify-kyc.in
ham,Happy Birthday!
spam,SIM card will be blocked within 10 minutes. Update details at http://reward-claim.in
spam,Income tax refund Rs 500 approved. Claim immediately.
ham,Are you free today?
ham,Call me when you reach home. https://youtube.com
spam,Parcel on hold. Update address urgent at http://secure-update.in
ham,Office meeting link shared on WhatsApp.
ham,Let's meet tomorrow evening. https://amazon.in
spam,Electricity bill pending of Rs 1000. Pay now at http://bank-alert.in
spam,KYC incomplete for Bank of Baroda. Submit documents today.
spam,Income tax refund Rs 500000 approved. Claim within 10 minutes.
spam,KYC incomplete for SBI. Submit documents within 10 minutes.
ham,Recharge successful for Rs 500000.
spam,PAN not linked with Aadhaar. Update immediately.
spam,Your ATM card blocked. Share OTP urgent.
spam,Your ATM card blocked. Share OTP within 10 minutes.
spam,Pre-approved loan of Rs 500. Apply now.
ham,Dinner at 8 pm? https://amazon.in
spam,Pre-approved loan of Rs 10000. Apply urgent.
spam,Reward points worth Rs 500 expiring now. Redeem at http://bank-alert.in
spam,Your UPI ID amit@paytm is suspended. Verify urgent.
ham,Electricity bill payment of Rs 500000 received.
spam,"Dear customer, your Axis Bank account will be blocked immediately. Update KYC at http://upi-check.in"
spam,PAN not linked with Aadhaar. Update now.
ham,Call me when you reach home. https://maps.google.com
spam,KYC incomplete for SBI. Submit documents immediately.
spam,Your ATM card blocked. Share OTP today.
spam,KYC incomplete for Axis Bank. Submit documents now.
spam,Reward points worth Rs 500 expiring urgent. Redeem at http://verify-kyc.in
spam,Pre-approved loan of Rs 500. Apply now.
spam,RBI alert: Suspicious activity detected. Verify within 10 minutes.
spam,Pre-approved loan of Rs 500000. Apply within 10 minutes.
spam,"Dear customer, your SBI account will be blocked now. Update KYC at http://secure-update.in"
spam,RBI alert: Suspicious activity detected. Verify today.
spam,Congratulations! You won Rs 10000. Claim now.
spam,RBI alert: Suspicious activity detected. Verify immediately.
ham,"Send me 100 rs for the cab, I'll return later. https://maps.google.com"
spam,RBI alert: Suspicious activity detected. Verify immediately.
spam,Electricity bill pending of Rs 2500000. Pay urgent at http://bank-alert.in
ham,"Reached safely, call you later."
ham,See you in college tomorrow.
ham,Let's meet tomorrow evening.
ham,Let's go for dinner tonight.
ham,Please send the notes.
spam,Electricity bill pending of Rs 10000. Pay immediately at http://verify-kyc.in
ham,Happy Birthday!
spam,"Your account credited with Rs 25000. If not you, report now."
spam,PAN not linked with Aadhaar. Update within 10 minutes.
spam,Pre-approved loan of Rs 2500000. Apply immediately.
spam,RBI alert: Suspicious activity detected. Verify within 10 minutes.
ham,Happy Birthday!
spam,Income tax refund Rs 25000 approved. Claim within 10 minutes.
spam,Your UPI ID hitesh@upi is suspended. Verify within 10 minutes.
spam,Your ATM card blocked. Share OTP within 10 minutes.
ham,Your bank transaction of Rs 500000 is successful.
spam,"Dear customer, your ICICI account will be blocked now. Update KYC at http://upi-check.in"
spam,PAN not linked with Aadhaar. Update today.
spam,Job offer confirmed. Pay registration fee Rs 500000 urgent.
spam,Pre-approved loan of Rs 25000. Apply today.
ham,Office meeting link shared on WhatsApp.
spam,Electricity bill pending of Rs 500000. Pay immediately at http://bank-alert.in
ham,Recharge successful for Rs 500000.
spam,Your UPI ID hitesh@upi is suspended. Verify immediately.
spam,Electricity bill pending of Rs 10000. Pay today at http://reward-claim.in
spam,KYC incomplete for Axis Bank. Submit documents now.
spam,Job offer confirmed. Pay registration fee Rs 500000 now.
ham,Did you check the document I shared?
ham,Meeting moved to 5 pm today.
spam,Pre-approved loan of Rs 500. Apply now.
ham,See you in college tomorrow.
spam,Your ATM card blocked. Share OTP urgent.
spam,SIM card will be blocked within 10 minutes. Update details at http://secure-update.in
spam,Electricity bill pending of Rs 5000. Pay within 10 minutes at http://verify-kyc.in
ham,Dinner at 8 pm?
spam,Pre-approved loan of Rs 2500000. Apply today.
spam,PAN not linked with Aadhaar. Update now.
spam,PAN not linked with Aadhaar. Update today.
spam,Reward points worth Rs 10000 expiring within 10 minutes. Redeem at http://upi-check.in
spam,"Dear customer, your PNB account will be blocked today. Update KYC at http://verify-kyc.in"
ham,Assignment deadline is Monday.
spam,Job offer confirmed. Pay registration fee Rs 10000 today.
ham,Call me when you reach home. https://drive.google.com/file
ham,Are you free today? https://maps.google.com
ham,Assignment deadline is Monday.
spam,Your ATM card blocked. Share OTP today.
spam,Congratulations! You won Rs 10000. Claim within 10 minutes.
spam,RBI alert: Suspicious activity detected. Verify now.
spam,SIM card will be blocked now. Update details at http://bank-alert.in
spam,Your ATM card blocked. Share OTP immediately.
spam,Job offer confirmed. Pay registration fee Rs 500000 immediately.
spam,Job offer confirmed. Pay registration fee Rs 25000 urgent.
spam,Your ATM card blocked. Share OTP urgent.
spam,Job offer confirmed. Pay registration fee Rs 1000 now.
spam,Reward points worth Rs 1000 expiring today. Redeem at http://bank-alert.in
ham,Please send the notes.
spam,Parcel on hold. Update address now at http://upi-check.in
spam,"Your account credited with Rs 5000. If not you, report today."
ham,Call me when you reach home.
ham,Your order from Amazon is delivered.
spam,PAN not linked with Aadhaar. Update today.
ham,See you in college tomorrow.
spam,Income tax refund Rs 500 approved. Claim urgent.
spam,SIM card will be blocked immediately. Update details at http://reward-claim.in
spam,Pre-approved loan of Rs 5000. Apply immediately.
spam,Job offer confirmed. Pay registration fee Rs 10000 urgent.
spam,Job offer confirmed. Pay registration fee Rs 10000 today.
spam,Job offer confirmed. Pay registration fee Rs 2500000 now.
spam,Your ATM card blocked. Share OTP urgent.
spam,Income tax refund Rs 1000 approved. Claim urgent.
spam,Parcel on hold. Update address now at http://upi-check.in
spam,Parcel on hold. Update address within 10 minutes at http://verify-kyc.in
spam,"Your account credited with Rs 25000. If not you, report today."
spam,Your ATM card blocked. Share OTP now.
spam,Job offer confirmed. Pay registration fee Rs 5000 today.
spam,Your UPI ID hitesh@upi is suspended. Verify now.
spam,Reward points worth Rs 2500000 expiring within 10 minutes. Redeem at http://verify-kyc.in
ham,"Reached safely, call you later."
spam,Pre-approved loan of Rs 5000. Apply urgent.
ham,I will reach home in 20 minutes.
ham,See you in college tomorrow.
spam,Your ATM card blocked. Share OTP today.
ham,Assignment deadline is Monday.
spam,Income tax refund Rs 500 approved. Claim urgent.
spam,KYC incomplete for HDFC. Submit documents immediately.
spam,SIM card will be blocked today. Update details at http://bank-alert.in
spam,Income tax refund Rs 500000 approved. Claim within 10 minutes.
spam,"Dear customer, your Axis Bank account will be blocked today. Update KYC at http://secure-update.in"
spam,Pre-approved loan of Rs 10000. Apply immediately.
spam,Parcel on hold. Update address now at http://verify-kyc.in
ham,Assignment deadline is Monday.
spam,PAN not linked with Aadhaar. Update now.
spam,"Your account credited with Rs 25000. If not you, report today."
spam,Pre-approved loan of Rs 500000. Apply immediately.
spam,Your UPI ID user@okaxis is suspended. Verify urgent.
spam,KYC incomplete for ICICI. Submit documents immediately.
ham,Your bank transaction of Rs 1000 is successful.
spam,Reward points worth Rs 5000 expiring urgent. Redeem at http://verify-kyc.in
spam,Job offer confirmed. Pay registration fee Rs 500000 today.
spam,Job offer confirmed. Pay registration fee Rs 500000 within 10 minutes.
spam,Reward points worth Rs 2500000 expiring now. Redeem at http://bank-alert.in
spam,PAN not linked with Aadhaar. Update within 10 minutes.
spam,Your ATM card blocked. Share OTP urgent.
spam,"Your account credited with Rs 2500000. If not you, report urgent."
ham,Dinner at 8 pm? https://youtube.com
spam,RBI alert: Suspicious activity detected. Verify immediately.
spam,KYC incomplete for Axis Bank. Submit documents immediately.
spam,Income tax refund Rs 500000 approved. Claim today.
spam,Income tax refund Rs 2500000 approved. Claim within 10 minutes.
spam,Electricity bill pending of Rs 25000. Pay within 10 minutes at http://reward-claim.in
spam,Reward points worth Rs 25000 expiring immediately. Redeem at http://secure-update.in
ham,I'm outside your house.
ham,I will reach home in 20 minutes.
spam,Pre-approved loan of Rs 25000. Apply today.
spam,Parcel on hold. Update address urgent at http://verify-kyc.in
spam,PAN not linked with Aadhaar. Update immediately.
spam,KYC incomplete for Bank of Baroda. Submit documents now.
spam,Pre-approved loan of Rs 5000. Apply immediately.
spam,Parcel on hold. Update address within 10 minutes at http://upi-check.in
spam,Reward points worth Rs 1000 expiring urgent. Redeem at http://verify-kyc.in
ham,Let's meet tomorrow evening. https://amazon.in
spam,Income tax refund Rs 500 approved. Claim immediately.
spam,Job offer confirmed. Pay registration fee Rs 1000 now.
spam,Your ATM card blocked. Share OTP within 10 minutes.
spam,Your ATM card blocked. Share OTP immediately.
spam,Pre-approved loan of Rs 500000. Apply today.
spam,"Your account credited with Rs 1000. If not you, report today."
spam,KYC incomplete for ICICI. Submit documents immediately.
spam,RBI alert: Suspicious activity detected. Verify today.
spam,"Your account credited with Rs 2500000. If not you, report within 10 minutes."
spam,Your ATM card blocked. Share OTP now.
spam,RBI alert: Suspicious activity detected. Verify within 10 minutes.
spam,Parcel on hold. Update address now at http://secure-update.in
spam,Your UPI ID rahul@ybl is suspended. Verify now.
spam,Your ATM card blocked. Share OTP urgent.
ham,See you in college tomorrow.
spam,"Dear customer, your Bank of Baroda account will be blocked within 10 minutes. Update KYC at http://verify-kyc.in"
spam,"Your account credited with Rs 1000. If not you, report immediately."
ham,"Reached safely, call you later."
ham,Where are you right now? https://maps.google.com
spam,Pre-approved loan of Rs 1000. Apply within 10 minutes.
ham,Your bank transaction of Rs 1000 is successful.
spam,SIM card will be blocked immediately. Update details at http://upi-check.in
ham,Where are you right now?
spam,RBI alert: Suspicious activity detected. Verify immediately.
spam,"Your account credited with Rs 500000. If not you, report immediately."
spam,Congratulations! You won Rs 500. Claim today.
ham,Please send the notes.
ham,Please send the notes.
ham,Movie plan at 6 pm?
spam,Your ATM card blocked. Share OTP immediately.
ham,Let's meet tomorrow evening.
spam,KYC incomplete for Axis Bank. Submit documents within 10 minutes.
spam,Your UPI ID amit@paytm is suspended. Verify urgent.
ham,Movie plan at 6 pm?
spam,Pre-approved loan of Rs 2500000. Apply urgent.
spam,KYC incomplete for PNB. Submit documents today.
spam,Electricity bill pending of Rs 2500000. Pay today at http://secure-update.in
spam,KYC incomplete for HDFC. Submit documents within 10 minutes.
ham,Dinner at 8 pm?
ham,Let's meet tomorrow evening.
spam,SIM card will be blocked now. Update details at http://secure-update.in
spam,Congratulations! You won Rs 2500000. Claim today.
spam,Reward points worth Rs 500 expiring immediately. Redeem at http://reward-claim.in
spam,Income tax refund Rs 500 approved. Claim within 10 minutes.
spam,Your ATM card blocked. Share OTP today.
spam,Electricity bill pending of Rs 500. Pay immediately at http://verify-kyc.in
spam,Parcel on hold. Update address now at http://verify-kyc.in
ham,Your bank transaction of Rs 500000 is successful.
spam,Reward points worth Rs 5000 expiring within 10 minutes. Redeem at http://upi-check.in
spam,Income tax refund Rs 500 approved. Claim immediately.
spam,Your ATM card blocked. Share OTP immediately.
spam,Job offer confirmed. Pay registration fee Rs 2500000 now.
spam,"Dear customer, your Axis Bank account will be blocked within 10 minutes. Update KYC at http://upi-check.in"
ham,Movie plan at 6 pm?
ham,Electricity bill payment of Rs 10000 received.
spam,"Dear customer, your Bank of Baroda account will be blocked immediately. Update KYC at http://reward-claim.in"
spam,"Dear customer, your PNB account will be blocked now. Update KYC at http://upi-check.in"
spam,Income tax refund Rs 500 approved. Claim within 10 minutes.
spam,Pre-approved loan of Rs 500000. Apply within 10 minutes.
spam,RBI alert: Suspicious activity detected. Verify urgent.
spam,"Dear customer, your Bank of Baroda account will be blocked urgent. Update KYC at http://bank-alert.in"
ham,Did you check the document I shared? https://drive.google.com/file
spam,Income tax refund Rs 5000 approved. Claim immediately.
spam,Reward points worth Rs 500 expiring within 10 minutes. Redeem at http://upi-check.in
ham,I will reach home in 20 minutes.
spam,Parcel on hold. Update address today at http://reward-claim.in
spam,Parcel on hold. Update address today at http://upi-check.in
ham,Train arriving at 7 pm.
spam,SIM card will be blocked within 10 minutes. Update details at http://verify-kyc.in
spam,Job offer confirmed. Pay registration fee Rs 1000 within 10 minutes.
spam,PAN not linked with Aadhaar. Update within 10 minutes.
ham,Assignment deadline is Monday.
spam,RBI alert: Suspicious activity detected. Verify now.
spam,KYC incomplete for Bank of Baroda. Submit documents within 10 minutes.
ham,Movie plan at 6 pm?
spam,Congratulations! You won Rs 10000. Claim now.
spam,Your ATM card blocked. Share OTP now.
spam,Your UPI ID user@okaxis is suspended. Verify within 10 minutes.
spam,Parcel on hold. Update address today at http://upi-check.in
ham,Train arriving at 7 pm.
spam,Electricity bill pending of Rs 1000. Pay within 10 minutes at http://secure-update.in
spam,"Your account credited with Rs 5000. If not you, report now."
spam,PAN not linked with Aadhaar. Update within 10 minutes.
ham,Your bank transaction of Rs 10000 is successful.
spam,Your ATM card blocked. Share OTP today.
ham,Where are you right now? https://amazon.in
spam,RBI alert: Suspicious activity detected. Verify now.
spam,SIM card will be blocked urgent. Update details at http://upi-check.in
spam,Pre-approved loan of Rs 10000. Apply within 10 minutes.
ham,"Reached safely, call you later."
spam,Parcel on hold. Update address now at http://bank-alert.in
ham,Call me when you reach home.
ham,Electricity bill payment of Rs 500000 received.
spam,Pre-approved loan of Rs 500000. Apply today.
spam,Pre-approved loan of Rs 5000. Apply within 10 minutes.
spam,Electricity bill pending of Rs 5000. Pay now at http://verify-kyc.in
spam,Job offer confirmed. Pay registration fee Rs 500000 immediately.
spam,Your UPI ID amit@paytm is suspended. Verify today.
ham,Are you free today?
spam,Electricity bill pending of Rs 1000. Pay immediately at http://secure-update.in
ham,Let's go for dinner tonight.
spam,Your ATM card blocked. Share OTP urgent.
spam,RBI alert: Suspicious activity detected. Verify now.
ham,Your order from Amazon is delivered.
ham,I will reach home in 20 minutes.
spam,KYC incomplete for HDFC. Submit documents within 10 minutes.
spam,SIM card will be blocked immediately. Update details at http://verify-kyc.in
spam,"Dear customer, your PNB account will be blocked now. Update KYC at http://secure-update.in"
spam,Parcel on hold. Update address within 10 minutes at http://upi-check.in
spam,RBI alert: Suspicious activity detected. Verify immediately.
ham,Assignment deadline is Monday.
spam,"Dear customer, your PNB account will be blocked within 10 minutes. Update KYC at http://upi-check.in"
spam,RBI alert: Suspicious activity detected. Verify immediately.
ham,Where are you right now?
spam,Job offer confirmed. Pay registration fee Rs 25000 urgent.
ham,Assignment deadline is Monday.
spam,KYC incomplete for Axis Bank. Submit documents today.
spam,Electricity bill pending of Rs 500000. Pay now at http://secure-update.in
ham,See you in college tomorrow.
spam,Job offer confirmed. Pay registration fee Rs 1000 today.
spam,Parcel on hold. Update address urgent at http://verify-kyc.in
ham,Movie plan at 6 pm?
spam,"Your account credited with Rs 500000. If not you, report today."
spam,Your ATM card blocked. Share OTP immediately.
spam,Your UPI ID hitesh@upi is suspended. Verify now.
spam,PAN not linked with Aadhaar. Update immediately.
spam,Your UPI ID amit@paytm is suspended. Verify today.
ham,Did you check the document I shared? https://drive.google.com/file
spam,SIM card will be blocked now. Update details at http://upi-check.in
ham,Office meeting link shared on WhatsApp.
spam,PAN not linked with Aadhaar. Update now.
spam,Pre-approved loan of Rs 500. Apply today.
spam,KYC incomplete for HDFC. Submit documents immediately.
spam,SIM card will be blocked immediately. Update details at http://reward-claim.in
spam,Electricity bill pending of Rs 500. Pay today at http://verify-kyc.in
ham,Happy Birthday!
ham,Can you bring milk on the way back? https://maps.google.com
ham,Call me when you reach home.
spam,Congratulations! You won Rs 5000. Claim within 10 minutes.
ham,Movie plan at 6 pm?
ham,Dinner at 8 pm? https://drive.google.com/file
ham,Office meeting link shared on WhatsApp.
spam,Reward points worth Rs 2500000 expiring within 10 minutes. Redeem at http://upi-check.in
spam,RBI alert: Suspicious activity detected. Verify today.
spam,"Dear customer, your PNB account will be blocked now. Update KYC at http://reward-claim.in"
spam,Parcel on hold. Update address today at http://verify-kyc.in
spam,Income tax refund Rs 5000 approved. Claim today.
spam,Income tax refund Rs 10000 approved. Claim today.
ham,Happy Birthday!
spam,RBI alert: Suspicious activity detected. Verify today.
ham,Happy Birthday!
spam,KYC incomplete for Axis Bank. Submit documents immediately.
spam,Parcel on hold. Update address today at http://bank-alert.in
spam,Reward points worth Rs 1000 expiring immediately. Redeem at http://upi-check.in
spam,Reward points worth Rs 500 expiring urgent. Redeem at http://secure-update.in
ham,Electricity bill payment of Rs 5000 received.
spam,Parcel on hold. Update address urgent at http://upi-check.in
spam,PAN not linked with Aadhaar. Update immediately.
spam,SIM card will be blocked now. Update details at http://verify-kyc.in
spam,KYC incomplete for Axis Bank. Submit documents today.
spam,KYC incomplete for ICICI. Submit documents within 10 minutes.
ham,Where are you right now?
spam,PAN not linked with Aadhaar. Update today.
spam,PAN not linked with Aadhaar. Update today.
spam,PAN not linked with Aadhaar. Update now.
spam,Electricity bill pending of Rs 10000. Pay urgent at http://upi-check.in
ham,"Send me 100 rs for the cab, I'll return later."
ham,I will reach home in 20 minutes.
spam,PAN not linked with Aadhaar. Update now.
spam,"Your account credited with Rs 5000. If not you, report today."
spam,"Dear customer, your HDFC account will be blocked urgent. Update KYC at http://reward-claim.in"
spam,PAN not linked with Aadhaar. Update urgent.
spam,Your UPI ID hitesh@upi is suspended. Verify immediately.
spam,Congratulations! You won Rs 5000. Claim today.
ham,Can you bring milk on the way back?
spam,PAN not linked with Aadhaar. Update today.
spam,Parcel on hold. Update address urgent at http://verify-kyc.in
ham,Your order from Amazon is delivered.
ham,"Reached safely, call you later."
ham,Call me when you reach home.
spam,Your ATM card blocked. Share OTP urgent.
spam,Congratulations! You won Rs 10000. Claim immediately.
ham,Electricity bill payment of Rs 25000 received.
spam,Pre-approved loan of Rs 25000. Apply immediately.
spam,Parcel on hold. Update address today at http://upi-check.in
spam,Congratulations! You won Rs 500. Claim immediately.
ham,Assignment deadline is Monday.
ham,See you in college tomorrow.
ham,"Send me 100 rs for the cab, I'll return later."
spam,Pre-approved loan of Rs 2500000. Apply today.
spam,Your UPI ID user@okaxis is suspended. Verify within 10 minutes.
spam,Reward points worth Rs 25000 expiring within 10 minutes. Redeem at http://verify-kyc.in
spam,SIM card will be blocked within 10 minutes. Update details at http://reward-claim.in
spam,Income tax refund Rs 5000 approved. Claim within 10 minutes.
spam,KYC incomplete for PNB. Submit documents urgent.
ham,Let's meet tomorrow evening. https://youtube.com
ham,Did you check the document I shared? https://drive.google.com/file
spam,"Dear customer, your PNB account will be blocked today. Update KYC at http://upi-check.in"
spam,RBI alert: Suspicious activity detected. Verify now.
ham,Meeting moved to 5 pm today.
ham,"Reached safely, call you later."
ham,Let's go for dinner tonight.
spam,"Dear customer, your Bank of Baroda account will be blocked now. Update KYC at http://bank-alert.in"
ham,Your bank transaction of Rs 1000 is successful.
spam,Your ATM card blocked. Share OTP today.
spam,"Your account credited with Rs 1000. If not you, report now."
spam,"Dear customer, your HDFC account will be blocked within 10 minutes. Update KYC at http://upi-check.in"
ham,Recharge successful for Rs 1000.
ham,Train arriving at 7 pm.
spam,RBI alert: Suspicious activity detected. Verify now.
spam,RBI alert: Suspicious activity detected. Verify within 10 minutes.
ham,Office meeting link shared on WhatsApp.
spam,Job offer confirmed. Pay registration fee Rs 10000 now.
spam,Your ATM card blocked. Share OTP now.
spam,Your UPI ID amit@paytm is suspended. Verify immediately.
spam,Congratulations! You won Rs 5000. Claim today.
spam,Reward points worth Rs 500000 expiring today. Redeem at http://upi-check.in
ham,Meeting postponed to tomorrow 10 am.
ham,Assignment deadline is Monday.
ham,See you in college tomorrow.
spam,Parcel on hold. Update address now at http://verify-kyc.in
spam,"Dear customer, your Bank of Baroda account will be blocked now. Update KYC at http://verify-kyc.in"
ham,Electricity bill payment of Rs 1000 received.
ham,Movie plan at 6 pm?
spam,Electricity bill pending of Rs 500000. Pay within 10 minutes at http://bank-alert.in
spam,"Your account credited with Rs 5000. If not you, report urgent."
spam,Electricity bill pending of Rs 2500000. Pay within 10 minutes at http://secure-update.in
spam,Congratulations! You won Rs 5000. Claim immediately.
ham,Electricity bill payment of Rs 10000 received.
spam,PAN not linked with Aadhaar. Update within 10 minutes.
spam,Income tax refund Rs 500 approved. Claim immediately.
spam,Your ATM card blocked. Share OTP urgent.
spam,SIM card will be blocked immediately. Update details at http://bank-alert.in
ham,Are you free today? https://youtube.com
ham,Where are you right now? https://youtube.com
spam,Job offer confirmed. Pay registration fee Rs 500000 immediately.
ham,Are you free today? https://drive.google.com/file
spam,"Dear customer, your PNB account will be blocked within 10 minutes. Update KYC at http://bank-alert.in"
ham,See you in college tomorrow.
ham,See you in college tomorrow.
spam,Your UPI ID user@okaxis is suspended. Verify urgent.
spam,RBI alert: Suspicious activity detected. Verify today.
ham,Office meeting link shared on WhatsApp.
spam,Pre-approved loan of Rs 500. Apply urgent.
spam,Parcel on hold. Update address now at http://upi-check.in
spam,Pre-approved loan of Rs 10000. Apply within 10 minutes.
ham,See you in college tomorrow.
spam,Parcel on hold. Update address urgent at http://verify-kyc.in
spam,Parcel on hold. Update address within 10 minutes at http://reward-claim.in
spam,Your UPI ID amit@paytm is suspended. Verify urgent.
spam,Reward points worth Rs 500000 expiring within 10 minutes. Redeem at http://reward-claim.in
spam,SIM card will be blocked now. Update details at http://verify-kyc.in
spam,Reward points worth Rs 5000 expiring today. Redeem at http://bank-alert.in
spam,Electricity bill pending of Rs 1000. Pay urgent at http://bank-alert.in
spam,Electricity bill pending of Rs 10000. Pay now at http://upi-check.in
spam,Income tax refund Rs 10000 approved. Claim within 10 minutes.
ham,Happy Birthday!
spam,PAN not linked with Aadhaar. Update immediately.
spam,Electricity bill pending of Rs 500000. Pay urgent at http://upi-check.in
spam,Your UPI ID hitesh@upi is suspended. Verify now.
spam,Income tax refund Rs 1000 approved. Claim immediately.
spam,SIM card will be blocked immediately. Update details at http://upi-check.in
spam,KYC incomplete for Axis Bank. Submit documents now.
ham,I'm outside your house. https://meet.google.com/abc-defg-hij
spam,SIM card will be blocked today. Update details at http://bank-alert.in
spam,Congratulations! You won Rs 10000. Claim urgent.
ham,Assignment deadline is Monday.
spam,Your UPI ID user@okaxis is suspended. Verify immediately.
spam,Income tax refund Rs 500 approved. Claim immediately.
spam,Congratulations! You won Rs 2500000. Claim urgent.
ham,Where are you right now? https://drive.google.com/file
ham,Call me when you reach home.
ham,Let's go for dinner tonight.
ham,I'm outside your house. https://youtube.com
spam,RBI alert: Suspicious activity detected. Verify today.
spam,Your ATM card blocked. Share OTP immediately.
spam,SIM card will be blocked immediately. Update details at http://bank-alert.in
ham,Meeting moved to 5 pm today. https://youtube.com
spam,"Your account credited with Rs 2500000. If not you, report within 10 minutes."
ham,Recharge successful for Rs 500000.
spam,Congratulations! You won Rs 500. Claim within 10 minutes.
ham,Meeting postponed to tomorrow 10 am.
spam,Your UPI ID amit@paytm is suspended. Verify within 10 minutes.
spam,PAN not linked with Aadhaar. Update within 10 minutes.
ham,Please send the notes.
ham,See you in college tomorrow.
spam,KYC incomplete for Axis Bank. Submit documents now.
spam,"Dear customer, your SBI account will be blocked within 10 minutes. Update KYC at http://upi-check.in"
spam,Job offer confirmed. Pay registration fee Rs 1000 immediately.
spam,Parcel on hold. Update address immediately at http://verify-kyc.in
spam,Reward points worth Rs 25000 expiring now. Redeem at http://secure-update.in
spam,Pre-approved loan of Rs 2500000. Apply urgent.
spam,Income tax refund Rs 25000 approved. Claim within 10 minutes.
spam,SIM card will be blocked within 10 minutes. Update details at http://upi-check.in
spam,RBI alert: Suspicious activity detected. Verify urgent.
ham,Movie plan at 6 pm?
ham,"Reached safely, call you later."
spam,Parcel on hold. Update address within 10 minutes at http://upi-check.in
ham,Your order from Amazon is delivered.
spam,PAN not linked with Aadhaar. Update immediately.
ham,Office meeting link shared on WhatsApp.
spam,PAN not linked with Aadhaar. Update urgent.
spam,Income tax refund Rs 10000 approved. Claim immediately.
spam,KYC incomplete for SBI. Submit documents within 10 minutes.
spam,KYC incomplete for ICICI. Submit documents urgent.
spam,RBI alert: Suspicious activity detected. Verify within 10 minutes.
spam,Your ATM card blocked. Share OTP today.
spam,Reward points worth Rs 5000 expiring now. Redeem at http://verify-kyc.in
spam,Parcel on hold. Update address today at http://secure-update.in
spam,RBI alert: Suspicious activity detected. Verify urgent.
ham,I will reach home in 20 minutes.
spam,Job offer confirmed. Pay registration fee Rs 1000 immediately.
ham,Meeting moved to 5 pm today.
spam,Congratulations! You won Rs 1000. Claim urgent.
spam,Your UPI ID amit@paytm is suspended. Verify now.
spam,"Your account credited with Rs 500000. If not you, report within 10 minutes."
spam,PAN not linked with Aadhaar. Update immediately.
spam,KYC incomplete for HDFC. Submit documents urgent.
spam,RBI alert: Suspicious activity detected. Verify within 10 minutes.
spam,Your ATM card blocked. Share OTP today.
ham,Call me when you reach home.
spam,PAN not linked with Aadhaar. Update today.
spam,PAN not linked with Aadhaar. Update immediately.
spam,Income tax refund Rs 1000 approved. Claim immediately.
spam,Electricity bill pending of Rs 500000. Pay immediately at http://reward-claim.in
ham,Let's meet tomorrow evening.
spam,Parcel on hold. Update address today at http://verify-kyc.in
ham,Dinner at 8 pm?
ham,Let's meet tomorrow evening.
spam,"Dear customer, your Axis Bank account will be blocked urgent. Update KYC at http://upi-check.in"
spam,SIM card will be blocked within 10 minutes. Update details at http://verify-kyc.in
spam,Congratulations! You won Rs 500000. Claim urgent.
spam,Your UPI ID amit@paytm is suspended. Verify now.
spam,Your ATM card blocked. Share OTP within 10 minutes.
spam,RBI alert: Suspicious activity detected. Verify now.
spam,Congratulations! You won Rs 5000. Claim now.
spam,"Your account credited with Rs 500. If not you, report urgent."
ham,Can you bring milk on the way back? https://amazon.in
spam,Income tax refund Rs 10000 approved. Claim within 10 minutes.
spam,Job offer confirmed. Pay registration fee Rs 10000 immediately.
spam,KYC incomplete for SBI. Submit documents today.
ham,Can you bring milk on the way back?
spam,"Dear customer, your HDFC account will be blocked urgent. Update KYC at http://secure-update.in"
ham,Your order from Amazon is delivered.
spam,Your ATM card blocked. Share OTP urgent.
spam,SIM card will be blocked immediately. Update details at http://verify-kyc.in
spam,"Your account credited with Rs 25000. If not you, report today."
spam,Reward points worth Rs 25000 expiring urgent. Redeem at http://upi-check.in
ham,Where are you right now?
spam,PAN not linked with Aadhaar. Update urgent.
spam,Electricity bill pending of Rs 500. Pay today at http://bank-alert.in
ham,Movie plan at 6 pm?
spam,Reward points worth Rs 10000 expiring today. Redeem at http://bank-alert.in
ham,Office meeting link shared on WhatsApp.
spam,RBI alert: Suspicious activity detected. Verify within 10 minutes.
ham,Your order from Amazon is delivered.
spam,Reward points worth Rs 5000 expiring within 10 minutes. Redeem at http://bank-alert.in
spam,Job offer confirmed. Pay registration fee Rs 25000 within 10 minutes.
ham,Movie plan at 6 pm?
spam,Congratulations! You won Rs 10000. Claim now.
ham,Let's go for dinner tonight.
spam,Congratulations! You won Rs 10000. Claim now.
spam,Reward points worth Rs 10000 expiring within 10 minutes. Redeem at http://secure-update.in
spam,SIM card will be blocked now. Update details at http://bank-alert.in
spam,Reward points worth Rs 10000 expiring immediately. Redeem at http://upi-check.in
spam,Pre-approved loan of Rs 2500000. Apply urgent.
spam,Job offer confirmed. Pay registration fee Rs 500000 within 10 minutes.
spam,Congratulations! You won Rs 1000. Claim today.
ham,Did you check the document I shared? https://amazon.in
spam,Reward points worth Rs 25000 expiring immediately. Redeem at http://verify-kyc.in
spam,Pre-approved loan of Rs 2500000. Apply now.
spam,PAN not linked with Aadhaar. Update urgent.
spam,Income tax refund Rs 10000 approved. Claim today.
spam,"Dear customer, your HDFC account will be blocked immediately. Update KYC at http://upi-check.in"
spam,"Your account credited with Rs 10000. If not you, report urgent."
ham,Your bank transaction of Rs 2500000 is successful.
spam,"Dear customer, your HDFC account will be blocked urgent. Update KYC at http://reward-claim.in"
ham,Where are you right now?
ham,Dinner at 8 pm? https://meet.google.com/abc-defg-hij
spam,"Dear customer, your Axis Bank account will be blocked now. Update KYC at http://reward-claim.in"
ham,Your order from Amazon is delivered.
ham,Meeting moved to 5 pm today. https://drive.google.com/file
spam,Your UPI ID hitesh@upi is suspended. Verify now.
spam,Income tax refund Rs 10000 approved. Claim immediately.
spam,KYC incomplete for Bank of Baroda. Submit documents now.
spam,Job offer confirmed. Pay registration fee Rs 500 urgent.
spam,Congratulations! You won Rs 25000. Claim now.
spam,SIM card will be blocked immediately. Update details at http://verify-kyc.in
spam,Reward points worth Rs 25000 expiring urgent. Redeem at http://bank-alert.in
spam,RBI alert: Suspicious activity detected. Verify within 10 minutes.
ham,"Reached safely, call you later."
ham,Happy Birthday!
ham,See you in college tomorrow.
spam,"Dear customer, your ICICI account will be blocked today. Update KYC at http://verify-kyc.in"
spam,Pre-approved loan of Rs 2500000. Apply urgent.
ham,Happy Birthday!
spam,Reward points worth Rs 5000 expiring urgent. Redeem at http://secure-update.in
spam,Congratulations! You won Rs 1000. Claim within 10 minutes.
spam,PAN not linked with Aadhaar. Update within 10 minutes.
spam,KYC incomplete for SBI. Submit documents immediately.
spam,Parcel on hold. Update address immediately at http://reward-claim.in
spam,SIM card will be blocked within 10 minutes. Update details at http://reward-claim.in
ham,Did you check the document I shared?
spam,Your UPI ID amit@paytm is suspended. Verify immediately.
spam,KYC incomplete for PNB. Submit documents now.
spam,Your UPI ID hitesh@upi is suspended. Verify immediately.
spam,Congratulations! You won Rs 10000. Claim within 10 minutes.
spam,Reward points worth Rs 500000 expiring now. Redeem at http://upi-check.in
ham,Movie plan at 6 pm?
spam,Parcel on hold. Update address today at http://verify-kyc.in
ham,Meeting postponed to tomorrow 10 am.
spam,Job offer confirmed. Pay registration fee Rs 500000 within 10 minutes.
spam,PAN not linked with Aadhaar. Update today.
spam,Your UPI ID hitesh@upi is suspended. Verify within 10 minutes.
spam,Parcel on hold. Update address now at http://secure-update.in
ham,Movie plan at 6 pm?
ham,Meeting postponed to tomorrow 10 am.
spam,Your UPI ID rahul@ybl is suspended. Verify within 10 minutes.
spam,RBI alert: Suspicious activity detected. Verify within 10 minutes.
spam,Pre-approved loan of Rs 5000. Apply within 10 minutes.
spam,Reward points worth Rs 1000 expiring today. Redeem at http://upi-check.in
spam,"Dear customer, your ICICI account will be blocked immediately. Update KYC at http://bank-alert.in"
spam,Pre-approved loan of Rs 25000. Apply urgent.
ham,Recharge successful for Rs 500000.
spam,Pre-approved loan of Rs 25000. Apply within 10 minutes.
ham,Your order from Amazon is delivered.
ham,Please send the notes.
spam,SIM card will be blocked within 10 minutes. Update details at http://reward-claim.in
spam,RBI alert: Suspicious activity detected. Verify now.
spam,Your ATM card blocked. Share OTP immediately.
spam,PAN not linked with Aadhaar. Update now.
spam,Your UPI ID rahul@ybl is suspended. Verify now.
spam,Your ATM card blocked. Share OTP today.
ham,Did you check the document I shared?
ham,Recharge successful for Rs 2500000.
ham,Meeting postponed to tomorrow 10 am.
ham,I will reach home in 20 minutes.
spam,Electricity bill pending of Rs 1000. Pay immediately at http://secure-update.in
spam,Congratulations! You won Rs 25000. Claim now.
ham,I'm outside your house.
ham,Recharge successful for Rs 500.
spam,PAN not linked with Aadhaar. Update within 10 minutes.
spam,Pre-approved loan of Rs 2500000. Apply now.
ham,Please send the notes.
ham,Assignment deadline is Monday.
ham,Recharge successful for Rs 5000.
ham,Happy Birthday!
spam,Income tax refund Rs 10000 approved. Claim today.
spam,Congratulations! You won Rs 10000. Claim urgent.
spam,SIM card will be blocked today. Update details at http://secure-update.in
spam,Congratulations! You won Rs 1000. Claim urgent.
ham,"Send me 100 rs for the cab, I'll return later."
spam,RBI alert: Suspicious activity detected. Verify within 10 minutes.
spam,Pre-approved loan of Rs 500. Apply within 10 minutes.
spam,Income tax refund Rs 1000 approved. Claim urgent.
spam,Your UPI ID user@okaxis is suspended. Verify urgent.
ham,Where are you right now? https://youtube.com
spam,Congratulations! You won Rs 2500000. Claim today.
ham,Assignment deadline is Monday.
spam,Congratulations! You won Rs 25000. Claim now.
spam,"Dear customer, your ICICI account will be blocked urgent. Update KYC at http://verify-kyc.in"
ham,Train arriving at 7 pm.
spam,PAN not linked with Aadhaar. Update immediately.
spam,Parcel on hold. Update address within 10 minutes at http://reward-claim.in
spam,Income tax refund Rs 500000 approved. Claim immediately.
spam,Reward points worth Rs 10000 expiring urgent. Redeem at http://verify-kyc.in
ham,See you in college tomorrow.
spam,Parcel on hold. Update address now at http://verify-kyc.in
ham,Your order from Amazon is delivered.
spam,"Your account credited with Rs 1000. If not you, report immediately."
spam,Your ATM card blocked. Share OTP within 10 minutes.
spam,SIM card will be blocked urgent. Update details at http://reward-claim.in
spam,Electricity bill pending of Rs 1000. Pay immediately at http://upi-check.in
spam,"Your account credited with Rs 500000. If not you, report within 10 minutes."
spam,Your ATM card blocked. Share OTP now.
ham,Where are you right now? https://maps.google.com
ham,Dinner at 8 pm? https://amazon.in
ham,Office meeting link shared on WhatsApp.
spam,Pre-approved loan of Rs 500000. Apply within 10 minutes.
ham,Your bank transaction of Rs 500 is successful.
spam,Income tax refund Rs 5000 approved. Claim immediately.
spam,Your ATM card blocked. Share OTP immediately.
spam,"Your account credited with Rs 500. If not you, report today."
spam,Your UPI ID amit@paytm is suspended. Verify within 10 minutes.
spam,"Dear customer, your Axis Bank account will be blocked within 10 minutes. Update KYC at http://secure-update.in"
ham,Recharge successful for Rs 500000.
spam,Job offer confirmed. Pay registration fee Rs 500000 urgent.
spam,Pre-approved loan of Rs 2500000. Apply urgent.
spam,Your ATM card blocked. Share OTP immediately.
ham,Your order from Amazon is delivered.
ham,Let's go for dinner tonight.
spam,Job offer confirmed. Pay registration fee Rs 2500000 today.
ham,Dinner at 8 pm?
spam,Job offer confirmed. Pay registration fee Rs 500000 immediately.
ham,"Reached safely, call you later."
spam,Electricity bill pending of Rs 500000. Pay urgent at http://reward-claim.in
ham,Did you check the document I shared? https://amazon.in
spam,Income tax refund Rs 10000 approved. Claim within 10 minutes.
spam,"Dear customer, your Bank of Baroda account will be blocked within 10 minutes. Update KYC at http://upi-check.in"
spam,Pre-approved loan of Rs 5000. Apply today.
spam,Congratulations! You won Rs 500. Claim immediately.
spam,PAN not linked with Aadhaar. Update immediately.
spam,RBI alert: Suspicious activity detected. Verify immediately.
spam,"Your account credited with Rs 25000. If not you, report urgent."
ham,Where are you right now?
ham,"Reached safely, call you later."
ham,Did you check the document I shared? https://amazon.in
spam,Job offer confirmed. Pay registration fee Rs 1000 now.
ham,Recharge successful for Rs 25000.
spam,Your UPI ID user@okaxis is suspended. Verify within 10 minutes.
spam,PAN not linked with Aadhaar. Update within 10 minutes.
ham,Electricity bill payment of Rs 1000 received.
spam,"Your account credited with Rs 5000. If not you, report within 10 minutes."
ham,Your bank transaction of Rs 5000 is successful.
spam,Parcel on hold. Update address within 10 minutes at http://secure-update.in
spam,Job offer confirmed. Pay registration fee Rs 2500000 urgent.
spam,KYC incomplete for Axis Bank. Submit documents today.
ham,Office meeting link shared on WhatsApp.
ham,Dinner at 8 pm? https://meet.google.com/abc-defg-hij
ham,Office meeting link shared on WhatsApp.
spam,KYC incomplete for HDFC. Submit documents urgent.
ham,Your bank transaction of Rs 5000 is successful.
spam,"Your account credited with Rs 1000. If not you, report urgent."
ham,Let's go for dinner tonight.
spam,PAN not linked with Aadhaar. Update urgent.
spam,Electricity bill pending of Rs 500. Pay today at http://upi-check.in
spam,Congratulations! You won Rs 2500000. Claim immediately.
spam,Your UPI ID amit@paytm is suspended. Verify immediately.
spam,"Your account credited with Rs 500. If not you, report today."
ham,Recharge successful for Rs 500000.
spam,Parcel on hold. Update address now at http://bank-alert.in
ham,Let's meet tomorrow evening. https://meet.google.com/abc-defg-hij
spam,Your UPI ID hitesh@upi is suspended. Verify today.
spam,Your ATM card blocked. Share OTP within 10 minutes.
spam,Your UPI ID amit@paytm is suspended. Verify within 10 minutes.
ham,Your order from Amazon is delivered.
ham,Office meeting link shared on WhatsApp.
spam,Parcel on hold. Update address today at http://reward-claim.in
spam,Parcel on hold. Update address now at http://secure-update.in
spam,Job offer confirmed. Pay registration fee Rs 2500000 immediately.
spam,"Dear customer, your HDFC account will be blocked today. Update KYC at http://reward-claim.in"
ham,Meeting postponed to tomorrow 10 am.
spam,SIM card will be blocked urgent. Update details at http://verify-kyc.in
ham,Please send the notes.
ham,Call me when you reach home. https://meet.google.com/abc-defg-hij
spam,Reward points worth Rs 10000 expiring within 10 minutes. Redeem at http://upi-check.in
spam,SIM card will be blocked within 10 minutes. Update details at http://upi-check.in
spam,RBI alert: Suspicious activity detected. Verify within 10 minutes.
spam,RBI alert: Suspicious activity detected. Verify within 10 minutes.
spam,RBI alert: Suspicious activity detected. Verify today.
spam,Your ATM card blocked. Share OTP today.
spam,PAN not linked with Aadhaar. Update today.
ham,Can you bring milk on the way back? https://maps.google.com
spam,"Dear customer, your PNB account will be blocked today. Update KYC at http://bank-alert.in"
ham,Are you free today?
spam,Your ATM card blocked. Share OTP today.
spam,RBI alert: Suspicious activity detected. Verify urgent.
spam,SIM card will be blocked immediately. Update details at http://bank-alert.in
spam,Electricity bill pending of Rs 1000. Pay immediately at http://upi-check.in
spam,Your ATM card blocked. Share OTP within 10 minutes.
spam,Job offer confirmed. Pay registration fee Rs 5000 immediately.
spam,Reward points worth Rs 10000 expiring urgent. Redeem at http://secure-update.in
ham,Call me when you reach home. https://amazon.in
ham,I will reach home in 20 minutes.
spam,Your UPI ID user@okaxis is suspended. Verify immediately.
spam,Congratulations! You won Rs 25000. Claim immediately.
ham,Assignment deadline is Monday.
ham,See you in college tomorrow.
spam,RBI alert: Suspicious activity detected. Verify urgent.
ham,Let's meet tomorrow evening.
ham,Meeting moved to 5 pm today.
spam,Job offer confirmed. Pay registration fee Rs 5000 now.
spam,Electricity bill pending of Rs 10000. Pay now at http://reward-claim.in
ham,Where are you right now?
spam,Income tax refund Rs 10000 approved. Claim today.
spam,Electricity bill pending of Rs 500000. Pay urgent at http://upi-check.in
spam,Job offer confirmed. Pay registration fee Rs 10000 within 10 minutes.
spam,Pre-approved loan of Rs 500000. Apply within 10 minutes.
ham,Electricity bill payment of Rs 5000 received.
spam,Parcel on hold. Update address today at http://reward-claim.in
ham,Let's meet tomorrow evening. https://maps.google.com
spam,PAN not linked with Aadhaar. Update now.
spam,RBI alert: Suspicious activity detected. Verify today.
ham,Happy Birthday!
spam,KYC incomplete for SBI. Submit documents within 10 minutes.
spam,RBI alert: Suspicious activity detected. Verify now.
ham,Dinner at 8 pm?
spam,Electricity bill pending of Rs 500000. Pay immediately at http://reward-claim.in
spam,KYC incomplete for Axis Bank. Submit documents immediately.
spam,PAN not linked with Aadhaar. Update within 10 minutes.
spam,Pre-approved loan of Rs 10000. Apply now.
spam,Income tax refund Rs 25000 approved. Claim within 10 minutes.
spam,KYC incomplete for Bank of Baroda. Submit documents today.
ham,I'm outside your house.
spam,Your ATM card blocked. Share OTP within 10 minutes.
ham,Did you check the document I shared?
spam,KYC incomplete for Bank of Baroda. Submit documents today.
spam,Pre-approved loan of Rs 2500000. Apply urgent.
ham,Did you check the document I shared?
spam,Your ATM card blocked. Share OTP immediately.
spam,Income tax refund Rs 500 approved. Claim urgent.
spam,"Dear customer, your HDFC account will be blocked urgent. Update KYC at http://verify-kyc.in"
spam,Pre-approved loan of Rs 500. Apply urgent.
spam,Congratulations! You won Rs 5000. Claim immediately.
ham,Call me when you reach home.
spam,PAN not linked with Aadhaar. Update urgent.
spam,Your UPI ID user@okaxis is suspended. Verify now.
spam,Your ATM card blocked. Share OTP within 10 minutes.
spam,Congratulations! You won Rs 2500000. Claim now.
spam,"Dear customer, your Bank of Baroda account will be blocked today. Update KYC at http://bank-alert.in"
ham,Assignment deadline is Monday.
spam,Your ATM card blocked. Share OTP urgent.
spam,Reward points worth Rs 10000 expiring urgent. Redeem at http://upi-check.in
spam,KYC incomplete for ICICI. Submit documents immediately.
ham,See you in college tomorrow.
spam,KYC incomplete for SBI. Submit documents today.
spam,Job offer confirmed. Pay registration fee Rs 500 today.
spam,Income tax refund Rs 25000 approved. Claim within 10 minutes.
spam,Electricity bill pending of Rs 10000. Pay within 10 minutes at http://bank-alert.in
spam,KYC incomplete for PNB. Submit documents immediately.
spam,Income tax refund Rs 10000 approved. Claim immediately.
spam,RBI alert: Suspicious activity detected. Verify within 10 minutes.
ham,I will reach home in 20 minutes.
ham,Call me when you reach home. https://amazon.in
ham,Movie plan at 6 pm?
spam,Reward points worth Rs 25000 expiring now. Redeem at http://bank-alert.in
ham,"Reached safely, call you later."
ham,"Send me 100 rs for the cab, I'll return later."
ham,Did you check the document I shared?
ham,See you in college tomorrow.
spam,Your ATM card blocked. Share OTP today.
spam,"Your account credited with Rs 5000. If not you, report today."
spam,KYC incomplete for Bank of Baroda. Submit documents within 10 minutes.
ham,Office meeting link shared on WhatsApp.
spam,Your ATM card blocked. Share OTP now.
ham,Movie plan at 6 pm?
spam,"Dear customer, your SBI account will be blocked within 10 minutes. Update KYC at http://reward-claim.in"
spam,Job offer confirmed. Pay registration fee Rs 1000 now.
spam,SIM card will be blocked within 10 minutes. Update details at http://upi-check.in
ham,Call me when you reach home. https://drive.google.com/file
spam,SIM card will be blocked today. Update details at http://reward-claim.in
spam,Income tax refund Rs 10000 approved. Claim today.
ham,Train arriving at 7 pm.
spam,Your UPI ID hitesh@upi is suspended. Verify within 10 minutes.
spam,Pre-approved loan of Rs 2500000. Apply now.
ham,I will reach home in 20 minutes.
spam,"Dear customer, your SBI account will be blocked within 10 minutes. Update KYC at http://secure-update.in"
spam,Electricity bill pending of Rs 500. Pay urgent at http://reward-claim.in
spam,"Dear customer, your PNB account will be blocked urgent. Update KYC at http://verify-kyc.in"
spam,Income tax refund Rs 10000 approved. Claim urgent.
spam,Income tax refund Rs 25000 approved. Claim today.
spam,Reward points worth Rs 500 expiring within 10 minutes. Redeem at http://upi-check.in
spam,Congratulations! You won Rs 1000. Claim today.
spam,Income tax refund Rs 500 approved. Claim today.
ham,Can you bring milk on the way back?
spam,Pre-approved loan of Rs 500. Apply immediately.
spam,Reward points worth Rs 500 expiring now. Redeem at http://secure-update.in
ham,Call me when you reach home.
spam,"Dear customer, your PNB account will be blocked now. Update KYC at http://reward-claim.in"
spam,Reward points worth Rs 1000 expiring today. Redeem at http://secure-update.in
spam,Congratulations! You won Rs 2500000. Claim now.
ham,Dinner at 8 pm?
ham,Meeting moved to 5 pm today.
spam,Electricity bill pending of Rs 2500000. Pay immediately at http://verify-kyc.in
ham,See you in college tomorrow.
spam,Pre-approved loan of Rs 5000. Apply today.
spam,Job offer confirmed. Pay registration fee Rs 500 urgent.
ham,I'm outside your house.
ham,Electricity bill payment of Rs 10000 received.
spam,"Your account credited with Rs 10000. If not you, report immediately."
spam,Electricity bill pending of Rs 500. Pay immediately at http://reward-claim.in
spam,"Your account credited with Rs 10000. If not you, report within 10 minutes."
ham,Office meeting link shared on WhatsApp.
spam,RBI alert: Suspicious activity detected. Verify now.
ham,Recharge successful for Rs 1000.
spam,RBI alert: Suspicious activity detected. Verify immediately.
spam,Your UPI ID user@okaxis is suspended. Verify now.
spam,"Your account credited with Rs 10000. If not you, report immediately."
ham,Recharge successful for Rs 10000.
ham,See you in college tomorrow.
spam,"Dear customer, your HDFC account will be blocked urgent. Update KYC at http://upi-check.in"
spam,SIM card will be blocked within 10 minutes. Update details at http://upi-check.in
spam,Your ATM card blocked. Share OTP today.
ham,See you in college tomorrow.
ham,Electricity bill payment of Rs 500 received.
spam,Your UPI ID amit@paytm is suspended. Verify now.
spam,Reward points worth Rs 1000 expiring today. Redeem at http://bank-alert.in
spam,"Dear customer, your Bank of Baroda account will be blocked today. Update KYC at http://upi-check.in"
spam,KYC incomplete for SBI. Submit documents now.
spam,Your UPI ID user@okaxis is suspended. Verify within 10 minutes.
spam,Pre-approved loan of Rs 2500000. Apply immediately.
spam,Your UPI ID amit@paytm is suspended. Verify now.
spam,"Dear customer, your Bank of Baroda account will be blocked today. Update KYC at http://upi-check.in"
ham,See you in college tomorrow.
spam,Your UPI ID user@okaxis is suspended. Verify now.
spam,Parcel on hold. Update address urgent at http://bank-alert.in
ham,Movie plan at 6 pm?
spam,SIM card will be blocked now. Update details at http://verify-kyc.in
spam,RBI alert: Suspicious activity detected. Verify within 10 minutes.
spam,"Dear customer, your SBI account will be blocked immediately. Update KYC at http://bank-alert.in"
spam,PAN not linked with Aadhaar. Update immediately.
spam,Electricity bill pending of Rs 1000. Pay urgent at http://secure-update.in
spam,Electricity bill pending of Rs 1000. Pay urgent at http://reward-claim.in
ham,Recharge successful for Rs 500000.
spam,Pre-approved loan of Rs 500. Apply today.
spam,Your UPI ID user@okaxis is suspended. Verify immediately.
spam,Your UPI ID hitesh@upi is suspended. Verify urgent.
spam,"Your account credited with Rs 25000. If not you, report today."
ham,Your order from Amazon is delivered.
ham,Happy Birthday!
spam,Electricity bill pending of Rs 25000. Pay immediately at http://reward-claim.in
spam,Your UPI ID hitesh@upi is suspended. Verify immediately.
spam,Your UPI ID amit@paytm is suspended. Verify now.
ham,I will reach home in 20 minutes.
spam,"Your account credited with Rs 500000. If not you, report within 10 minutes."
spam,Parcel on hold. Update address urgent at http://reward-claim.in
spam,"Dear customer, your Axis Bank account will be blocked now. Update KYC at http://upi-check.in"
spam,Job offer confirmed. Pay registration fee Rs 10000 within 10 minutes.
spam,Parcel on hold. Update address today at http://bank-alert.in
ham,I'm outside your house. https://youtube.com
spam,Your UPI ID hitesh@upi is suspended. Verify within 10 minutes.
ham,Your order from Amazon is delivered.
spam,Your UPI ID rahul@ybl is suspended. Verify immediately.
spam,Electricity bill pending of Rs 5000. Pay within 10 minutes at http://bank-alert.in
spam,Electricity bill pending of Rs 1000. Pay now at http://verify-kyc.in
spam,KYC incomplete for HDFC. Submit documents within 10 minutes.
spam,"Your account credited with Rs 2500000. If not you, report within 10 minutes."
spam,Electricity bill pending of Rs 2500000. Pay urgent at http://secure-update.in
spam,Income tax refund Rs 1000 approved. Claim today.
ham,"Send me 100 rs for the cab, I'll return later. https://meet.google.com/abc-defg-hij"
ham,Please send the notes.
spam,Income tax refund Rs 500000 approved. Claim now.
ham,Call me when you reach home.
spam,Electricity bill pending of Rs 500. Pay immediately at http://bank-alert.in
spam,SIM card will be blocked today. Update details at http://upi-check.in
spam,PAN not linked with Aadhaar. Update within 10 minutes.
spam,RBI alert: Suspicious activity detected. Verify urgent.
spam,Your UPI ID user@okaxis is suspended. Verify today.
spam,SIM card will be blocked within 10 minutes. Update details at http://secure-update.in
ham,Dinner at 8 pm?
ham,Office meeting link shared on WhatsApp.
spam,"Dear customer, your ICICI account will be blocked immediately. Update KYC at http://bank-alert.in"
spam,Your ATM card blocked. Share OTP within 10 minutes.
spam,Your ATM card blocked. Share OTP within 10 minutes.
spam,Congratulations! You won Rs 2500000. Claim today.
spam,"Your account credited with Rs 500000. If not you, report within 10 minutes."
spam,PAN not linked with Aadhaar. Update today.
ham,Assignment deadline is Monday.
spam,"Dear customer, your SBI account will be blocked now. Update KYC at http://verify-kyc.in"
spam,RBI alert: Suspicious activity detected. Verify within 10 minutes.
ham,See you in college tomorrow.
spam,Pre-approved loan of Rs 5000. Apply today.
spam,Pre-approved loan of Rs 2500000. Apply immediately.
ham,Assignment deadline is Monday.
spam,Parcel on hold. Update address urgent at http://reward-claim.in
spam,RBI alert: Suspicious activity detected. Verify now.
spam,Electricity bill pending of Rs 5000. Pay now at http://bank-alert.in
spam,Reward points worth Rs 2500000 expiring now. Redeem at http://secure-update.in
ham,Your order from Amazon is delivered.
spam,Congratulations! You won Rs 500000. Claim within 10 minutes.
spam,Congratulations! You won Rs 1000. Claim within 10 minutes.
spam,Electricity bill pending of Rs 1000. Pay within 10 minutes at http://bank-alert.in
spam,"Your account credited with Rs 5000. If not you, report today."
spam,Your ATM card blocked. Share OTP now.
ham,Let's go for dinner tonight.
ham,Train arriving at 7 pm.
spam,Income tax refund Rs 5000 approved. Claim today.
spam,Income tax refund Rs 1000 approved. Claim within 10 minutes.
spam,SIM card will be blocked immediately. Update details at http://reward-claim.in
spam,Your UPI ID hitesh@upi is suspended. Verify immediately.
spam,RBI alert: Suspicious activity detected. Verify now.
spam,Electricity bill pending of Rs 500. Pay urgent at http://upi-check.in
ham,Your order from Amazon is delivered.
spam,Pre-approved loan of Rs 1000. Apply now.
ham,Meeting moved to 5 pm today. https://amazon.in
spam,PAN not linked with Aadhaar. Update within 10 minutes.
spam,Job offer confirmed. Pay registration fee Rs 2500000 today.
spam,KYC incomplete for PNB. Submit documents urgent.
ham,See you in college tomorrow.
spam,SIM card will be blocked today. Update details at http://reward-claim.in
ham,Can you bring milk on the way back?
spam,Parcel on hold. Update address immediately at http://upi-check.in
ham,Your bank transaction of Rs 5000 is successful.
spam,Your ATM card blocked. Share OTP today.
spam,Pre-approved loan of Rs 2500000. Apply today.
spam,Income tax refund Rs 10000 approved. Claim immediately.
spam,Your ATM card blocked. Share OTP now.
spam,Your ATM card blocked. Share OTP immediately.
spam,PAN not linked with Aadhaar. Update immediately.
spam,Your UPI ID rahul@ybl is suspended. Verify today.
ham,Your order from Amazon is delivered.
spam,"Your account credited with Rs 500. If not you, report now."
spam,Income tax refund Rs 500000 approved. Claim now.
spam,Congratulations! You won Rs 500000. Claim now.
spam,Your UPI ID hitesh@upi is suspended. Verify now.
spam,PAN not linked with Aadhaar. Update today.
spam,Electricity bill pending of Rs 5000. Pay within 10 minutes at http://verify-kyc.in
ham,Call me when you reach home. https://youtube.com
spam,Your ATM card blocked. Share OTP now.
ham,Did you check the document I shared? https://drive.google.com/file
spam,Your UPI ID amit@paytm is suspended. Verify within 10 minutes.
ham,Let's go for dinner tonight.
spam,Income tax refund Rs 25000 approved. Claim now.
spam,Reward points worth Rs 500000 expiring immediately. Redeem at http://secure-update.in
spam,Income tax refund Rs 2500000 approved. Claim today.
spam,RBI alert: Suspicious activity detected. Verify within 10 minutes.
spam,Parcel on hold. Update address now at http://secure-update.in
ham,Meeting postponed to tomorrow 10 am.
ham,Meeting moved to 5 pm today. https://amazon.in
spam,Congratulations! You won Rs 500. Claim urgent.
spam,RBI alert: Suspicious activity detected. Verify today.
ham,Are you free today? https://amazon.in
ham,Please send the notes.
spam,Congratulations! You won Rs 10000. Claim within 10 minutes.
spam,KYC incomplete for Axis Bank. Submit documents today.
spam,Pre-approved loan of Rs 500000. Apply now.
ham,"Send me 100 rs for the cab, I'll return later."
ham,Please send the notes.
spam,"Your account credited with Rs 500000. If not you, report within 10 minutes."
spam,Electricity bill pending of Rs 1000. Pay now at http://bank-alert.in
spam,Congratulations! You won Rs 500. Claim immediately.
ham,"Send me 100 rs for the cab, I'll return later. https://maps.google.com"
spam,Reward points worth Rs 1000 expiring urgent. Redeem at http://upi-check.in
spam,SIM card will be blocked urgent. Update details at http://secure-update.in
ham,Recharge successful for Rs 2500000.
spam,Income tax refund Rs 1000 approved. Claim immediately.
spam,PAN not linked with Aadhaar. Update immediately.
spam,KYC incomplete for HDFC. Submit documents now.
ham,Meeting postponed to tomorrow 10 am.
spam,RBI alert: Suspicious activity detected. Verify within 10 minutes.
spam,Income tax refund Rs 500000 approved. Claim immediately.
ham,"Reached safely, call you later."
ham,I'm outside your house. https://youtube.com
spam,Reward points worth Rs 5000 expiring urgent. Redeem at http://upi-check.in
spam,Parcel on hold. Update address urgent at http://reward-claim.in
spam,Job offer confirmed. Pay registration fee Rs 2500000 today.
spam,Your UPI ID amit@paytm is suspended. Verify now.
ham,See you in college tomorrow.
spam,Income tax refund Rs 10000 approved. Claim urgent.
spam,Parcel on hold. Update address immediately at http://verify-kyc.in
spam,"Dear customer, your HDFC account will be blocked now. Update KYC at http://bank-alert.in"
spam,SIM card will be blocked today. Update details at http://bank-alert.in
spam,Electricity bill pending of Rs 2500000. Pay now at http://reward-claim.in
spam,"Dear customer, your HDFC account will be blocked within 10 minutes. Update KYC at http://secure-update.in"
spam,Congratulations! You won Rs 500000. Claim now.
spam,Pre-approved loan of Rs 1000. Apply urgent.
spam,Parcel on hold. Update address immediately at http://verify-kyc.in
spam,PAN not linked with Aadhaar. Update within 10 minutes.
spam,PAN not linked with Aadhaar. Update today.
spam,Your UPI ID hitesh@upi is suspended. Verify within 10 minutes.
ham,Train arriving at 7 pm.
spam,Reward points worth Rs 5000 expiring today. Redeem at http://secure-update.in
spam,Parcel on hold. Update address today at http://reward-claim.in
spam,"Your account credited with Rs 500. If not you, report within 10 minutes."
spam,KYC incomplete for HDFC. Submit documents within 10 minutes.
ham,Happy Birthday!
spam,KYC incomplete for Bank of Baroda. Submit documents immediately.
ham,Are you free today? https://maps.google.com
spam,Pre-approved loan of Rs 500000. Apply immediately.
ham,"Send me 100 rs for the cab, I'll return later. https://meet.google.com/abc-defg-hij"
spam,"Your account credited with Rs 25000. If not you, report now."
spam,Income tax refund Rs 25000 approved. Claim now.
spam,"Your account credited with Rs 25000. If not you, report immediately."
ham,Electricity bill payment of Rs 2500000 received.
ham,See you in college tomorrow.
ham,Assignment deadline is Monday.
ham,I will reach home in 20 minutes.
spam,Income tax refund Rs 5000 approved. Claim immediately.
spam,SIM card will be blocked urgent. Update details at http://reward-claim.in
spam,KYC incomplete for ICICI. Submit documents urgent.
spam,RBI alert: Suspicious activity detected. Verify within 10 minutes.
spam,SIM card will be blocked today. Update details at http://bank-alert.in
ham,"Reached safely, call you later."
spam,Income tax refund Rs 500000 approved. Claim urgent.
ham,Your order from Amazon is delivered.
spam,PAN not linked with Aadhaar. Update immediately.
ham,"Reached safely, call you later."
spam,Parcel on hold. Update address today at http://verify-kyc.in
ham,Office meeting link shared on WhatsApp.
spam,Congratulations! You won Rs 500000. Claim urgent.
spam,Congratulations! You won Rs 500. Claim now.
spam,Electricity bill pending of Rs 2500000. Pay urgent at http://verify-kyc.in
spam,Parcel on hold. Update address immediately at http://bank-alert.in
spam,Congratulations! You won Rs 500000. Claim immediately.
spam,RBI alert: Suspicious activity detected. Verify immediately.
ham,Electricity bill payment of Rs 25000 received.
spam,Electricity bill pending of Rs 500. Pay urgent at http://reward-claim.in
spam,KYC incomplete for Bank of Baroda. Submit documents now.
spam,"Your account credited with Rs 25000. If not you, report immediately."
spam,RBI alert: Suspicious activity detected. Verify urgent.
ham,Recharge successful for Rs 500.
spam,Parcel on hold. Update address now at http://upi-check.in
spam,Electricity bill pending of Rs 25000. Pay immediately at http://bank-alert.in
spam,"Dear customer, your ICICI account will be blocked today. Update KYC at http://bank-alert.in"
spam,PAN not linked with Aadhaar. Update now.
ham,Can you bring milk on the way back? https://maps.google.com
ham,Dinner at 8 pm? https://meet.google.com/abc-defg-hij
spam,PAN not linked with Aadhaar. Update immediately.
spam,Income tax refund Rs 25000 approved. Claim now.
ham,Let's meet tomorrow evening.
spam,Electricity bill pending of Rs 500. Pay immediately at http://secure-update.in
spam,Electricity bill pending of Rs 500000. Pay immediately at http://secure-update.in
spam,Your ATM card blocked. Share OTP now.
ham,Let's go for dinner tonight.
spam,Your UPI ID hitesh@upi is suspended. Verify now.
ham,See you in college tomorrow.
spam,Pre-approved loan of Rs 5000. Apply urgent.
ham,Did you check the document I shared?
ham,Happy Birthday!
spam,Reward points worth Rs 500000 expiring immediately. Redeem at http://verify-kyc.in
spam,Your ATM card blocked. Share OTP today.
spam,SIM card will be blocked immediately. Update details at http://reward-claim.in
spam,RBI alert: Suspicious activity detected. Verify now.
ham,"Send me 100 rs for the cab, I'll return later."
spam,Electricity bill pending of Rs 500. Pay within 10 minutes at http://reward-claim.in
spam,Parcel on hold. Update address within 10 minutes at http://reward-claim.in
ham,"Send me 100 rs for the cab, I'll return later."
spam,Your UPI ID amit@paytm is suspended. Verify urgent.
spam,"Your account credited with Rs 5000. If not you, report now."
ham,Train arriving at 7 pm.
ham,Electricity bill payment of Rs 500 received.
spam,PAN not linked with Aadhaar. Update now.
spam,Job offer confirmed. Pay registration fee Rs 1000 within 10 minutes.
spam,Reward points worth Rs 500000 expiring now. Redeem at http://bank-alert.in
spam,"Your account credited with Rs 500000. If not you, report immediately."
ham,Office meeting link shared on WhatsApp.
spam,Electricity bill pending of Rs 2500000. Pay today at http://reward-claim.in
spam,Reward points worth Rs 2500000 expiring now. Redeem at http://verify-kyc.in
spam,Income tax refund Rs 2500000 approved. Claim now.
ham,Please send the notes.
spam,Job offer confirmed. Pay registration fee Rs 500 within 10 minutes.
ham,"Reached safely, call you later."
spam,Income tax refund Rs 1000 approved. Claim urgent.
spam,KYC incomplete for SBI. Submit documents now.
spam,RBI alert: Suspicious activity detected. Verify today.
spam,"Dear customer, your PNB account will be blocked urgent. Update KYC at http://verify-kyc.in"
spam,Pre-approved loan of Rs 500. Apply now.
spam,Income tax refund Rs 25000 approved. Claim urgent.
spam,KYC incomplete for Axis Bank. Submit documents today.
spam,"Dear customer, your HDFC account will be blocked immediately. Update KYC at http://secure-update.in"
spam,Reward points worth Rs 10000 expiring now. Redeem at http://verify-kyc.in
spam,"Your account credited with Rs 25000. If not you, report within 10 minutes."
spam,"Dear customer, your Axis Bank account will be blocked within 10 minutes. Update KYC at http://reward-claim.in"
spam,KYC incomplete for SBI. Submit documents now.
spam,"Dear customer, your PNB account will be blocked today. Update KYC at http://secure-update.in"
ham,"Reached safely, call you later."
spam,PAN not linked with Aadhaar. Update within 10 minutes.
spam,SIM card will be blocked immediately. Update details at http://bank-alert.in
ham,Movie plan at 6 pm?
spam,KYC incomplete for SBI. Submit documents within 10 minutes.
spam,PAN not linked with Aadhaar. Update today.
spam,"Dear customer, your ICICI account will be blocked within 10 minutes. Update KYC at http://reward-claim.in"
spam,Income tax refund Rs 5000 approved. Claim urgent.
spam,Your UPI ID hitesh@upi is suspended. Verify within 10 minutes.
spam,Income tax refund Rs 25000 approved. Claim within 10 minutes.
spam,Your UPI ID hitesh@upi is suspended. Verify immediately.
ham,Dinner at 8 pm? https://youtube.com
spam,Income tax refund Rs 25000 approved. Claim within 10 minutes.
spam,Electricity bill pending of Rs 5000. Pay urgent at http://verify-kyc.in
ham,Happy Birthday!
spam,"Dear customer, your HDFC account will be blocked immediately. Update KYC at http://reward-claim.in"
spam,Income tax refund Rs 10000 approved. Claim now.
spam,Electricity bill pending of Rs 25000. Pay today at http://secure-update.in
spam,KYC incomplete for SBI. Submit documents today.
ham,Movie plan at 6 pm?
ham,"Send me 100 rs for the cab, I'll return later. https://amazon.in"
ham,Recharge successful for Rs 1000.
spam,Electricity bill pending of Rs 5000. Pay now at http://verify-kyc.in
spam,Job offer confirmed. Pay registration fee Rs 500000 today.
ham,Let's go for dinner tonight.
ham,See you in college tomorrow.
spam,PAN not linked with Aadhaar. Update within 10 minutes.
spam,"Dear customer, your Axis Bank account will be blocked urgent. Update KYC at http://reward-claim.in"
spam,Income tax refund Rs 1000 approved. Claim now.
spam,Electricity bill pending of Rs 25000. Pay immediately at http://bank-alert.in
ham,Office meeting link shared on WhatsApp.
spam,Parcel on hold. Update address today at http://bank-alert.in
ham,Office meeting link shared on WhatsApp.
spam,Your UPI ID user@okaxis is suspended. Verify urgent.
spam,PAN not linked with Aadhaar. Update urgent.
spam,Job offer confirmed. Pay registration fee Rs 500 today.
spam,PAN not linked with Aadhaar. Update urgent.
spam,Congratulations! You won Rs 1000. Claim urgent.
spam,RBI alert: Suspicious activity detected. Verify within 10 minutes.
ham,Movie plan at 6 pm?
spam,"Your account credited with Rs 25000. If not you, report immediately."
spam,Congratulations! You won Rs 1000. Claim today.
spam,Job offer confirmed. Pay registration fee Rs 25000 urgent.
spam,Your ATM card blocked. Share OTP immediately.
spam,"Your account credited with Rs 10000. If not you, report now."
ham,Let's go for dinner tonight.
spam,Congratulations! You won Rs 5000. Claim urgent.
spam,Pre-approved loan of Rs 5000. Apply urgent.
spam,"Your account credited with Rs 5000. If not you, report immediately."
ham,Electricity bill payment of Rs 10000 received.
spam,Income tax refund Rs 25000 approved. Claim today.
spam,SIM card will be blocked now. Update details at http://verify-kyc.in
spam,Your UPI ID hitesh@upi is suspended. Verify within 10 minutes.
ham,Please send the notes.
spam,RBI alert: Suspicious activity detected. Verify within 10 minutes.
spam,Reward points worth Rs 500000 expiring urgent. Redeem at http://upi-check.in
ham,Assignment deadline is Monday.
ham,"Reached safely, call you later."
spam,"Your account credited with Rs 5000. If not you, report urgent."
spam,Your ATM card blocked. Share OTP within 10 minutes.
spam,SIM card will be blocked within 10 minutes. Update details at http://bank-alert.in
ham,Dinner at 8 pm?
ham,Electricity bill payment of Rs 10000 received.
spam,Job offer confirmed. Pay registration fee Rs 10000 now.
spam,KYC incomplete for ICICI. Submit documents today.
ham,Movie plan at 6 pm?
spam,Your ATM card blocked. Share OTP today.
spam,Income tax refund Rs 10000 approved. Claim urgent.
spam,SIM card will be blocked within 10 minutes. Update details at http://verify-kyc.in
ham,"Send me 100 rs for the cab, I'll return later."
spam,Job offer confirmed. Pay registration fee Rs 500000 immediately.
ham,Your bank transaction of Rs 5000 is successful.
ham,Meeting postponed to tomorrow 10 am.
spam,Job offer confirmed. Pay registration fee Rs 10000 urgent.
ham,Train arriving at 7 pm.
spam,SIM card will be blocked today. Update details at http://reward-claim.in
spam,Congratulations! You won Rs 25000. Claim today.
spam,Job offer confirmed. Pay registration fee Rs 25000 immediately.
spam,Reward points worth Rs 10000 expiring immediately. Redeem at http://upi-check.in
ham,Meeting postponed to tomorrow 10 am.
spam,Reward points worth Rs 500000 expiring today. Redeem at http://secure-update.in
spam,Parcel on hold. Update address within 10 minutes at http://secure-update.in
ham,Your bank transaction of Rs 2500000 is successful.
ham,Recharge successful for Rs 500000.
spam,Congratulations! You won Rs 500000. Claim now.
ham,Recharge successful for Rs 500.
spam,Electricity bill pending of Rs 25000. Pay within 10 minutes at http://reward-claim.in
spam,Reward points worth Rs 1000 expiring now. Redeem at http://secure-update.in
ham,Dinner at 8 pm?
spam,Congratulations! You won Rs 500000. Claim now.
ham,Train arriving at 7 pm.
spam,SIM card will be blocked within 10 minutes. Update details at http://verify-kyc.in
ham,Meeting postponed to tomorrow 10 am.
spam,Income tax refund Rs 500000 approved. Claim urgent.
spam,"Your account credited with Rs 25000. If not you, report now."
ham,Please send the notes.
spam,Congratulations! You won Rs 500. Claim immediately.
ham,Train arriving at 7 pm.
ham,Can you bring milk on the way back? https://youtube.com
ham,Happy Birthday!
spam,RBI alert: Suspicious activity detected. Verify now.
spam,KYC incomplete for PNB. Submit documents now.
ham,Call me when you reach home.
spam,Reward points worth Rs 5000 expiring within 10 minutes. Redeem at http://upi-check.in
spam,Parcel on hold. Update address immediately at http://reward-claim.in
spam,Reward points worth Rs 10000 expiring today. Redeem at http://reward-claim.in
spam,KYC incomplete for ICICI. Submit documents now.
spam,Job offer confirmed. Pay registration fee Rs 1000 now.
spam,Congratulations! You won Rs 25000. Claim immediately.
spam,Reward points worth Rs 1000 expiring within 10 minutes. Redeem at http://verify-kyc.in
spam,Congratulations! You won Rs 25000. Claim now.
ham,Your order from Amazon is delivered.
ham,Train arriving at 7 pm.
spam,RBI alert: Suspicious activity detected. Verify within 10 minutes.
spam,RBI alert: Suspicious activity detected. Verify today.
spam,Job offer confirmed. Pay registration fee Rs 25000 immediately.
ham,"Send me 100 rs for the cab, I'll return later. https://youtube.com"
spam,Electricity bill pending of Rs 10000. Pay immediately at http://bank-alert.in
spam,RBI alert: Suspicious activity detected. Verify immediately.
spam,PAN not linked with Aadhaar. Update now.
ham,I'm outside your house. https://drive.google.com/file
ham,Let's meet tomorrow evening. https://youtube.com
ham,Please send the notes.
ham,Movie plan at 6 pm?
spam,Electricity bill pending of Rs 500. Pay now at http://reward-claim.in
spam,"Dear customer, your Bank of Baroda account will be blocked immediately. Update KYC at http://bank-alert.in"
spam,RBI alert: Suspicious activity detected. Verify immediately.
ham,I'm outside your house. https://meet.google.com/abc-defg-hij
ham,See you in college tomorrow.
spam,"Dear customer, your ICICI account will be blocked urgent. Update KYC at http://verify-kyc.in"
ham,Assignment deadline is Monday.
spam,Your ATM card blocked. Share OTP urgent.
ham,I will reach home in 20 minutes.
ham,Train arriving at 7 pm.
ham,Happy Birthday!
ham,I will reach home in 20 minutes.
spam,Reward points worth Rs 500000 expiring immediately. Redeem at http://bank-alert.in
ham,See you in college tomorrow.
ham,Where are you right now?
spam,Job offer confirmed. Pay registration fee Rs 10000 immediately.
spam,"Dear customer, your PNB account will be blocked urgent. Update KYC at http://verify-kyc.in"
ham,Are you free today? https://amazon.in
spam,"Dear customer, your HDFC account will be blocked within 10 minutes. Update KYC at http://bank-alert.in"
spam,KYC incomplete for HDFC. Submit documents within 10 minutes.
spam,Job offer confirmed. Pay registration fee Rs 5000 urgent.
spam,Your UPI ID rahul@ybl is suspended. Verify urgent.
spam,Your UPI ID rahul@ybl is suspended. Verify immediately.
ham,Train arriving at 7 pm.
spam,PAN not linked with Aadhaar. Update today.
spam,Income tax refund Rs 25000 approved. Claim immediately.
spam,RBI alert: Suspicious activity detected. Verify immediately.
spam,"Dear customer, your HDFC account will be blocked today. Update KYC at http://bank-alert.in"
spam,Your UPI ID amit@paytm is suspended. Verify today.
ham,"Send me 100 rs for the cab, I'll return later. https://amazon.in"
ham,Your bank transaction of Rs 2500000 is successful.
ham,Happy Birthday!
ham,Are you free today? https://meet.google.com/abc-defg-hij
ham,"Reached safely, call you later."
ham,Movie plan at 6 pm?
spam,Your UPI ID amit@paytm is suspended. Verify now.
spam,Your ATM card blocked. Share OTP today.
spam,RBI alert: Suspicious activity detected. Verify urgent.
spam,Pre-approved loan of Rs 1000. Apply immediately.
ham,Recharge successful for Rs 5000.
spam,Parcel on hold. Update address urgent at http://verify-kyc.in
spam,Your ATM card blocked. Share OTP within 10 minutes.
ham,Office meeting link shared on WhatsApp.
spam,SIM card will be blocked urgent. Update details at http://bank-alert.in
spam,"Dear customer, your PNB account will be blocked now. Update KYC at http://upi-check.in"
spam,KYC incomplete for ICICI. Submit documents today.
ham,Your bank transaction of Rs 500000 is successful.
spam,"Your account credited with Rs 5000. If not you, report immediately."
spam,"Your account credited with Rs 25000. If not you, report within 10 minutes."
ham,See you in college tomorrow.
spam,Parcel on hold. Update address urgent at http://bank-alert.in
spam,"Your account credited with Rs 10000. If not you, report today."
spam,"Dear customer, your SBI account will be blocked within 10 minutes. Update KYC at http://reward-claim.in"
spam,Your ATM card blocked. Share OTP today.
ham,I will reach home in 20 minutes.
spam,Pre-approved loan of Rs 5000. Apply immediately.
ham,I will reach home in 20 minutes.
ham,Meeting moved to 5 pm today.
spam,PAN not linked with Aadhaar. Update urgent.
spam,RBI alert: Suspicious activity detected. Verify now.
ham,Movie plan at 6 pm?
spam,Pre-approved loan of Rs 2500000. Apply immediately.
ham,I will reach home in 20 minutes.
spam,Pre-approved loan of Rs 5000. Apply immediately.
spam,Congratulations! You won Rs 2500000. Claim today.
spam,SIM card will be blocked immediately. Update details at http://verify-kyc.in
ham,Meeting moved to 5 pm today. https://drive.google.com/file
ham,Happy Birthday!
spam,Your ATM card blocked. Share OTP immediately.
ham,Assignment deadline is Monday.
ham,See you in college tomorrow.
ham,Happy Birthday!
ham,Electricity bill payment of Rs 500 received.
spam,Congratulations! You won Rs 10000. Claim within 10 minutes.
ham,Let's go for dinner tonight.
spam,Your UPI ID rahul@ybl is suspended. Verify today.
spam,Electricity bill pending of Rs 2500000. Pay now at http://upi-check.in
spam,SIM card will be blocked immediately. Update details at http://bank-alert.in
ham,Please send the notes.
spam,PAN not linked with Aadhaar. Update today.
ham,Meeting postponed to tomorrow 10 am.
ham,Your bank transaction of Rs 1000 is successful.
spam,Congratulations! You won Rs 2500000. Claim urgent.
spam,Electricity bill pending of Rs 25000. Pay within 10 minutes at http://secure-update.in
spam,Your UPI ID hitesh@upi is suspended. Verify within 10 minutes.
spam,RBI alert: Suspicious activity detected. Verify now.
ham,"Reached safely, call you later."
ham,Your order from Amazon is delivered.
spam,PAN not linked with Aadhaar. Update within 10 minutes.
spam,RBI alert: Suspicious activity detected. Verify today.
ham,Please send the notes.
ham,Please send the notes.
spam,"Your account credited with Rs 10000. If not you, report today."
spam,"Dear customer, your HDFC account will be blocked immediately. Update KYC at http://reward-claim.in"
spam,Congratulations! You won Rs 1000. Claim immediately.
spam,Income tax refund Rs 10000 approved. Claim immediately.
spam,RBI alert: Suspicious activity detected. Verify today.
spam,Electricity bill pending of Rs 10000. Pay today at http://secure-update.in
ham,Your bank transaction of Rs 2500000 is successful.
spam,KYC incomplete for PNB. Submit documents today.
spam,Pre-approved loan of Rs 500000. Apply urgent.
spam,Pre-approved loan of Rs 1000. Apply now.
spam,Job offer confirmed. Pay registration fee Rs 25000 today.
ham,Can you bring milk on the way back?
spam,Congratulations! You won Rs 10000. Claim today.
spam,SIM card will be blocked urgent. Update details at http://upi-check.in
spam,SIM card will be blocked urgent. Update details at http://reward-claim.in
spam,Your ATM card blocked. Share OTP within 10 minutes.
spam,RBI alert: Suspicious activity detected. Verify immediately.
spam,Your ATM card blocked. Share OTP within 10 minutes.
spam,KYC incomplete for SBI. Submit documents urgent.
ham,See you in college tomorrow.
spam,KYC incomplete for ICICI. Submit documents now.
spam,PAN not linked with Aadhaar. Update urgent.
spam,"Dear customer, your PNB account will be blocked today. Update KYC at http://reward-claim.in"
spam,Electricity bill pending of Rs 5000. Pay today at http://bank-alert.in
spam,SIM card will be blocked today. Update details at http://reward-claim.in
spam,Income tax refund Rs 500 approved. Claim immediately.
spam,RBI alert: Suspicious activity detected. Verify now.
spam,"Dear customer, your Axis Bank account will be blocked today. Update KYC at http://upi-check.in"
spam,"Your account credited with Rs 2500000. If not you, report today."
spam,Income tax refund Rs 10000 approved. Claim now.
spam,PAN not linked with Aadhaar. Update today.
spam,Congratulations! You won Rs 2500000. Claim now.
ham,Are you free today? https://maps.google.com
spam,SIM card will be blocked urgent. Update details at http://verify-kyc.in
spam,"Your account credited with Rs 500. If not you, report today."
spam,Reward points worth Rs 2500000 expiring now. Redeem at http://upi-check.in
ham,See you in college tomorrow.
spam,Your UPI ID rahul@ybl is suspended. Verify today.
spam,Job offer confirmed. Pay registration fee Rs 1000 now.
spam,PAN not linked with Aadhaar. Update today.
ham,Your order from Amazon is delivered.
ham,"Send me 100 rs for the cab, I'll return later."
spam,Congratulations! You won Rs 5000. Claim today.
spam,Your ATM card blocked. Share OTP today.
ham,Call me when you reach home.
ham,Meeting moved to 5 pm today.
spam,KYC incomplete for Axis Bank. Submit documents now.
spam,KYC incomplete for PNB. Submit documents within 10 minutes.
spam,Your ATM card blocked. Share OTP within 10 minutes.
spam,Job offer confirmed. Pay registration fee Rs 500 today.
ham,See you in college tomorrow.
spam,Income tax refund Rs 25000 approved. Claim today.
spam,"Dear customer, your Bank of Baroda account will be blocked within 10 minutes. Update KYC at http://reward-claim.in"
spam,Reward points worth Rs 1000 expiring today. Redeem at http://bank-alert.in
spam,RBI alert: Suspicious activity detected. Verify now.
spam,Your UPI ID hitesh@upi is suspended. Verify today.
spam,SIM card will be blocked urgent. Update details at http://verify-kyc.in
spam,Pre-approved loan of Rs 2500000. Apply urgent.
spam,Your UPI ID user@okaxis is suspended. Verify immediately.
spam,"Your account credited with Rs 25000. If not you, report immediately."
spam,PAN not linked with Aadhaar. Update now.
spam,Job offer confirmed. Pay registration fee Rs 1000 within 10 minutes.
spam,SIM card will be blocked within 10 minutes. Update details at http://reward-claim.in
spam,PAN not linked with Aadhaar. Update immediately.
ham,"Send me 100 rs for the cab, I'll return later."
spam,Electricity bill pending of Rs 10000. Pay now at http://bank-alert.in
ham,See you in college tomorrow.
spam,RBI alert: Suspicious activity detected. Verify urgent.
ham,Happy Birthday!
ham,Train arriving at 7 pm.
spam,Reward points worth Rs 2500000 expiring immediately. Redeem at http://reward-claim.in
spam,Reward points worth Rs 10000 expiring today. Redeem at http://verify-kyc.in
ham,Meeting postponed to tomorrow 10 am.
spam,Reward points worth Rs 1000 expiring urgent. Redeem at http://upi-check.in
spam,"Your account credited with Rs 1000. If not you, report immediately."
spam,Your ATM card blocked. Share OTP immediately.
spam,PAN not linked with Aadhaar. Update immediately.
ham,"Reached safely, call you later."
spam,Pre-approved loan of Rs 25000. Apply today.
ham,Let's go for dinner tonight.
spam,Your UPI ID rahul@ybl is suspended. Verify urgent.
spam,Pre-approved loan of Rs 500000. Apply urgent.
ham,Please send the notes.
ham,See you in college tomorrow.
ham,See you in college tomorrow.
spam,Job offer confirmed. Pay registration fee Rs 5000 within 10 minutes.
spam,KYC incomplete for Bank of Baroda. Submit documents within 10 minutes.
ham,See you in college tomorrow.
spam,Pre-approved loan of Rs 5000. Apply now.
spam,"Your account credited with Rs 500000. If not you, report today."
spam,Income tax refund Rs 500000 approved. Claim now.
spam,Pre-approved loan of Rs 500000. Apply immediately.
spam,Parcel on hold. Update address within 10 minutes at http://reward-claim.in
spam,"Your account credited with Rs 500000. If not you, report within 10 minutes."
ham,Office meeting link shared on WhatsApp.
ham,Your order from Amazon is delivered.
spam,Your UPI ID amit@paytm is suspended. Verify immediately.
ham,Happy Birthday!
spam,Electricity bill pending of Rs 500. Pay within 10 minutes at http://upi-check.in
spam,Parcel on hold. Update address urgent at http://bank-alert.in
spam,Job offer confirmed. Pay registration fee Rs 500000 urgent.
ham,I will reach home in 20 minutes.
ham,Let's go for dinner tonight.
spam,Income tax refund Rs 1000 approved. Claim today.
spam,Reward points worth Rs 25000 expiring immediately. Redeem at http://reward-claim.in
spam,SIM card will be blocked now. Update details at http://secure-update.in
spam,SIM card will be blocked today. Update details at http://reward-claim.in
spam,Job offer confirmed. Pay registration fee Rs 500 today.
spam,Income tax refund Rs 25000 approved. Claim urgent.
spam,Congratulations! You won Rs 500000. Claim today.
spam,"Your account credited with Rs 10000. If not you, report today."
ham,Your order from Amazon is delivered.
ham,Meeting postponed to tomorrow 10 am.
spam,Congratulations! You won Rs 1000. Claim today.
ham,"Send me 100 rs for the cab, I'll return later. https://youtube.com"
spam,Reward points worth Rs 5000 expiring immediately. Redeem at http://verify-kyc.in
spam,Your UPI ID hitesh@upi is suspended. Verify now.
ham,Please send the notes.
ham,Meeting postponed to tomorrow 10 am.
spam,Reward points worth Rs 1000 expiring urgent. Redeem at http://upi-check.in
ham,"Reached safely, call you later."
ham,Movie plan at 6 pm?
ham,I'm outside your house.
ham,I will reach home in 20 minutes.
spam,RBI alert: Suspicious activity detected. Verify today.
spam,Income tax refund Rs 5000 approved. Claim now.
spam,Reward points worth Rs 2500000 expiring today. Redeem at http://verify-kyc.in
ham,Your bank transaction of Rs 500 is successful.
spam,Job offer confirmed. Pay registration fee Rs 500000 now.
spam,Reward points worth Rs 500000 expiring within 10 minutes. Redeem at http://secure-update.in
spam,Your UPI ID rahul@ybl is suspended. Verify now.
spam,Reward points worth Rs 500000 expiring within 10 minutes. Redeem at http://secure-update.in
spam,Your UPI ID amit@paytm is suspended. Verify today.
ham,Dinner at 8 pm?
ham,I will reach home in 20 minutes.
ham,Train arriving at 7 pm.
ham,Office meeting link shared on WhatsApp.
spam,Your ATM card blocked. Share OTP urgent.
spam,Pre-approved loan of Rs 2500000. Apply urgent.
ham,Recharge successful for Rs 5000.
ham,Assignment deadline is Monday.
spam,Job offer confirmed. Pay registration fee Rs 1000 within 10 minutes.
ham,Let's go for dinner tonight.
spam,RBI alert: Suspicious activity detected. Verify now.
spam,Job offer confirmed. Pay registration fee Rs 5000 within 10 minutes.
spam,Income tax refund Rs 500 approved. Claim today.
spam,Your ATM card blocked. Share OTP now.
spam,Parcel on hold. Update address urgent at http://reward-claim.in
spam,KYC incomplete for HDFC. Submit documents within 10 minutes.
ham,Let's go for dinner tonight.
spam,SIM card will be blocked urgent. Update details at http://upi-check.in
spam,Pre-approved loan of Rs 500. Apply today.
spam,Your ATM card blocked. Share OTP today.
spam,Reward points worth Rs 10000 expiring immediately. Redeem at http://bank-alert.in
spam,SIM card will be blocked urgent. Update details at http://upi-check.in
spam,PAN not linked with Aadhaar. Update now.
spam,PAN not linked with Aadhaar. Update immediately.
spam,Electricity bill pending of Rs 1000. Pay within 10 minutes at http://upi-check.in
ham,Happy Birthday!
spam,"Your account credited with Rs 2500000. If not you, report immediately."
spam,KYC incomplete for Axis Bank. Submit documents urgent.
spam,KYC incomplete for PNB. Submit documents within 10 minutes.
ham,Call me when you reach home. https://meet.google.com/abc-defg-hij
spam,Your ATM card blocked. Share OTP urgent.
spam,PAN not linked with Aadhaar. Update today.
ham,I'm outside your house.
ham,Can you bring milk on the way back?
spam,Congratulations! You won Rs 500. Claim immediately.
spam,Electricity bill pending of Rs 2500000. Pay immediately at http://verify-kyc.in
spam,Income tax refund Rs 2500000 approved. Claim today.
spam,Reward points worth Rs 25000 expiring within 10 minutes. Redeem at http://secure-update.in
spam,Congratulations! You won Rs 5000. Claim within 10 minutes.
ham,Electricity bill payment of Rs 1000 received.
spam,Electricity bill pending of Rs 10000. Pay urgent at http://bank-alert.in
spam,KYC incomplete for Axis Bank. Submit documents immediately.
ham,Dinner at 8 pm? https://maps.google.com
spam,Parcel on hold. Update address immediately at http://verify-kyc.in
spam,Your UPI ID user@okaxis is suspended. Verify urgent.
spam,Job offer confirmed. Pay registration fee Rs 500 now.
ham,Meeting moved to 5 pm today.
spam,Electricity bill pending of Rs 500. Pay today at http://verify-kyc.in
spam,Your UPI ID hitesh@upi is suspended. Verify immediately.
spam,SIM card will be blocked now. Update details at http://secure-update.in
spam,PAN not linked with Aadhaar. Update immediately.
spam,Your UPI ID amit@paytm is suspended. Verify immediately.
spam,Parcel on hold. Update address urgent at http://bank-alert.in
spam,Electricity bill pending of Rs 2500000. Pay within 10 minutes at http://secure-update.in
spam,KYC incomplete for Bank of Baroda. Submit documents urgent.
spam,PAN not linked with Aadhaar. Update urgent.
spam,"Dear customer, your Axis Bank account will be blocked today. Update KYC at http://reward-claim.in"
spam,PAN not linked with Aadhaar. Update within 10 minutes.
spam,Job offer confirmed. Pay registration fee Rs 1000 within 10 minutes.
spam,SIM card will be blocked today. Update details at http://upi-check.in
spam,"Your account credited with Rs 500. If not you, report within 10 minutes."
ham,See you in college tomorrow.
spam,"Dear customer, your ICICI account will be blocked today. Update KYC at http://bank-alert.in"
ham,See you in college tomorrow.
spam,SIM card will be blocked immediately. Update details at http://reward-claim.in
ham,I will reach home in 20 minutes.
ham,"Reached safely, call you later."
spam,"Your account credited with Rs 5000. If not you, report within 10 minutes."
spam,Income tax refund Rs 500 approved. Claim urgent.
spam,"Your account credited with Rs 500000. If not you, report urgent."
spam,Your ATM card blocked. Share OTP within 10 minutes.
spam,Congratulations! You won Rs 10000. Claim within 10 minutes.
spam,Pre-approved loan of Rs 5000. Apply today.
ham,Recharge successful for Rs 25000.
spam,RBI alert: Suspicious activity detected. Verify urgent.
spam,RBI alert: Suspicious activity detected. Verify within 10 minutes.
spam,SIM card will be blocked today. Update details at http://secure-update.in
spam,RBI alert: Suspicious activity detected. Verify today.
spam,Job offer confirmed. Pay registration fee Rs 500000 within 10 minutes.
spam,SIM card will be blocked immediately. Update details at http://reward-claim.in
spam,Pre-approved loan of Rs 25000. Apply immediately.
spam,"Dear customer, your Bank of Baroda account will be blocked urgent. Update KYC at http://bank-alert.in"
spam,Income tax refund Rs 10000 approved. Claim within 10 minutes.
ham,Are you free today?
spam,RBI alert: Suspicious activity detected. Verify today.
ham,I will reach home in 20 minutes.
spam,Electricity bill pending of Rs 2500000. Pay today at http://bank-alert.in
spam,Income tax refund Rs 1000 approved. Claim urgent.
spam,Pre-approved loan of Rs 500000. Apply within 10 minutes.
spam,Job offer confirmed. Pay registration fee Rs 5000 urgent.
ham,Did you check the document I shared?
ham,Did you check the document I shared?
ham,"Send me 100 rs for the cab, I'll return later. https://meet.google.com/abc-defg-hij"
ham,Call me when you reach home. https://amazon.in
spam,Pre-approved loan of Rs 500000. Apply now.
spam,Electricity bill pending of Rs 25000. Pay within 10 minutes at http://bank-alert.in
spam,Income tax refund Rs 1000 approved. Claim within 10 minutes.
ham,Movie plan at 6 pm?
spam,SIM card will be blocked immediately. Update details at http://upi-check.in
spam,Parcel on hold. Update address immediately at http://secure-update.in
ham,Recharge successful for Rs 25000.
ham,Your bank transaction of Rs 5000 is successful.
ham,Happy Birthday!
ham,Your order from Amazon is delivered.
spam,Electricity bill pending of Rs 500. Pay now at http://reward-claim.in
spam,Parcel on hold. Update address within 10 minutes at http://secure-update.in
spam,"Your account credited with Rs 2500000. If not you, report today."
ham,Please send the notes.
spam,Electricity bill pending of Rs 25000. Pay now at http://verify-kyc.in
spam,Congratulations! You won Rs 500. Claim today.
spam,Income tax refund Rs 10000 approved. Claim urgent.
spam,Pre-approved loan of Rs 5000. Apply immediately.
ham,Please send the notes.
spam,Pre-approved loan of Rs 500000. Apply within 10 minutes.
ham,Happy Birthday!
ham,I'm outside your house. https://meet.google.com/abc-defg-hij
ham,Let's go for dinner tonight.
ham,Can you bring milk on the way back?
spam,Electricity bill pending of Rs 1000. Pay within 10 minutes at http://secure-update.in
ham,"Send me 100 rs for the cab, I'll return later. https://meet.google.com/abc-defg-hij"
ham,Call me when you reach home. https://amazon.in
spam,Reward points worth Rs 2500000 expiring today. Redeem at http://secure-update.in
ham,Call me when you reach home. https://maps.google.com
ham,Your bank transaction of Rs 500 is successful.
spam,"Your account credited with Rs 2500000. If not you, report immediately."
spam,Reward points worth Rs 500 expiring now. Redeem at http://secure-update.in
spam,"Dear customer, your Axis Bank account will be blocked now. Update KYC at http://secure-update.in"
spam,KYC incomplete for Axis Bank. Submit documents today.
spam,Parcel on hold. Update address now at http://bank-alert.in
spam,Congratulations! You won Rs 500. Claim within 10 minutes.
ham,Your order from Amazon is delivered.
spam,Job offer confirmed. Pay registration fee Rs 500000 urgent.
spam,Congratulations! You won Rs 500. Claim now.
spam,"Dear customer, your HDFC account will be blocked urgent. Update KYC at http://upi-check.in"
ham,Electricity bill payment of Rs 500000 received.
spam,Electricity bill pending of Rs 1000. Pay now at http://verify-kyc.in
ham,Electricity bill payment of Rs 500 received.
spam,Reward points worth Rs 5000 expiring urgent. Redeem at http://bank-alert.in
spam,"Your account credited with Rs 500000. If not you, report today."
ham,Please send the notes.
spam,Electricity bill pending of Rs 500000. Pay today at http://secure-update.in
spam,Job offer confirmed. Pay registration fee Rs 2500000 today.
spam,KYC incomplete for Bank of Baroda. Submit documents immediately.
ham,Meeting postponed to tomorrow 10 am.
spam,Reward points worth Rs 25000 expiring immediately. Redeem at http://upi-check.in
ham,Let's go for dinner tonight.
spam,Congratulations! You won Rs 2500000. Claim now.
ham,Can you bring milk on the way back?
spam,"Your account credited with Rs 2500000. If not you, report now."
spam,Your ATM card blocked. Share OTP now.
spam,Job offer confirmed. Pay registration fee Rs 1000 today.
spam,"Dear customer, your HDFC account will be blocked immediately. Update KYC at http://bank-alert.in"
spam,Congratulations! You won Rs 10000. Claim immediately.
ham,Can you bring milk on the way back?
spam,Your UPI ID amit@paytm is suspended. Verify now.
ham,I'm outside your house. https://amazon.in
spam,KYC incomplete for HDFC. Submit documents urgent.
spam,Parcel on hold. Update address now at http://reward-claim.in
spam,Pre-approved loan of Rs 1000. Apply immediately.
spam,Congratulations! You won Rs 25000. Claim urgent.
spam,KYC incomplete for ICICI. Submit documents immediately.
spam,Job offer confirmed. Pay registration fee Rs 5000 urgent.
spam,Income tax refund Rs 10000 approved. Claim within 10 minutes.
spam,Congratulations! You won Rs 500000. Claim today.
spam,KYC incomplete for PNB. Submit documents immediately.
spam,Income tax refund Rs 10000 approved. Claim within 10 minutes.
ham,Electricity bill payment of Rs 500000 received.
spam,RBI alert: Suspicious activity detected. Verify immediately.
ham,See you in college tomorrow.
spam,Electricity bill pending of Rs 1000. Pay within 10 minutes at http://secure-update.in
spam,Your ATM card blocked. Share OTP urgent.
spam,"Your account credited with Rs 25000. If not you, report immediately."
ham,I will reach home in 20 minutes.
spam,Congratulations! You won Rs 5000. Claim now.
ham,Your order from Amazon is delivered.
ham,Your order from Amazon is delivered.
spam,"Your account credited with Rs 500000. If not you, report today."
spam,KYC incomplete for HDFC. Submit documents within 10 minutes.
ham,Meeting moved to 5 pm today.
spam,"Your account credited with Rs 2500000. If not you, report urgent."
spam,Job offer confirmed. Pay registration fee Rs 10000 immediately.
spam,Your ATM card blocked. Share OTP now.
ham,Office meeting link shared on WhatsApp.
ham,Let's go for dinner tonight.
spam,PAN not linked with Aadhaar. Update within 10 minutes.
spam,Reward points worth Rs 500 expiring today. Redeem at http://reward-claim.in
ham,Electricity bill payment of Rs 500000 received.
spam,Your UPI ID amit@paytm is suspended. Verify immediately.
spam,Job offer confirmed. Pay registration fee Rs 10000 today.
spam,"Your account credited with Rs 500. If not you, report urgent."
spam,Reward points worth Rs 1000 expiring urgent. Redeem at http://verify-kyc.in
spam,SIM card will be blocked now. Update details at http://reward-claim.in
spam,KYC incomplete for Bank of Baroda. Submit documents within 10 minutes.
ham,Your bank transaction of Rs 2500000 is successful.
ham,I will reach home in 20 minutes.
spam,RBI alert: Suspicious activity detected. Verify immediately.
spam,Your ATM card blocked. Share OTP now.
spam,Parcel on hold. Update address urgent at http://secure-update.in
spam,Your UPI ID rahul@ybl is suspended. Verify within 10 minutes.
spam,Job offer confirmed. Pay registration fee Rs 25000 now.
spam,RBI alert: Suspicious activity detected. Verify today.
spam,Electricity bill pending of Rs 25000. Pay urgent at http://upi-check.in
ham,See you in college tomorrow.
spam,SIM card will be blocked urgent. Update details at http://verify-kyc.in
spam,RBI alert: Suspicious activity detected. Verify immediately.
spam,RBI alert: Suspicious activity detected. Verify today.
ham,Please send the notes.
spam,Your UPI ID amit@paytm is suspended. Verify urgent.
spam,"Dear customer, your SBI account will be blocked today. Update KYC at http://upi-check.in"
spam,"Dear customer, your Bank of Baroda account will be blocked now. Update KYC at http://reward-claim.in"
spam,Income tax refund Rs 500 approved. Claim urgent.
ham,Are you free today? https://youtube.com
spam,Pre-approved loan of Rs 5000. Apply within 10 minutes.
spam,Your ATM card blocked. Share OTP now.
ham,Please send the notes.
spam,Job offer confirmed. Pay registration fee Rs 10000 immediately.
spam,Reward points worth Rs 5000 expiring today. Redeem at http://secure-update.in
spam,RBI alert: Suspicious activity detected. Verify within 10 minutes.
spam,Income tax refund Rs 1000 approved. Claim urgent.
spam,Your ATM card blocked. Share OTP within 10 minutes.
spam,Reward points worth Rs 5000 expiring now. Redeem at http://secure-update.in
ham,Please send the notes.
spam,Income tax refund Rs 500000 approved. Claim now.
spam,RBI alert: Suspicious activity detected. Verify immediately.
spam,"Your account credited with Rs 25000. If not you, report within 10 minutes."
ham,Your order from Amazon is delivered.
spam,Job offer confirmed. Pay registration fee Rs 500000 today.
spam,Your UPI ID user@okaxis is suspended. Verify today.
spam,RBI alert: Suspicious activity detected. Verify immediately.
ham,Movie plan at 6 pm?
spam,Congratulations! You won Rs 5000. Claim within 10 minutes.
ham,I will reach home in 20 minutes.
spam,SIM card will be blocked today. Update details at http://reward-claim.in
ham,See you in college tomorrow.
ham,Your bank transaction of Rs 500000 is successful.
spam,"Dear customer, your ICICI account will be blocked immediately. Update KYC at http://verify-kyc.in"
ham,Did you check the document I shared? https://meet.google.com/abc-defg-hij
spam,Job offer confirmed. Pay registration fee Rs 500 within 10 minutes.
spam,PAN not linked with Aadhaar. Update now.
spam,Income tax refund Rs 500 approved. Claim now.
spam,"Dear customer, your Bank of Baroda account will be blocked urgent. Update KYC at http://bank-alert.in"
spam,Parcel on hold. Update address now at http://bank-alert.in
spam,Income tax refund Rs 1000 approved. Claim urgent.
spam,KYC incomplete for HDFC. Submit documents immediately.
ham,Happy Birthday!
spam,Reward points worth Rs 2500000 expiring now. Redeem at http://reward-claim.in
spam,"Dear customer, your HDFC account will be blocked today. Update KYC at http://upi-check.in"
spam,SIM card will be blocked immediately. Update details at http://bank-alert.in
spam,Pre-approved loan of Rs 500000. Apply immediately.
spam,SIM card will be blocked today. Update details at http://secure-update.in
ham,Let's go for dinner tonight.
spam,"Dear customer, your PNB account will be blocked now. Update KYC at http://verify-kyc.in"
spam,Pre-approved loan of Rs 1000. Apply within 10 minutes.
ham,Electricity bill payment of Rs 25000 received.
spam,PAN not linked with Aadhaar. Update now.
spam,PAN not linked with Aadhaar. Update immediately.
spam,RBI alert: Suspicious activity detected. Verify immediately.
ham,I will reach home in 20 minutes.
spam,Your ATM card blocked. Share OTP today.
spam,Your ATM card blocked. Share OTP now.
ham,Where are you right now? https://youtube.com
spam,KYC incomplete for SBI. Submit documents today.
spam,RBI alert: Suspicious activity detected. Verify within 10 minutes.
spam,Reward points worth Rs 5000 expiring now. Redeem at http://upi-check.in
spam,"Your account credited with Rs 1000. If not you, report within 10 minutes."
ham,"Reached safely, call you later."
spam,Job offer confirmed. Pay registration fee Rs 10000 immediately.
spam,Income tax refund Rs 25000 approved. Claim immediately.
spam,RBI alert: Suspicious activity detected. Verify urgent.
ham,Can you bring milk on the way back? https://meet.google.com/abc-defg-hij
spam,RBI alert: Suspicious activity detected. Verify immediately.
ham,I'm outside your house. https://maps.google.com
ham,"Send me 100 rs for the cab, I'll return later. https://drive.google.com/file"
spam,"Dear customer, your PNB account will be blocked within 10 minutes. Update KYC at http://reward-claim.in"
spam,PAN not linked with Aadhaar. Update urgent.
spam,"Dear customer, your PNB account will be blocked immediately. Update KYC at http://verify-kyc.in"
ham,Are you free today? https://meet.google.com/abc-defg-hij
ham,Recharge successful for Rs 10000.
spam,KYC incomplete for PNB. Submit documents now.
ham,Did you check the document I shared?
spam,Your UPI ID hitesh@upi is suspended. Verify now.
spam,Your UPI ID rahul@ybl is suspended. Verify within 10 minutes.
spam,SIM card will be blocked urgent. Update details at http://verify-kyc.in
ham,Did you check the document I shared?
spam,Electricity bill pending of Rs 25000. Pay within 10 minutes at http://upi-check.in
spam,Reward points worth Rs 25000 expiring urgent. Redeem at http://verify-kyc.in
spam,Reward points worth Rs 10000 expiring urgent. Redeem at http://reward-claim.in
ham,"Send me 100 rs for the cab, I'll return later."
spam,Income tax refund Rs 500000 approved. Claim now.
spam,Income tax refund Rs 500000 approved. Claim urgent.
ham,Your order from Amazon is delivered.
spam,Parcel on hold. Update address now at http://bank-alert.in
spam,"Your account credited with Rs 25000. If not you, report urgent."
spam,Your UPI ID hitesh@upi is suspended. Verify immediately.
spam,Congratulations! You won Rs 5000. Claim now.
spam,Reward points worth Rs 500000 expiring now. Redeem at http://bank-alert.in
spam,Electricity bill pending of Rs 500. Pay immediately at http://verify-kyc.in
ham,Movie plan at 6 pm?
spam,Electricity bill pending of Rs 10000. Pay now at http://verify-kyc.in
spam,RBI alert: Suspicious activity detected. Verify within 10 minutes.
ham,Meeting postponed to tomorrow 10 am.
spam,Your UPI ID rahul@ybl is suspended. Verify immediately.
ham,Movie plan at 6 pm?
spam,KYC incomplete for PNB. Submit documents within 10 minutes.
ham,Please send the notes.
spam,Pre-approved loan of Rs 2500000. Apply today.
ham,Please send the notes.
spam,Electricity bill pending of Rs 500000. Pay today at http://verify-kyc.in
ham,Can you bring milk on the way back? https://maps.google.com
ham,Electricity bill payment of Rs 5000 received.
ham,"Reached safely, call you later."
spam,Job offer confirmed. Pay registration fee Rs 5000 within 10 minutes.
ham,Call me when you reach home. https://meet.google.com/abc-defg-hij
ham,Assignment deadline is Monday.
ham,Let's go for dinner tonight.
spam,Reward points worth Rs 2500000 expiring within 10 minutes. Redeem at http://reward-claim.in
spam,"Dear customer, your Bank of Baroda account will be blocked now. Update KYC at http://reward-claim.in"
spam,Parcel on hold. Update address today at http://verify-kyc.in
spam,Congratulations! You won Rs 1000. Claim urgent.
spam,SIM card will be blocked urgent. Update details at http://secure-update.in
spam,Your UPI ID rahul@ybl is suspended. Verify within 10 minutes.
ham,Let's go for dinner tonight.
spam,"Your account credited with Rs 500. If not you, report now."
spam,Parcel on hold. Update address within 10 minutes at http://reward-claim.in
ham,Where are you right now? https://maps.google.com
spam,RBI alert: Suspicious activity detected. Verify urgent.
spam,RBI alert: Suspicious activity detected. Verify now.
ham,Movie plan at 6 pm?
spam,Your ATM card blocked. Share OTP within 10 minutes.
spam,Income tax refund Rs 10000 approved. Claim now.
spam,RBI alert: Suspicious activity detected. Verify now.
spam,Your UPI ID amit@paytm is suspended. Verify urgent.
spam,Income tax refund Rs 25000 approved. Claim urgent.
ham,Meeting postponed to tomorrow 10 am.
ham,Train arriving at 7 pm.
spam,Your ATM card blocked. Share OTP within 10 minutes.
ham,Train arriving at 7 pm.
ham,Are you free today?
ham,Electricity bill payment of Rs 25000 received.
ham,Did you check the document I shared? https://amazon.in
spam,Electricity bill pending of Rs 2500000. Pay urgent at http://verify-kyc.in
spam,Parcel on hold. Update address today at http://secure-update.in
ham,"Reached safely, call you later."
ham,Let's go for dinner tonight.
ham,Please send the notes.
spam,Your ATM card blocked. Share OTP today.
spam,Pre-approved loan of Rs 1000. Apply today.
ham,Did you check the document I shared?
ham,Meeting postponed to tomorrow 10 am.
ham,I'm outside your house. https://meet.google.com/abc-defg-hij
ham,Can you bring milk on the way back? https://amazon.in
spam,PAN not linked with Aadhaar. Update urgent.
ham,Please send the notes.
spam,KYC incomplete for HDFC. Submit documents today.
spam,PAN not linked with Aadhaar. Update urgent.
spam,Pre-approved loan of Rs 25000. Apply immediately.
ham,Movie plan at 6 pm?
spam,Job offer confirmed. Pay registration fee Rs 5000 now.
spam,Pre-approved loan of Rs 25000. Apply now.
spam,Reward points worth Rs 1000 expiring urgent. Redeem at http://secure-update.in
spam,KYC incomplete for Axis Bank. Submit documents today.
ham,Assignment deadline is Monday.
spam,Income tax refund Rs 500 approved. Claim within 10 minutes.
spam,PAN not linked with Aadhaar. Update urgent.
spam,Job offer confirmed. Pay registration fee Rs 10000 immediately.
spam,Electricity bill pending of Rs 500. Pay today at http://reward-claim.in
spam,Your UPI ID hitesh@upi is suspended. Verify immediately.
ham,Office meeting link shared on WhatsApp.
spam,"Dear customer, your PNB account will be blocked now. Update KYC at http://verify-kyc.in"
spam,Your ATM card blocked. Share OTP now.
ham,Movie plan at 6 pm?
ham,"Reached safely, call you later."
spam,KYC incomplete for PNB. Submit documents today.
spam,"Dear customer, your Bank of Baroda account will be blocked now. Update KYC at http://verify-kyc.in"
spam,Your UPI ID user@okaxis is suspended. Verify now.
spam,"Your account credited with Rs 10000. If not you, report immediately."
ham,Meeting postponed to tomorrow 10 am.
ham,Did you check the document I shared?
spam,Your UPI ID hitesh@upi is suspended. Verify immediately.
spam,Parcel on hold. Update address urgent at http://bank-alert.in
spam,Income tax refund Rs 2500000 approved. Claim today.
ham,Dinner at 8 pm? https://drive.google.com/file
spam,Your ATM card blocked. Share OTP urgent.
spam,Income tax refund Rs 1000 approved. Claim within 10 minutes.
spam,Reward points worth Rs 500000 expiring today. Redeem at http://bank-alert.in
spam,PAN not linked with Aadhaar. Update today.
ham,Can you bring milk on the way back?
ham,Assignment deadline is Monday.
ham,Movie plan at 6 pm?
ham,Train arriving at 7 pm.
ham,Let's go for dinner tonight.
spam,Congratulations! You won Rs 10000. Claim now.
spam,Parcel on hold. Update address immediately at http://verify-kyc.in
spam,Job offer confirmed. Pay registration fee Rs 1000 within 10 minutes.
spam,"Dear customer, your HDFC account will be blocked immediately. Update KYC at http://secure-update.in"
ham,I'm outside your house.
ham,Did you check the document I shared? https://maps.google.com
ham,Are you free today?
ham,Your order from Amazon is delivered.
ham,I'm outside your house.
spam,Income tax refund Rs 10000 approved. Claim urgent.
spam,Income tax refund Rs 1000 approved. Claim immediately.
spam,Pre-approved loan of Rs 500. Apply immediately.
ham,Your order from Amazon is delivered.
ham,Recharge successful for Rs 25000.
spam,SIM card will be blocked immediately. Update details at http://reward-claim.in
ham,Movie plan at 6 pm?
ham,Recharge successful for Rs 1000.
ham,Happy Birthday!
spam,Electricity bill pending of Rs 1000. Pay immediately at http://bank-alert.in
spam,Job offer confirmed. Pay registration fee Rs 2500000 urgent.
ham,Where are you right now?
ham,See you in college tomorrow.
spam,Electricity bill pending of Rs 5000. Pay immediately at http://verify-kyc.in
spam,Your ATM card blocked. Share OTP immediately.
ham,Your order from Amazon is delivered.
spam,Electricity bill pending of Rs 25000. Pay within 10 minutes at http://reward-claim.in
spam,Electricity bill pending of Rs 500000. Pay today at http://upi-check.in
spam,KYC incomplete for ICICI. Submit documents now.
spam,SIM card will be blocked today. Update details at http://secure-update.in
spam,Pre-approved loan of Rs 1000. Apply urgent.
spam,Congratulations! You won Rs 1000. Claim immediately.
spam,Pre-approved loan of Rs 5000. Apply immediately.
spam,KYC incomplete for PNB. Submit documents within 10 minutes.
spam,"Your account credited with Rs 1000. If not you, report today."
spam,"Your account credited with Rs 1000. If not you, report immediately."
spam,Your UPI ID hitesh@upi is suspended. Verify within 10 minutes.
ham,Recharge successful for Rs 500000.
spam,Job offer confirmed. Pay registration fee Rs 5000 urgent.
ham,Please send the notes.
spam,Income tax refund Rs 500000 approved. Claim now.
spam,KYC incomplete for ICICI. Submit documents immediately.
ham,Your bank transaction of Rs 1000 is successful.
spam,KYC incomplete for PNB. Submit documents urgent.
spam,Job offer confirmed. Pay registration fee Rs 1000 today.
spam,"Dear customer, your SBI account will be blocked now. Update KYC at http://upi-check.in"
spam,RBI alert: Suspicious activity detected. Verify now.
spam,RBI alert: Suspicious activity detected. Verify now.
spam,Your ATM card blocked. Share OTP now.
spam,Your ATM card blocked. Share OTP immediately.
ham,Train arriving at 7 pm.
spam,Your ATM card blocked. Share OTP within 10 minutes.
ham,"Reached safely, call you later."
spam,Your ATM card blocked. Share OTP immediately.
ham,See you in college tomorrow.
spam,"Your account credited with Rs 25000. If not you, report now."
spam,Your ATM card blocked. Share OTP now.
spam,"Dear customer, your PNB account will be blocked now. Update KYC at http://secure-update.in"
spam,Your ATM card blocked. Share OTP now.
ham,Train arriving at 7 pm.
spam,Your ATM card blocked. Share OTP now.
ham,Please send the notes.
spam,Pre-approved loan of Rs 5000. Apply immediately.
spam,KYC incomplete for Axis Bank. Submit documents now.
spam,RBI alert: Suspicious activity detected. Verify within 10 minutes.
ham,Where are you right now? https://drive.google.com/file
spam,Your UPI ID rahul@ybl is suspended. Verify immediately.
spam,"Dear customer, your SBI account will be blocked immediately. Update KYC at http://secure-update.in"
spam,Income tax refund Rs 5000 approved. Claim now.
ham,Meeting moved to 5 pm today. https://meet.google.com/abc-defg-hij
spam,Congratulations! You won Rs 2500000. Claim today.
spam,Electricity bill pending of Rs 1000. Pay within 10 minutes at http://upi-check.in
ham,Please send the notes.
spam,Your UPI ID hitesh@upi is suspended. Verify today.
ham,Office meeting link shared on WhatsApp.
spam,"Your account credited with Rs 5000. If not you, report immediately."
spam,"Dear customer, your PNB account will be blocked within 10 minutes. Update KYC at http://verify-kyc.in"
spam,Income tax refund Rs 1000 approved. Claim now.
spam,Pre-approved loan of Rs 10000. Apply within 10 minutes.
ham,I'm outside your house.
spam,Job offer confirmed. Pay registration fee Rs 25000 within 10 minutes.
ham,Let's meet tomorrow evening.
spam,"Dear customer, your SBI account will be blocked urgent. Update KYC at http://upi-check.in"
ham,Meeting moved to 5 pm today. https://maps.google.com
spam,KYC incomplete for HDFC. Submit documents today.
spam,Income tax refund Rs 2500000 approved. Claim within 10 minutes.
spam,KYC incomplete for ICICI. Submit documents within 10 minutes.
spam,Job offer confirmed. Pay registration fee Rs 500 immediately.
spam,SIM card will be blocked today. Update details at http://verify-kyc.in
spam,Job offer confirmed. Pay registration fee Rs 500 now.
spam,Your UPI ID hitesh@upi is suspended. Verify immediately.
spam,Electricity bill pending of Rs 25000. Pay today at http://verify-kyc.in
ham,"Reached safely, call you later."
spam,Parcel on hold. Update address now at http://verify-kyc.in
spam,SIM card will be blocked now. Update details at http://upi-check.in
ham,Are you free today? https://drive.google.com/file
spam,"Dear customer, your HDFC account will be blocked immediately. Update KYC at http://reward-claim.in"
spam,PAN not linked with Aadhaar. Update immediately.
spam,Your UPI ID user@okaxis is suspended. Verify today.
spam,Income tax refund Rs 10000 approved. Claim now.
spam,RBI alert: Suspicious activity detected. Verify urgent.
spam,Electricity bill pending of Rs 1000. Pay within 10 minutes at http://bank-alert.in
spam,Income tax refund Rs 2500000 approved. Claim today.
ham,Electricity bill payment of Rs 25000 received.
ham,Happy Birthday!
spam,Electricity bill pending of Rs 500000. Pay urgent at http://verify-kyc.in
spam,Income tax refund Rs 25000 approved. Claim urgent.
spam,SIM card will be blocked immediately. Update details at http://upi-check.in
spam,PAN not linked with Aadhaar. Update immediately.
spam,SIM card will be blocked today. Update details at http://secure-update.in
spam,RBI alert: Suspicious activity detected. Verify now.
spam,Your UPI ID user@okaxis is suspended. Verify today.
ham,Let's meet tomorrow evening.
spam,SIM card will be blocked urgent. Update details at http://verify-kyc.in
ham,I'm outside your house. https://maps.google.com
ham,Please send the notes.
spam,Income tax refund Rs 2500000 approved. Claim immediately.
spam,Reward points worth Rs 1000 expiring today. Redeem at http://reward-claim.in
spam,Pre-approved loan of Rs 1000. Apply now.
ham,Assignment deadline is Monday.
ham,Train arriving at 7 pm.
spam,Reward points worth Rs 10000 expiring urgent. Redeem at http://upi-check.in
spam,Congratulations! You won Rs 2500000. Claim urgent.
spam,PAN not linked with Aadhaar. Update within 10 minutes.
ham,"Reached safely, call you later."
ham,Let's go for dinner tonight.
spam,SIM card will be blocked today. Update details at http://verify-kyc.in
spam,PAN not linked with Aadhaar. Update today.
spam,Income tax refund Rs 5000 approved. Claim within 10 minutes.
spam,Parcel on hold. Update address within 10 minutes at http://verify-kyc.in
spam,Job offer confirmed. Pay registration fee Rs 10000 within 10 minutes.
ham,Let's meet tomorrow evening.
ham,Your order from Amazon is delivered.
ham,Please send the notes.
ham,Let's meet tomorrow evening. https://amazon.in
spam,SIM card will be blocked now. Update details at http://secure-update.in
spam,Parcel on hold. Update address within 10 minutes at http://upi-check.in
spam,Electricity bill pending of Rs 2500000. Pay immediately at http://bank-alert.in
spam,"Dear customer, your ICICI account will be blocked urgent. Update KYC at http://verify-kyc.in"
spam,PAN not linked with Aadhaar. Update today.
spam,PAN not linked with Aadhaar. Update within 10 minutes.
spam,Parcel on hold. Update address immediately at http://reward-claim.in
spam,Pre-approved loan of Rs 5000. Apply now.
spam,Your ATM card blocked. Share OTP today.
spam,Job offer confirmed. Pay registration fee Rs 500 within 10 minutes.
ham,Electricity bill payment of Rs 1000 received.
spam,Pre-approved loan of Rs 1000. Apply urgent.
ham,Electricity bill payment of Rs 1000 received.
spam,Your ATM card blocked. Share OTP now.
spam,"Your account credited with Rs 25000. If not you, report now."
ham,Let's go for dinner tonight.
spam,KYC incomplete for Axis Bank. Submit documents urgent.
ham,Your order from Amazon is delivered.
ham,Call me when you reach home.
ham,"Reached safely, call you later."
spam,"Dear customer, your SBI account will be blocked within 10 minutes. Update KYC at http://bank-alert.in"
ham,Your bank transaction of Rs 2500000 is successful.
spam,Job offer confirmed. Pay registration fee Rs 1000 urgent.
spam,Pre-approved loan of Rs 1000. Apply immediately.
spam,Your ATM card blocked. Share OTP within 10 minutes.
ham,Happy Birthday!
spam,Income tax refund Rs 1000 approved. Claim within 10 minutes.
spam,Congratulations! You won Rs 10000. Claim within 10 minutes.
spam,Job offer confirmed. Pay registration fee Rs 500000 within 10 minutes.
spam,"Your account credited with Rs 25000. If not you, report immediately."
spam,Job offer confirmed. Pay registration fee Rs 2500000 now.
spam,RBI alert: Suspicious activity detected. Verify today.
spam,RBI alert: Suspicious activity detected. Verify within 10 minutes.
spam,Job offer confirmed. Pay registration fee Rs 10000 within 10 minutes.
spam,Job offer confirmed. Pay registration fee Rs 25000 within 10 minutes.
spam,PAN not linked with Aadhaar. Update today.
ham,Where are you right now? https://meet.google.com/abc-defg-hij
spam,SIM card will be blocked within 10 minutes. Update details at http://verify-kyc.in
ham,Happy Birthday!
spam,Congratulations! You won Rs 1000. Claim urgent.
ham,Recharge successful for Rs 25000.
spam,Your ATM card blocked. Share OTP now.
spam,Pre-approved loan of Rs 500000. Apply now.
spam,Parcel on hold. Update address urgent at http://upi-check.in
ham,Recharge successful for Rs 500.
spam,Income tax refund Rs 1000 approved. Claim now.
ham,Electricity bill payment of Rs 25000 received.
spam,Congratulations! You won Rs 500. Claim within 10 minutes.
spam,PAN not linked with Aadhaar. Update urgent.
ham,"Reached safely, call you later."
spam,Electricity bill pending of Rs 25000. Pay urgent at http://secure-update.in
ham,Where are you right now?
ham,"Reached safely, call you later."
spam,RBI alert: Suspicious activity detected. Verify within 10 minutes.
ham,Please send the notes.
spam,Pre-approved loan of Rs 5000. Apply immediately.
spam,Congratulations! You won Rs 500. Claim now.
ham,Let's go for dinner tonight.
spam,SIM card will be blocked today. Update details at http://upi-check.in
ham,Call me when you reach home. https://youtube.com
spam,Your UPI ID amit@paytm is suspended. Verify within 10 minutes.
spam,Reward points worth Rs 2500000 expiring immediately. Redeem at http://secure-update.in
spam,Your ATM card blocked. Share OTP within 10 minutes.
ham,Let's go for dinner tonight.
ham,Your bank transaction of Rs 500 is successful.
ham,Did you check the document I shared?
ham,See you in college tomorrow.
spam,Parcel on hold. Update address now at http://reward-claim.in
spam,Parcel on hold. Update address today at http://upi-check.in
spam,RBI alert: Suspicious activity detected. Verify urgent.
spam,Job offer confirmed. Pay registration fee Rs 25000 today.
spam,Your UPI ID amit@paytm is suspended. Verify immediately.
spam,Pre-approved loan of Rs 2500000. Apply urgent.
spam,Parcel on hold. Update address today at http://bank-alert.in
spam,Electricity bill pending of Rs 5000. Pay today at http://bank-alert.in
ham,Assignment deadline is Monday.
spam,RBI alert: Suspicious activity detected. Verify within 10 minutes.
spam,PAN not linked with Aadhaar. Update urgent.
spam,Congratulations! You won Rs 10000. Claim immediately.
spam,KYC incomplete for Bank of Baroda. Submit documents immediately.
spam,Job offer confirmed. Pay registration fee Rs 500 immediately.
spam,Your UPI ID hitesh@upi is suspended. Verify today.
spam,Your ATM card blocked. Share OTP urgent.
spam,Parcel on hold. Update address within 10 minutes at http://secure-update.in
spam,Job offer confirmed. Pay registration fee Rs 500 immediately.
spam,Electricity bill pending of Rs 500. Pay within 10 minutes at http://reward-claim.in
spam,"Your account credited with Rs 2500000. If not you, report immediately."
spam,PAN not linked with Aadhaar. Update urgent.
spam,KYC incomplete for SBI. Submit documents immediately.
spam,PAN not linked with Aadhaar. Update urgent.
spam,"Dear customer, your SBI account will be blocked today. Update KYC at http://reward-claim.in"
spam,KYC incomplete for PNB. Submit documents within 10 minutes.
spam,Congratulations! You won Rs 500000. Claim today.
spam,Reward points worth Rs 500000 expiring immediately. Redeem at http://reward-claim.in
spam,SIM card will be blocked now. Update details at http://secure-update.in
spam,RBI alert: Suspicious activity detected. Verify within 10 minutes.
spam,Income tax refund Rs 500000 approved. Claim within 10 minutes.
ham,"Reached safely, call you later."
spam,PAN not linked with Aadhaar. Update within 10 minutes.
spam,PAN not linked with Aadhaar. Update immediately.
ham,Let's go for dinner tonight.
ham,Your bank transaction of Rs 1000 is successful.
spam,Reward points worth Rs 1000 expiring now. Redeem at http://secure-update.in
spam,Pre-approved loan of Rs 10000. Apply within 10 minutes.
spam,Parcel on hold. Update address within 10 minutes at http://upi-check.in
ham,Recharge successful for Rs 1000.
spam,Job offer confirmed. Pay registration fee Rs 5000 today.
spam,Electricity bill pending of Rs 5000. Pay urgent at http://reward-claim.in
spam,Your UPI ID user@okaxis is suspended. Verify now.
spam,Job offer confirmed. Pay registration fee Rs 25000 today.
ham,Dinner at 8 pm? https://meet.google.com/abc-defg-hij
ham,Assignment deadline is Monday.
spam,Income tax refund Rs 10000 approved. Claim now.
ham,Meeting postponed to tomorrow 10 am.
ham,Your bank transaction of Rs 5000 is successful.
spam,"Your account credited with Rs 25000. If not you, report within 10 minutes."
ham,Movie plan at 6 pm?
ham,I will reach home in 20 minutes.
spam,PAN not linked with Aadhaar. Update today.
ham,Let's meet tomorrow evening.
spam,Income tax refund Rs 10000 approved. Claim urgent.
spam,Pre-approved loan of Rs 1000. Apply urgent.
ham,Let's go for dinner tonight.
spam,Reward points worth Rs 1000 expiring within 10 minutes. Redeem at http://bank-alert.in
spam,"Dear customer, your HDFC account will be blocked now. Update KYC at http://secure-update.in"
ham,I'm outside your house. https://youtube.com
spam,Income tax refund Rs 500000 approved. Claim immediately.
spam,PAN not linked with Aadhaar. Update immediately.
ham,Happy Birthday!
spam,SIM card will be blocked urgent. Update details at http://upi-check.in
spam,KYC incomplete for Bank of Baroda. Submit documents today.
ham,Dinner at 8 pm?
ham,Recharge successful for Rs 25000.
spam,Congratulations! You won Rs 500000. Claim immediately.
spam,RBI alert: Suspicious activity detected. Verify within 10 minutes.
ham,Did you check the document I shared?
spam,Reward points worth Rs 1000 expiring today. Redeem at http://secure-update.in
spam,PAN not linked with Aadhaar. Update within 10 minutes.
spam,RBI alert: Suspicious activity detected. Verify immediately.
spam,"Dear customer, your Axis Bank account will be blocked immediately. Update KYC at http://secure-update.in"
ham,Happy Birthday!
spam,Your ATM card blocked. Share OTP today.
spam,PAN not linked with Aadhaar. Update immediately.
spam,Parcel on hold. Update address within 10 minutes at http://upi-check.in
spam,"Your account credited with Rs 10000. If not you, report now."
spam,KYC incomplete for HDFC. Submit documents within 10 minutes.
spam,Job offer confirmed. Pay registration fee Rs 2500000 today.
spam,Pre-approved loan of Rs 1000. Apply urgent.
ham,Recharge successful for Rs 500000.
spam,RBI alert: Suspicious activity detected. Verify today.
spam,Income tax refund Rs 500 approved. Claim now.
spam,KYC incomplete for ICICI. Submit documents now.
spam,Job offer confirmed. Pay registration fee Rs 25000 immediately.
spam,PAN not linked with Aadhaar. Update urgent.
spam,Congratulations! You won Rs 2500000. Claim immediately.
ham,Let's go for dinner tonight.
spam,Congratulations! You won Rs 25000. Claim within 10 minutes.
spam,Your UPI ID rahul@ybl is suspended. Verify within 10 minutes.
spam,Your UPI ID rahul@ybl is suspended. Verify urgent.
spam,Pre-approved loan of Rs 500. Apply immediately.
ham,Train arriving at 7 pm.
spam,"Dear customer, your ICICI account will be blocked within 10 minutes. Update KYC at http://upi-check.in"
spam,Reward points worth Rs 5000 expiring now. Redeem at http://bank-alert.in
ham,Call me when you reach home. https://meet.google.com/abc-defg-hij
ham,Where are you right now?
spam,PAN not linked with Aadhaar. Update today.
spam,Congratulations! You won Rs 2500000. Claim today.
spam,PAN not linked with Aadhaar. Update urgent.
spam,"Your account credited with Rs 5000. If not you, report immediately."
spam,Job offer confirmed. Pay registration fee Rs 2500000 now.
ham,Recharge successful for Rs 5000.
spam,Congratulations! You won Rs 1000. Claim immediately.
ham,Happy Birthday!
ham,Where are you right now? https://youtube.com
spam,Reward points worth Rs 500 expiring urgent. Redeem at http://upi-check.in
spam,Pre-approved loan of Rs 2500000. Apply immediately.
ham,Meeting postponed to tomorrow 10 am.
spam,Parcel on hold. Update address today at http://upi-check.in
ham,Office meeting link shared on WhatsApp.
spam,Reward points worth Rs 10000 expiring urgent. Redeem at http://bank-alert.in
spam,"Your account credited with Rs 2500000. If not you, report today."
ham,Can you bring milk on the way back?
spam,"Your account credited with Rs 25000. If not you, report now."
spam,RBI alert: Suspicious activity detected. Verify within 10 minutes.
spam,Congratulations! You won Rs 5000. Claim within 10 minutes.
spam,Parcel on hold. Update address today at http://reward-claim.in
spam,Reward points worth Rs 5000 expiring urgent. Redeem at http://reward-claim.in
ham,Happy Birthday!
spam,KYC incomplete for ICICI. Submit documents urgent.
ham,Office meeting link shared on WhatsApp.
spam,RBI alert: Suspicious activity detected. Verify today.
spam,Pre-approved loan of Rs 500000. Apply urgent.
ham,I will reach home in 20 minutes.
spam,SIM card will be blocked immediately. Update details at http://reward-claim.in
ham,Let's go for dinner tonight.
ham,Electricity bill payment of Rs 500000 received.
spam,Income tax refund Rs 25000 approved. Claim urgent.
spam,Job offer confirmed. Pay registration fee Rs 500 now.
spam,Parcel on hold. Update address today at http://verify-kyc.in
spam,Your UPI ID hitesh@upi is suspended. Verify now.
spam,Congratulations! You won Rs 25000. Claim immediately.
spam,Your ATM card blocked. Share OTP immediately.
spam,Pre-approved loan of Rs 10000. Apply immediately.
spam,"Dear customer, your Bank of Baroda account will be blocked now. Update KYC at http://verify-kyc.in"
spam,"Dear customer, your PNB account will be blocked today. Update KYC at http://bank-alert.in"
ham,"Send me 100 rs for the cab, I'll return later. https://youtube.com"
spam,Your UPI ID user@okaxis is suspended. Verify now.
spam,"Your account credited with Rs 25000. If not you, report today."
ham,Let's go for dinner tonight.
spam,"Dear customer, your Bank of Baroda account will be blocked today. Update KYC at http://secure-update.in"
spam,SIM card will be blocked today. Update details at http://bank-alert.in
spam,PAN not linked with Aadhaar. Update urgent.
spam,PAN not linked with Aadhaar. Update urgent.
spam,Reward points worth Rs 5000 expiring today. Redeem at http://reward-claim.in
spam,RBI alert: Suspicious activity detected. Verify today.
ham,Where are you right now?
spam,SIM card will be blocked urgent. Update details at http://verify-kyc.in
spam,Your ATM card blocked. Share OTP now.
ham,Let's go for dinner tonight.
spam,Income tax refund Rs 5000 approved. Claim immediately.
ham,Meeting postponed to tomorrow 10 am.
ham,Let's meet tomorrow evening. https://youtube.com
spam,Your ATM card blocked. Share OTP urgent.
ham,Electricity bill payment of Rs 1000 received.
spam,Parcel on hold. Update address now at http://reward-claim.in
spam,Income tax refund Rs 5000 approved. Claim today.
spam,Income tax refund Rs 1000 approved. Claim today.
ham,Let's go for dinner tonight.
ham,Meeting moved to 5 pm today. https://meet.google.com/abc-defg-hij
spam,"Dear customer, your Axis Bank account will be blocked today. Update KYC at http://upi-check.in"
ham,Let's go for dinner tonight.
ham,Meeting postponed to tomorrow 10 am.
spam,Job offer confirmed. Pay registration fee Rs 10000 today.
spam,Income tax refund Rs 5000 approved. Claim now.
spam,Congratulations! You won Rs 5000. Claim urgent.
spam,Pre-approved loan of Rs 500000. Apply urgent.
spam,Job offer confirmed. Pay registration fee Rs 10000 now.
spam,Parcel on hold. Update address within 10 minutes at http://verify-kyc.in
spam,Reward points worth Rs 25000 expiring today. Redeem at http://reward-claim.in
ham,Dinner at 8 pm? https://youtube.com
spam,"Your account credited with Rs 5000. If not you, report urgent."
spam,PAN not linked with Aadhaar. Update within 10 minutes.
ham,Meeting postponed to tomorrow 10 am.
ham,Let's meet tomorrow evening. https://amazon.in
spam,Job offer confirmed. Pay registration fee Rs 5000 now.
ham,Where are you right now?
ham,Let's go for dinner tonight.
spam,"Your account credited with Rs 500000. If not you, report today."
spam,Income tax refund Rs 5000 approved. Claim urgent.
ham,Meeting moved to 5 pm today.
spam,RBI alert: Suspicious activity detected. Verify today.
ham,Did you check the document I shared? https://drive.google.com/file
spam,RBI alert: Suspicious activity detected. Verify now.
ham,Meeting moved to 5 pm today.
spam,Pre-approved loan of Rs 2500000. Apply today.
ham,Office meeting link shared on WhatsApp.
ham,I will reach home in 20 minutes.
ham,"Reached safely, call you later."
spam,KYC incomplete for SBI. Submit documents today.
ham,Recharge successful for Rs 5000.
spam,KYC incomplete for Bank of Baroda. Submit documents now.
spam,Parcel on hold. Update address immediately at http://reward-claim.in
spam,Reward points worth Rs 2500000 expiring within 10 minutes. Redeem at http://secure-update.in
spam,KYC incomplete for Bank of Baroda. Submit documents now.
ham,"Reached safely, call you later."
ham,"Send me 100 rs for the cab, I'll return later. https://meet.google.com/abc-defg-hij"
ham,Electricity bill payment of Rs 5000 received.
ham,Assignment deadline is Monday.
spam,SIM card will be blocked within 10 minutes. Update details at http://reward-claim.in
ham,Can you bring milk on the way back? https://meet.google.com/abc-defg-hij
ham,See you in college tomorrow.
spam,Reward points worth Rs 500000 expiring now. Redeem at http://secure-update.in
spam,"Dear customer, your ICICI account will be blocked today. Update KYC at http://reward-claim.in"
spam,Income tax refund Rs 10000 approved. Claim within 10 minutes.
spam,"Dear customer, your PNB account will be blocked urgent. Update KYC at http://upi-check.in"
spam,"Dear customer, your ICICI account will be blocked urgent. Update KYC at http://bank-alert.in"
spam,Pre-approved loan of Rs 5000. Apply now.
spam,Job offer confirmed. Pay registration fee Rs 5000 immediately.
spam,Pre-approved loan of Rs 2500000. Apply urgent.
spam,Income tax refund Rs 500000 approved. Claim today.
spam,Congratulations! You won Rs 2500000. Claim today.
spam,Reward points worth Rs 500000 expiring within 10 minutes. Redeem at http://reward-claim.in
spam,Reward points worth Rs 500 expiring immediately. Redeem at http://bank-alert.in
spam,Your UPI ID user@okaxis is suspended. Verify within 10 minutes.
spam,Pre-approved loan of Rs 10000. Apply within 10 minutes.
spam,Pre-approved loan of Rs 2500000. Apply now.
spam,Pre-approved loan of Rs 10000. Apply immediately.
ham,Let's go for dinner tonight.
ham,Let's go for dinner tonight.
spam,Job offer confirmed. Pay registration fee Rs 500000 now.
ham,Let's go for dinner tonight.
spam,Your ATM card blocked. Share OTP within 10 minutes.
ham,Meeting postponed to tomorrow 10 am.
spam,SIM card will be blocked within 10 minutes. Update details at http://reward-claim.in
ham,Are you free today?
spam,Pre-approved loan of Rs 25000. Apply today.
ham,Call me when you reach home.
spam,KYC incomplete for HDFC. Submit documents now.
ham,Please send the notes.
spam,Your UPI ID user@okaxis is suspended. Verify now.
spam,Reward points worth Rs 500000 expiring within 10 minutes. Redeem at http://verify-kyc.in
spam,Congratulations! You won Rs 500000. Claim within 10 minutes.
spam,Job offer confirmed. Pay registration fee Rs 5000 within 10 minutes.
spam,KYC incomplete for HDFC. Submit documents immediately.
ham,Meeting postponed to tomorrow 10 am.
spam,Electricity bill pending of Rs 500. Pay immediately at http://secure-update.in
ham,Happy Birthday!
spam,PAN not linked with Aadhaar. Update now.
spam,Your UPI ID amit@paytm is suspended. Verify urgent.
ham,Happy Birthday!
ham,Please send the notes.
ham,Let's go for dinner tonight.
ham,See you in college tomorrow.
ham,Assignment deadline is Monday.
ham,"Reached safely, call you later."
spam,Electricity bill pending of Rs 10000. Pay urgent at http://upi-check.in
spam,RBI alert: Suspicious activity detected. Verify immediately.
spam,Pre-approved loan of Rs 5000. Apply today.
spam,Congratulations! You won Rs 10000. Claim urgent.
spam,Parcel on hold. Update address today at http://reward-claim.in
spam,Job offer confirmed. Pay registration fee Rs 10000 urgent.
spam,PAN not linked with Aadhaar. Update now.
spam,"Your account credited with Rs 500000. If not you, report immediately."
spam,Income tax refund Rs 25000 approved. Claim urgent.
ham,See you in college tomorrow.
spam,Reward points worth Rs 2500000 expiring urgent. Redeem at http://verify-kyc.in
ham,See you in college tomorrow.
ham,I will reach home in 20 minutes.
spam,Job offer confirmed. Pay registration fee Rs 500000 within 10 minutes.
spam,RBI alert: Suspicious activity detected. Verify immediately.
spam,KYC incomplete for PNB. Submit documents immediately.
ham,Your bank transaction of Rs 500 is successful.
ham,Office meeting link shared on WhatsApp.
spam,Your UPI ID rahul@ybl is suspended. Verify urgent.
spam,Pre-approved loan of Rs 1000. Apply immediately.
spam,Pre-approved loan of Rs 10000. Apply today.
spam,RBI alert: Suspicious activity detected. Verify immediately.
ham,"Reached safely, call you later."
spam,SIM card will be blocked urgent. Update details at http://verify-kyc.in
spam,KYC incomplete for ICICI. Submit documents within 10 minutes.
spam,PAN not linked with Aadhaar. Update immediately.
spam,KYC incomplete for SBI. Submit documents immediately.
spam,RBI alert: Suspicious activity detected. Verify urgent.
ham,Let's go for dinner tonight.
spam,SIM card will be blocked urgent. Update details at http://reward-claim.in
spam,SIM card will be blocked urgent. Update details at http://secure-update.in
spam,Your UPI ID amit@paytm is suspended. Verify urgent.
spam,"Dear customer, your SBI account will be blocked within 10 minutes. Update KYC at http://reward-claim.in"
spam,Electricity bill pending of Rs 500. Pay now at http://reward-claim.in
spam,Congratulations! You won Rs 2500000. Claim immediately.
ham,I will reach home in 20 minutes.
ham,Meeting postponed to tomorrow 10 am.
spam,KYC incomplete for PNB. Submit documents urgent.
ham,Meeting postponed to tomorrow 10 am.
ham,"Send me 100 rs for the cab, I'll return later."
spam,SIM card will be blocked within 10 minutes. Update details at http://secure-update.in
spam,SIM card will be blocked within 10 minutes. Update details at http://upi-check.in
spam,KYC incomplete for ICICI. Submit documents urgent.
ham,Call me when you reach home. https://meet.google.com/abc-defg-hij
ham,Electricity bill payment of Rs 25000 received.
spam,Pre-approved loan of Rs 1000. Apply within 10 minutes.
spam,PAN not linked with Aadhaar. Update immediately.
spam,Reward points worth Rs 25000 expiring urgent. Redeem at http://reward-claim.in
spam,Your ATM card blocked. Share OTP today.
spam,Income tax refund Rs 500 approved. Claim within 10 minutes.
spam,KYC incomplete for ICICI. Submit documents now.
spam,RBI alert: Suspicious activity detected. Verify urgent.
spam,SIM card will be blocked now. Update details at http://bank-alert.in
spam,KYC incomplete for Bank of Baroda. Submit documents urgent.
ham,Electricity bill payment of Rs 2500000 received.
spam,Congratulations! You won Rs 25000. Claim now.
spam,SIM card will be blocked urgent. Update details at http://reward-claim.in
spam,Electricity bill pending of Rs 500. Pay within 10 minutes at http://verify-kyc.in
ham,Dinner at 8 pm? https://drive.google.com/file
spam,KYC incomplete for Axis Bank. Submit documents urgent.
spam,Reward points worth Rs 2500000 expiring today. Redeem at http://upi-check.in
spam,Congratulations! You won Rs 10000. Claim immediately.
spam,Electricity bill pending of Rs 10000. Pay immediately at http://secure-update.in
spam,"Dear customer, your HDFC account will be blocked urgent. Update KYC at http://bank-alert.in"
spam,Your ATM card blocked. Share OTP within 10 minutes.
spam,Job offer confirmed. Pay registration fee Rs 10000 now.
spam,"Dear customer, your Bank of Baroda account will be blocked urgent. Update KYC at http://upi-check.in"
spam,RBI alert: Suspicious activity detected. Verify immediately.
spam,Electricity bill pending of Rs 25000. Pay within 10 minutes at http://verify-kyc.in
spam,Pre-approved loan of Rs 1000. Apply within 10 minutes.
spam,KYC incomplete for PNB. Submit documents within 10 minutes.
spam,KYC incomplete for HDFC. Submit documents today.
spam,Income tax refund Rs 10000 approved. Claim immediately.
spam,Congratulations! You won Rs 2500000. Claim urgent.
spam,Reward points worth Rs 500 expiring urgent. Redeem at http://upi-check.in
spam,Your UPI ID user@okaxis is suspended. Verify now.
ham,"Reached safely, call you later."
spam,Pre-approved loan of Rs 5000. Apply urgent.
ham,Movie plan at 6 pm?
spam,KYC incomplete for Axis Bank. Submit documents now.
spam,Your ATM card blocked. Share OTP urgent.
spam,Reward points worth Rs 2500000 expiring urgent. Redeem at http://upi-check.in
ham,Train arriving at 7 pm.
spam,RBI alert: Suspicious activity detected. Verify urgent.
ham,Train arriving at 7 pm.
ham,Electricity bill payment of Rs 25000 received.
spam,Pre-approved loan of Rs 500000. Apply today.
spam,Your ATM card blocked. Share OTP urgent.
ham,"Send me 100 rs for the cab, I'll return later. https://amazon.in"
spam,SIM card will be blocked today. Update details at http://upi-check.in
spam,Parcel on hold. Update address urgent at http://verify-kyc.in
spam,RBI alert: Suspicious activity detected. Verify urgent.
spam,Job offer confirmed. Pay registration fee Rs 5000 immediately.
ham,Movie plan at 6 pm?
spam,Congratulations! You won Rs 25000. Claim today.
spam,RBI alert: Suspicious activity detected. Verify today.
spam,Pre-approved loan of Rs 2500000. Apply urgent.
spam,Your ATM card blocked. Share OTP now.
spam,Job offer confirmed. Pay registration fee Rs 500000 today.
spam,KYC incomplete for HDFC. Submit documents today.
spam,Reward points worth Rs 10000 expiring immediately. Redeem at http://reward-claim.in
spam,Income tax refund Rs 1000 approved. Claim immediately.
spam,"Your account credited with Rs 500000. If not you, report within 10 minutes."
spam,Income tax refund Rs 500 approved. Claim immediately.
spam,Electricity bill pending of Rs 25000. Pay now at http://verify-kyc.in
ham,Movie plan at 6 pm?
ham,Let's go for dinner tonight.
ham,Your bank transaction of Rs 25000 is successful.
spam,Income tax refund Rs 5000 approved. Claim urgent.
ham,Where are you right now? https://meet.google.com/abc-defg-hij
ham,Let's go for dinner tonight.
ham,Meeting moved to 5 pm today.
ham,Your order from Amazon is delivered.
ham,Assignment deadline is Monday.
ham,Movie plan at 6 pm?
spam,Your UPI ID amit@paytm is suspended. Verify urgent.
ham,Movie plan at 6 pm?
spam,Pre-approved loan of Rs 2500000. Apply within 10 minutes.
ham,Happy Birthday!
spam,PAN not linked with Aadhaar. Update within 10 minutes.
spam,Your ATM card blocked. Share OTP now.
ham,I'm outside your house.
spam,"Dear customer, your Axis Bank account will be blocked now. Update KYC at http://secure-update.in"
spam,Congratulations! You won Rs 2500000. Claim immediately.
ham,Please send the notes.
ham,Your order from Amazon is delivered.
spam,Congratulations! You won Rs 500000. Claim today.
spam,KYC incomplete for HDFC. Submit documents within 10 minutes.
spam,Income tax refund Rs 25000 approved. Claim within 10 minutes.
spam,KYC incomplete for Axis Bank. Submit documents urgent.
spam,Job offer confirmed. Pay registration fee Rs 500000 within 10 minutes.
spam,Job offer confirmed. Pay registration fee Rs 5000 immediately.
spam,RBI alert: Suspicious activity detected. Verify urgent.
ham,Recharge successful for Rs 1000.
spam,Parcel on hold. Update address within 10 minutes at http://reward-claim.in
ham,Where are you right now? https://meet.google.com/abc-defg-hij
spam,Your ATM card blocked. Share OTP immediately.
ham,Let's go for dinner tonight.
spam,Job offer confirmed. Pay registration fee Rs 2500000 immediately.
spam,Income tax refund Rs 10000 approved. Claim immediately.
spam,"Your account credited with Rs 2500000. If not you, report immediately."
ham,I'm outside your house. https://maps.google.com
ham,Assignment deadline is Monday.
spam,SIM card will be blocked today. Update details at http://bank-alert.in
spam,Congratulations! You won Rs 2500000. Claim within 10 minutes.
ham,See you in college tomorrow.
ham,Are you free today?
spam,Your ATM card blocked. Share OTP within 10 minutes.
ham,"Send me 100 rs for the cab, I'll return later."
ham,Your order from Amazon is delivered.
spam,Parcel on hold. Update address now at http://secure-update.in
ham,I'm outside your house. https://youtube.com
spam,Job offer confirmed. Pay registration fee Rs 500000 today.
ham,Are you free today? https://drive.google.com/file
ham,Office meeting link shared on WhatsApp.
ham,I will reach home in 20 minutes.
ham,Your bank transaction of Rs 5000 is successful.
ham,Call me when you reach home.
spam,Congratulations! You won Rs 500000. Claim now.
spam,Income tax refund Rs 500000 approved. Claim immediately.
ham,Train arriving at 7 pm.
ham,Train arriving at 7 pm.
spam,RBI alert: Suspicious activity detected. Verify today.
spam,Parcel on hold. Update address immediately at http://reward-claim.in
spam,Your ATM card blocked. Share OTP urgent.
spam,Pre-approved loan of Rs 2500000. Apply now.
spam,Income tax refund Rs 1000 approved. Claim urgent.
spam,Parcel on hold. Update address now at http://bank-alert.in
spam,RBI alert: Suspicious activity detected. Verify immediately.
spam,SIM card will be blocked immediately. Update details at http://reward-claim.in
spam,Parcel on hold. Update address immediately at http://verify-kyc.in
spam,PAN not linked with Aadhaar. Update immediately.
ham,Electricity bill payment of Rs 2500000 received.
ham,Your bank transaction of Rs 2500000 is successful.
ham,"Reached safely, call you later."
spam,Income tax refund Rs 25000 approved. Claim today.
ham,Meeting postponed to tomorrow 10 am.
spam,PAN not linked with Aadhaar. Update immediately.
spam,PAN not linked with Aadhaar. Update urgent.
ham,Electricity bill payment of Rs 5000 received.
ham,"Send me 100 rs for the cab, I'll return later. https://maps.google.com"
spam,Reward points worth Rs 1000 expiring within 10 minutes. Redeem at http://upi-check.in
spam,Congratulations! You won Rs 25000. Claim today.
spam,SIM card will be blocked urgent. Update details at http://secure-update.in
spam,Income tax refund Rs 5000 approved. Claim now.
ham,See you in college tomorrow.
ham,Let's go for dinner tonight.
spam,RBI alert: Suspicious activity detected. Verify today.
ham,Recharge successful for Rs 1000.
spam,Electricity bill pending of Rs 5000. Pay within 10 minutes at http://secure-update.in
ham,See you in college tomorrow.
spam,Electricity bill pending of Rs 10000. Pay today at http://reward-claim.in
spam,SIM card will be blocked within 10 minutes. Update details at http://secure-update.in
spam,"Dear customer, your SBI account will be blocked now. Update KYC at http://upi-check.in"
ham,Assignment deadline is Monday.
spam,Your ATM card blocked. Share OTP now.
spam,Job offer confirmed. Pay registration fee Rs 500000 now.
ham,Can you bring milk on the way back? https://amazon.in
spam,Job offer confirmed. Pay registration fee Rs 25000 today.
spam,SIM card will be blocked now. Update details at http://bank-alert.in
spam,"Your account credited with Rs 2500000. If not you, report now."
ham,"Reached safely, call you later."
ham,Did you check the document I shared? https://youtube.com
spam,Job offer confirmed. Pay registration fee Rs 2500000 within 10 minutes.
spam,Your ATM card blocked. Share OTP today.
ham,Assignment deadline is Monday.
spam,Congratulations! You won Rs 500. Claim urgent.
spam,Reward points worth Rs 2500000 expiring immediately. Redeem at http://bank-alert.in
spam,"Dear customer, your Axis Bank account will be blocked now. Update KYC at http://upi-check.in"
spam,KYC incomplete for HDFC. Submit documents urgent.
ham,Office meeting link shared on WhatsApp.
spam,RBI alert: Suspicious activity detected. Verify now.
spam,Electricity bill pending of Rs 500000. Pay urgent at http://reward-claim.in
spam,Parcel on hold. Update address urgent at http://reward-claim.in
spam,Your UPI ID amit@paytm is suspended. Verify now.
spam,Reward points worth Rs 1000 expiring within 10 minutes. Redeem at http://verify-kyc.in
spam,Electricity bill pending of Rs 5000. Pay within 10 minutes at http://reward-claim.in
spam,PAN not linked with Aadhaar. Update within 10 minutes.
ham,Movie plan at 6 pm?
spam,Job offer confirmed. Pay registration fee Rs 2500000 immediately.
spam,Job offer confirmed. Pay registration fee Rs 25000 urgent.
ham,Let's meet tomorrow evening.
spam,KYC incomplete for Axis Bank. Submit documents within 10 minutes.
spam,Your UPI ID rahul@ybl is suspended. Verify now.
ham,Happy Birthday!
ham,Where are you right now?
spam,"Dear customer, your SBI account will be blocked today. Update KYC at http://secure-update.in"
spam,Congratulations! You won Rs 10000. Claim immediately.
ham,Recharge successful for Rs 5000.
ham,Dinner at 8 pm?
ham,"Send me 100 rs for the cab, I'll return later."
spam,"Your account credited with Rs 2500000. If not you, report within 10 minutes."
ham,I will reach home in 20 minutes.
spam,PAN not linked with Aadhaar. Update within 10 minutes.
spam,Congratulations! You won Rs 500. Claim within 10 minutes.
ham,Train arriving at 7 pm.
spam,PAN not linked with Aadhaar. Update urgent.
ham,See you in college tomorrow.
ham,Recharge successful for Rs 5000.
spam,Parcel on hold. Update address urgent at http://bank-alert.in
ham,Recharge successful for Rs 25000.
ham,I'm outside your house.
ham,Assignment deadline is Monday.
spam,Electricity bill pending of Rs 500. Pay immediately at http://upi-check.in
ham,Happy Birthday!
spam,KYC incomplete for SBI. Submit documents now.
spam,Your ATM card blocked. Share OTP urgent.
spam,PAN not linked with Aadhaar. Update today.
spam,Reward points worth Rs 5000 expiring immediately. Redeem at http://bank-alert.in
spam,Reward points worth Rs 2500000 expiring today. Redeem at http://reward-claim.in
spam,Your UPI ID rahul@ybl is suspended. Verify now.
spam,Electricity bill pending of Rs 5000. Pay today at http://bank-alert.in
ham,Call me when you reach home. https://amazon.in
ham,Movie plan at 6 pm?
ham,Train arriving at 7 pm.
spam,Parcel on hold. Update address immediately at http://upi-check.in
spam,RBI alert: Suspicious activity detected. Verify now.
spam,Congratulations! You won Rs 500000. Claim immediately.
ham,Call me when you reach home. https://youtube.com
ham,See you in college tomorrow.
ham,Let's go for dinner tonight.
ham,Your bank transaction of Rs 25000 is successful.
ham,Let's meet tomorrow evening.
spam,Your ATM card blocked. Share OTP today.
ham,"Reached safely, call you later."
spam,PAN not linked with Aadhaar. Update today.
ham,Call me when you reach home. https://youtube.com
spam,Congratulations! You won Rs 500000. Claim now.
ham,Meeting postponed to tomorrow 10 am.
spam,Your ATM card blocked. Share OTP immediately.
ham,Happy Birthday!
spam,Reward points worth Rs 500000 expiring now. Redeem at http://reward-claim.in
spam,Pre-approved loan of Rs 2500000. Apply urgent.
ham,See you in college tomorrow.
spam,RBI alert: Suspicious activity detected. Verify immediately.
spam,Electricity bill pending of Rs 25000. Pay urgent at http://bank-alert.in
spam,Your UPI ID rahul@ybl is suspended. Verify within 10 minutes.
ham,"Reached safely, call you later."
spam,"Your account credited with Rs 25000. If not you, report immediately."
spam,Electricity bill pending of Rs 10000. Pay immediately at http://reward-claim.in
spam,KYC incomplete for SBI. Submit documents immediately.
spam,Parcel on hold. Update address immediately at http://bank-alert.in
ham,Dinner at 8 pm?
spam,Your UPI ID rahul@ybl is suspended. Verify within 10 minutes.
spam,SIM card will be blocked immediately. Update details at http://verify-kyc.in
spam,"Your account credited with Rs 25000. If not you, report urgent."
spam,KYC incomplete for SBI. Submit documents now.
spam,Pre-approved loan of Rs 5000. Apply urgent.
ham,I'm outside your house.
ham,Office meeting link shared on WhatsApp.
ham,I will reach home in 20 minutes.
spam,Reward points worth Rs 5000 expiring today. Redeem at http://bank-alert.in
spam,Your UPI ID user@okaxis is suspended. Verify now.
ham,Your bank transaction of Rs 500 is successful.
ham,Your order from Amazon is delivered.
spam,"Dear customer, your Axis Bank account will be blocked today. Update KYC at http://secure-update.in"
spam,Income tax refund Rs 2500000 approved. Claim urgent.
spam,Pre-approved loan of Rs 500000. Apply today.
spam,SIM card will be blocked today. Update details at http://verify-kyc.in
spam,Electricity bill pending of Rs 25000. Pay immediately at http://upi-check.in
spam,Income tax refund Rs 25000 approved. Claim immediately.
spam,Electricity bill pending of Rs 5000. Pay immediately at http://reward-claim.in
spam,Electricity bill pending of Rs 5000. Pay within 10 minutes at http://verify-kyc.in
ham,Can you bring milk on the way back?
ham,Meeting moved to 5 pm today.
spam,Electricity bill pending of Rs 10000. Pay immediately at http://reward-claim.in
ham,Let's meet tomorrow evening.
spam,RBI alert: Suspicious activity detected. Verify immediately.
spam,KYC incomplete for Bank of Baroda. Submit documents immediately.
spam,PAN not linked with Aadhaar. Update immediately.
ham,Where are you right now?
spam,Your ATM card blocked. Share OTP now.
spam,Your ATM card blocked. Share OTP today.
spam,Congratulations! You won Rs 500. Claim today.
spam,Job offer confirmed. Pay registration fee Rs 500000 today.
ham,"Reached safely, call you later."
spam,Your UPI ID amit@paytm is suspended. Verify now.
ham,I will reach home in 20 minutes.
spam,RBI alert: Suspicious activity detected. Verify urgent.
spam,SIM card will be blocked urgent. Update details at http://reward-claim.in
spam,PAN not linked with Aadhaar. Update urgent.
spam,Pre-approved loan of Rs 25000. Apply urgent.
ham,Train arriving at 7 pm.
spam,KYC incomplete for PNB. Submit documents within 10 minutes.
spam,"Your account credited with Rs 500. If not you, report urgent."
spam,Your UPI ID user@okaxis is suspended. Verify today.
spam,Income tax refund Rs 25000 approved. Claim today.
spam,Parcel on hold. Update address urgent at http://verify-kyc.in
ham,Let's go for dinner tonight.
spam,Your UPI ID amit@paytm is suspended. Verify today.
spam,RBI alert: Suspicious activity detected. Verify urgent.
ham,Can you bring milk on the way back? https://youtube.com
spam,SIM card will be blocked today. Update details at http://verify-kyc.in
ham,Office meeting link shared on WhatsApp.
spam,"Dear customer, your PNB account will be blocked immediately. Update KYC at http://bank-alert.in"
ham,Did you check the document I shared?
spam,Reward points worth Rs 500000 expiring within 10 minutes. Redeem at http://secure-update.in
ham,Recharge successful for Rs 1000.
spam,Your UPI ID hitesh@upi is suspended. Verify within 10 minutes.
spam,Congratulations! You won Rs 5000. Claim now.
spam,Your ATM card blocked. Share OTP now.
ham,Did you check the document I shared? https://maps.google.com
ham,Your bank transaction of Rs 500000 is successful.
ham,Recharge successful for Rs 5000.
spam,Electricity bill pending of Rs 2500000. Pay immediately at http://upi-check.in
ham,Did you check the document I shared?
ham,Office meeting link shared on WhatsApp.
spam,Job offer confirmed. Pay registration fee Rs 1000 immediately.
spam,Reward points worth Rs 2500000 expiring today. Redeem at http://bank-alert.in
spam,SIM card will be blocked within 10 minutes. Update details at http://bank-alert.in
spam,KYC incomplete for PNB. Submit documents now.
ham,Please send the notes.
spam,Electricity bill pending of Rs 2500000. Pay within 10 minutes at http://secure-update.in
spam,"Your account credited with Rs 500. If not you, report immediately."
spam,Reward points worth Rs 500000 expiring within 10 minutes. Redeem at http://upi-check.in
spam,Your ATM card blocked. Share OTP today.
spam,Electricity bill pending of Rs 500. Pay now at http://bank-alert.in
ham,Electricity bill payment of Rs 5000 received.
ham,I will reach home in 20 minutes.
ham,I will reach home in 20 minutes.
ham,"Send me 100 rs for the cab, I'll return later."
spam,Job offer confirmed. Pay registration fee Rs 500 within 10 minutes.
spam,"Your account credited with Rs 25000. If not you, report now."
spam,Parcel on hold. Update address immediately at http://secure-update.in
spam,Income tax refund Rs 10000 approved. Claim today.
spam,Parcel on hold. Update address immediately at http://reward-claim.in
spam,Reward points worth Rs 1000 expiring urgent. Redeem at http://upi-check.in
spam,RBI alert: Suspicious activity detected. Verify immediately.
spam,PAN not linked with Aadhaar. Update within 10 minutes.
spam,"Your account credited with Rs 10000. If not you, report immediately."
ham,Your bank transaction of Rs 2500000 is successful.
ham,See you in college tomorrow.
ham,Let's meet tomorrow evening.
spam,Parcel on hold. Update address now at http://reward-claim.in
ham,Your bank transaction of Rs 5000 is successful.
spam,Pre-approved loan of Rs 25000. Apply urgent.
ham,Train arriving at 7 pm.
ham,Can you bring milk on the way back? https://youtube.com
ham,Let's go for dinner tonight.
spam,Electricity bill pending of Rs 2500000. Pay immediately at http://reward-claim.in
spam,Reward points worth Rs 2500000 expiring today. Redeem at http://bank-alert.in
spam,KYC incomplete for Axis Bank. Submit documents now.
ham,Office meeting link shared on WhatsApp.
spam,Your UPI ID user@okaxis is suspended. Verify urgent.
spam,Job offer confirmed. Pay registration fee Rs 500000 within 10 minutes.
ham,Meeting postponed to tomorrow 10 am.
spam,Your ATM card blocked. Share OTP today.
spam,PAN not linked with Aadhaar. Update urgent.
ham,I'm outside your house.
spam,Congratulations! You won Rs 1000. Claim urgent.
spam,Your ATM card blocked. Share OTP within 10 minutes.
spam,"Your account credited with Rs 500000. If not you, report immediately."
spam,Electricity bill pending of Rs 5000. Pay urgent at http://secure-update.in
ham,Train arriving at 7 pm.
spam,Parcel on hold. Update address now at http://upi-check.in
spam,Your ATM card blocked. Share OTP today.
spam,Your UPI ID hitesh@upi is suspended. Verify today.
ham,Meeting moved to 5 pm today. https://youtube.com
spam,"Your account credited with Rs 25000. If not you, report today."
ham,Office meeting link shared on WhatsApp.
spam,Pre-approved loan of Rs 10000. Apply urgent.
ham,Dinner at 8 pm?
ham,Movie plan at 6 pm?
spam,SIM card will be blocked now. Update details at http://reward-claim.in
spam,RBI alert: Suspicious activity detected. Verify now.
ham,I will reach home in 20 minutes.
spam,Congratulations! You won Rs 2500000. Claim now.
ham,Your order from Amazon is delivered.
ham,Let's meet tomorrow evening. https://amazon.in
ham,Your bank transaction of Rs 2500000 is successful.
spam,Reward points worth Rs 2500000 expiring within 10 minutes. Redeem at http://reward-claim.in
spam,"Dear customer, your Bank of Baroda account will be blocked now. Update KYC at http://upi-check.in"
spam,"Your account credited with Rs 2500000. If not you, report immediately."
ham,Meeting moved to 5 pm today. https://amazon.in
ham,Call me when you reach home.
ham,Are you free today?
spam,Reward points worth Rs 2500000 expiring immediately. Redeem at http://secure-update.in
spam,Pre-approved loan of Rs 500000. Apply today.
spam,"Dear customer, your Axis Bank account will be blocked immediately. Update KYC at http://bank-alert.in"
spam,Electricity bill pending of Rs 25000. Pay urgent at http://verify-kyc.in
ham,"Reached safely, call you later."
ham,See you in college tomorrow.
spam,Your ATM card blocked. Share OTP within 10 minutes.
ham,See you in college tomorrow.
ham,Where are you right now? https://maps.google.com
spam,Reward points worth Rs 500 expiring immediately. Redeem at http://reward-claim.in
spam,Income tax refund Rs 1000 approved. Claim today.
spam,PAN not linked with Aadhaar. Update within 10 minutes.
spam,"Your account credited with Rs 10000. If not you, report immediately."
spam,Your ATM card blocked. Share OTP urgent.
spam,SIM card will be blocked now. Update details at http://verify-kyc.in
ham,Happy Birthday!
spam,Income tax refund Rs 2500000 approved. Claim immediately.
spam,Congratulations! You won Rs 5000. Claim now.
spam,Pre-approved loan of Rs 5000. Apply today.
ham,I'm outside your house. https://maps.google.com
ham,Let's go for dinner tonight.
ham,Assignment deadline is Monday.
ham,Are you free today?
ham,Assignment deadline is Monday.
spam,SIM card will be blocked within 10 minutes. Update details at http://verify-kyc.in
spam,Parcel on hold. Update address today at http://verify-kyc.in
spam,SIM card will be blocked urgent. Update details at http://reward-claim.in
spam,Your UPI ID amit@paytm is suspended. Verify today.
spam,Reward points worth Rs 1000 expiring urgent. Redeem at http://upi-check.in
spam,RBI alert: Suspicious activity detected. Verify immediately.
spam,Income tax refund Rs 1000 approved. Claim urgent.
spam,SIM card will be blocked now. Update details at http://verify-kyc.in
spam,Your UPI ID amit@paytm is suspended. Verify immediately.
spam,PAN not linked with Aadhaar. Update within 10 minutes.
spam,"Your account credited with Rs 25000. If not you, report within 10 minutes."
spam,Income tax refund Rs 2500000 approved. Claim urgent.
spam,Parcel on hold. Update address today at http://upi-check.in
spam,SIM card will be blocked urgent. Update details at http://bank-alert.in
ham,I will reach home in 20 minutes.
spam,Pre-approved loan of Rs 2500000. Apply urgent.
spam,"Your account credited with Rs 1000. If not you, report now."
ham,Let's meet tomorrow evening.
spam,Income tax refund Rs 500 approved. Claim today.
spam,Your UPI ID rahul@ybl is suspended. Verify immediately.
spam,KYC incomplete for Axis Bank. Submit documents within 10 minutes.
spam,PAN not linked with Aadhaar. Update urgent.
spam,Parcel on hold. Update address now at http://bank-alert.in
ham,Movie plan at 6 pm?
spam,Job offer confirmed. Pay registration fee Rs 10000 immediately.
spam,SIM card will be blocked now. Update details at http://verify-kyc.in
spam,Reward points worth Rs 25000 expiring urgent. Redeem at http://bank-alert.in
spam,Your ATM card blocked. Share OTP within 10 minutes.
ham,Let's meet tomorrow evening.
spam,SIM card will be blocked now. Update details at http://verify-kyc.in
spam,Electricity bill pending of Rs 5000. Pay immediately at http://upi-check.in
ham,Movie plan at 6 pm?
ham,Meeting postponed to tomorrow 10 am.
spam,"Your account credited with Rs 500000. If not you, report within 10 minutes."
ham,Recharge successful for Rs 500000.
spam,Congratulations! You won Rs 1000. Claim now.
spam,RBI alert: Suspicious activity detected. Verify today.
spam,SIM card will be blocked within 10 minutes. Update details at http://upi-check.in
spam,PAN not linked with Aadhaar. Update immediately.
spam,KYC incomplete for PNB. Submit documents immediately.
spam,Your UPI ID hitesh@upi is suspended. Verify now.
spam,Congratulations! You won Rs 500000. Claim now.
ham,Recharge successful for Rs 10000.
ham,Office meeting link shared on WhatsApp.
ham,Your bank transaction of Rs 500 is successful.
spam,KYC incomplete for Axis Bank. Submit documents now.
spam,RBI alert: Suspicious activity detected. Verify today.
spam,Your ATM card blocked. Share OTP urgent.
ham,Happy Birthday!
spam,Electricity bill pending of Rs 5000. Pay immediately at http://bank-alert.in
spam,Parcel on hold. Update address today at http://verify-kyc.in
ham,Did you check the document I shared? https://drive.google.com/file
ham,Movie plan at 6 pm?
spam,"Your account credited with Rs 1000. If not you, report within 10 minutes."
spam,Income tax refund Rs 2500000 approved. Claim within 10 minutes.
spam,Parcel on hold. Update address today at http://bank-alert.in
ham,Did you check the document I shared? https://maps.google.com
spam,Pre-approved loan of Rs 5000. Apply urgent.
spam,Electricity bill pending of Rs 500000. Pay now at http://bank-alert.in
spam,Reward points worth Rs 1000 expiring urgent. Redeem at http://upi-check.in
spam,"Your account credited with Rs 5000. If not you, report urgent."
ham,See you in college tomorrow.
spam,KYC incomplete for HDFC. Submit documents today.
spam,Electricity bill pending of Rs 2500000. Pay now at http://verify-kyc.in
spam,Reward points worth Rs 500 expiring today. Redeem at http://upi-check.in
spam,KYC incomplete for PNB. Submit documents within 10 minutes.
ham,I will reach home in 20 minutes.
spam,PAN not linked with Aadhaar. Update urgent.
spam,Reward points worth Rs 5000 expiring immediately. Redeem at http://secure-update.in
spam,PAN not linked with Aadhaar. Update within 10 minutes.
spam,PAN not linked with Aadhaar. Update today.
spam,"Dear customer, your Axis Bank account will be blocked today. Update KYC at http://verify-kyc.in"
spam,Parcel on hold. Update address immediately at http://upi-check.in
spam,Reward points worth Rs 5000 expiring immediately. Redeem at http://secure-update.in
spam,Congratulations! You won Rs 2500000. Claim today.
spam,Pre-approved loan of Rs 25000. Apply now.
ham,Let's meet tomorrow evening.
spam,Income tax refund Rs 2500000 approved. Claim today.
spam,Parcel on hold. Update address today at http://upi-check.in
spam,PAN not linked with Aadhaar. Update within 10 minutes.
spam,Job offer confirmed. Pay registration fee Rs 5000 urgent.
ham,Movie plan at 6 pm?
spam,Job offer confirmed. Pay registration fee Rs 1000 urgent.
ham,Recharge successful for Rs 500.
spam,Parcel on hold. Update address today at http://bank-alert.in
spam,RBI alert: Suspicious activity detected. Verify now.
spam,Electricity bill pending of Rs 5000. Pay within 10 minutes at http://bank-alert.in
spam,Income tax refund Rs 5000 approved. Claim within 10 minutes.
spam,PAN not linked with Aadhaar. Update urgent.
spam,Electricity bill pending of Rs 1000. Pay now at http://reward-claim.in
ham,Can you bring milk on the way back? https://meet.google.com/abc-defg-hij
spam,Reward points worth Rs 1000 expiring immediately. Redeem at http://bank-alert.in
ham,Are you free today? https://youtube.com
spam,KYC incomplete for SBI. Submit documents within 10 minutes.
spam,KYC incomplete for Bank of Baroda. Submit documents immediately.
spam,Electricity bill pending of Rs 25000. Pay urgent at http://reward-claim.in
spam,Income tax refund Rs 10000 approved. Claim now.
ham,Recharge successful for Rs 25000.
spam,Income tax refund Rs 10000 approved. Claim within 10 minutes.
spam,Congratulations! You won Rs 500. Claim within 10 minutes.
spam,"Dear customer, your ICICI account will be blocked today. Update KYC at http://upi-check.in"
spam,Job offer confirmed. Pay registration fee Rs 25000 immediately.
ham,Where are you right now? https://youtube.com
spam,"Dear customer, your Bank of Baroda account will be blocked urgent. Update KYC at http://reward-claim.in"
ham,Are you free today?
spam,KYC incomplete for HDFC. Submit documents today.
ham,Recharge successful for Rs 1000.
spam,Reward points worth Rs 500000 expiring now. Redeem at http://reward-claim.in
spam,"Your account credited with Rs 10000. If not you, report urgent."
spam,KYC incomplete for SBI. Submit documents urgent.
spam,Your UPI ID hitesh@upi is suspended. Verify urgent.
spam,PAN not linked with Aadhaar. Update urgent.
spam,Your ATM card blocked. Share OTP within 10 minutes.
spam,Parcel on hold. Update address today at http://reward-claim.in
ham,Where are you right now?
spam,PAN not linked with Aadhaar. Update urgent.
spam,SIM card will be blocked within 10 minutes. Update details at http://secure-update.in
spam,Job offer confirmed. Pay registration fee Rs 500 within 10 minutes.
spam,Electricity bill pending of Rs 25000. Pay today at http://upi-check.in
spam,Pre-approved loan of Rs 2500000. Apply now.
spam,Job offer confirmed. Pay registration fee Rs 500000 within 10 minutes.
spam,"Dear customer, your Bank of Baroda account will be blocked now. Update KYC at http://upi-check.in"
spam,Pre-approved loan of Rs 5000. Apply today.
spam,Income tax refund Rs 25000 approved. Claim immediately.
spam,Pre-approved loan of Rs 5000. Apply now.
ham,Your order from Amazon is delivered.
ham,Dinner at 8 pm?
spam,Job offer confirmed. Pay registration fee Rs 25000 within 10 minutes.
spam,Your UPI ID amit@paytm is suspended. Verify today.
spam,Job offer confirmed. Pay registration fee Rs 500 within 10 minutes.
spam,RBI alert: Suspicious activity detected. Verify today.
ham,Dinner at 8 pm? https://amazon.in
spam,Your UPI ID hitesh@upi is suspended. Verify within 10 minutes.
spam,Reward points worth Rs 500 expiring today. Redeem at http://secure-update.in
ham,Please send the notes.
spam,PAN not linked with Aadhaar. Update within 10 minutes.
spam,RBI alert: Suspicious activity detected. Verify urgent.
spam,SIM card will be blocked today. Update details at http://verify-kyc.in
spam,"Dear customer, your HDFC account will be blocked immediately. Update KYC at http://reward-claim.in"
ham,Where are you right now?
spam,PAN not linked with Aadhaar. Update immediately.
spam,Reward points worth Rs 25000 expiring urgent. Redeem at http://bank-alert.in
ham,Electricity bill payment of Rs 10000 received.
spam,Parcel on hold. Update address immediately at http://secure-update.in
ham,Electricity bill payment of Rs 25000 received.
spam,Parcel on hold. Update address immediately at http://verify-kyc.in
spam,Your UPI ID amit@paytm is suspended. Verify urgent.
spam,"Your account credited with Rs 10000. If not you, report now."
spam,Electricity bill pending of Rs 10000. Pay today at http://upi-check.in
ham,"Send me 100 rs for the cab, I'll return later. https://meet.google.com/abc-defg-hij"
spam,Parcel on hold. Update address urgent at http://verify-kyc.in
spam,"Your account credited with Rs 500. If not you, report urgent."
spam,Parcel on hold. Update address urgent at http://verify-kyc.in
ham,Movie plan at 6 pm?
ham,"Reached safely, call you later."
ham,Where are you right now? https://youtube.com
spam,Reward points worth Rs 1000 expiring within 10 minutes. Redeem at http://reward-claim.in
spam,RBI alert: Suspicious activity detected. Verify urgent.
spam,Income tax refund Rs 2500000 approved. Claim immediately.
ham,Recharge successful for Rs 25000.
ham,Call me when you reach home.
spam,RBI alert: Suspicious activity detected. Verify immediately.
spam,Electricity bill pending of Rs 2500000. Pay now at http://upi-check.in
ham,Office meeting link shared on WhatsApp.
ham,Movie plan at 6 pm?
ham,Your bank transaction of Rs 5000 is successful.
spam,SIM card will be blocked immediately. Update details at http://upi-check.in
spam,Parcel on hold. Update address now at http://bank-alert.in
spam,Reward points worth Rs 2500000 expiring today. Redeem at http://bank-alert.in
spam,"Dear customer, your HDFC account will be blocked now. Update KYC at http://reward-claim.in"
ham,Movie plan at 6 pm?
spam,Parcel on hold. Update address immediately at http://verify-kyc.in
spam,Congratulations! You won Rs 25000. Claim immediately.
spam,Your UPI ID amit@paytm is suspended. Verify urgent.
spam,Job offer confirmed. Pay registration fee Rs 10000 immediately.
spam,RBI alert: Suspicious activity detected. Verify urgent.
spam,"Dear customer, your Bank of Baroda account will be blocked immediately. Update KYC at http://bank-alert.in"
spam,Congratulations! You won Rs 5000. Claim urgent.
spam,Pre-approved loan of Rs 1000. Apply urgent.
spam,Your UPI ID amit@paytm is suspended. Verify today.
spam,Your ATM card blocked. Share OTP now.
spam,Parcel on hold. Update address urgent at http://verify-kyc.in
ham,Are you free today? https://meet.google.com/abc-defg-hij
spam,Job offer confirmed. Pay registration fee Rs 1000 now.
spam,PAN not linked with Aadhaar. Update today.
spam,Reward points worth Rs 25000 expiring immediately. Redeem at http://bank-alert.in
spam,KYC incomplete for SBI. Submit documents immediately.
ham,Are you free today? https://maps.google.com
spam,Pre-approved loan of Rs 500. Apply today.
ham,See you in college tomorrow.
spam,KYC incomplete for SBI. Submit documents today.
spam,Reward points worth Rs 5000 expiring immediately. Redeem at http://reward-claim.in
spam,Electricity bill pending of Rs 500000. Pay now at http://upi-check.in
spam,Your UPI ID hitesh@upi is suspended. Verify today.
spam,Parcel on hold. Update address now at http://reward-claim.in
ham,"Send me 100 rs for the cab, I'll return later."
spam,Your ATM card blocked. Share OTP urgent.
spam,Your ATM card blocked. Share OTP immediately.
spam,RBI alert: Suspicious activity detected. Verify immediately.
spam,Job offer confirmed. Pay registration fee Rs 10000 today.
spam,Congratulations! You won Rs 2500000. Claim now.
spam,"Your account credited with Rs 1000. If not you, report urgent."
spam,Your UPI ID hitesh@upi is suspended. Verify within 10 minutes.
spam,SIM card will be blocked within 10 minutes. Update details at http://bank-alert.in
spam,Your ATM card blocked. Share OTP now.
spam,Your ATM card blocked. Share OTP immediately.
spam,Electricity bill pending of Rs 25000. Pay immediately at http://reward-claim.in
spam,Reward points worth Rs 5000 expiring today. Redeem at http://upi-check.in
ham,Your bank transaction of Rs 5000 is successful.
spam,RBI alert: Suspicious activity detected. Verify urgent.
spam,PAN not linked with Aadhaar. Update immediately.
spam,Income tax refund Rs 1000 approved. Claim today.
spam,PAN not linked with Aadhaar. Update immediately.
spam,Reward points worth Rs 500000 expiring within 10 minutes. Redeem at http://secure-update.in
ham,Meeting moved to 5 pm today. https://amazon.in
spam,RBI alert: Suspicious activity detected. Verify now.
ham,Movie plan at 6 pm?
ham,"Reached safely, call you later."
ham,Your bank transaction of Rs 25000 is successful.
spam,Parcel on hold. Update address immediately at http://bank-alert.in
spam,KYC incomplete for PNB. Submit documents now.
spam,Your ATM card blocked. Share OTP urgent.
spam,Your ATM card blocked. Share OTP within 10 minutes.
ham,See you in college tomorrow.
spam,Congratulations! You won Rs 500. Claim today.
spam,PAN not linked with Aadhaar. Update immediately.
ham,See you in college tomorrow.
spam,Income tax refund Rs 5000 approved. Claim now.
spam,Parcel on hold. Update address now at http://verify-kyc.in
spam,Congratulations! You won Rs 25000. Claim urgent.
ham,Call me when you reach home.
spam,Congratulations! You won Rs 10000. Claim within 10 minutes.
ham,"Send me 100 rs for the cab, I'll return later."
spam,Your UPI ID user@okaxis is suspended. Verify now.
ham,Meeting postponed to tomorrow 10 am.
spam,"Your account credited with Rs 25000. If not you, report immediately."
ham,Train arriving at 7 pm.
ham,Can you bring milk on the way back?
spam,Your ATM card blocked. Share OTP urgent.
spam,Parcel on hold. Update address immediately at http://verify-kyc.in
spam,Pre-approved loan of Rs 5000. Apply today.
spam,"Your account credited with Rs 1000. If not you, report today."
spam,Congratulations! You won Rs 25000. Claim immediately.
spam,Your ATM card blocked. Share OTP now.
spam,PAN not linked with Aadhaar. Update within 10 minutes.
spam,Pre-approved loan of Rs 2500000. Apply now.
spam,Electricity bill pending of Rs 25000. Pay today at http://bank-alert.in
ham,Let's go for dinner tonight.
spam,Pre-approved loan of Rs 500. Apply today.
spam,Income tax refund Rs 2500000 approved. Claim urgent.
spam,SIM card will be blocked within 10 minutes. Update details at http://secure-update.in
spam,SIM card will be blocked now. Update details at http://upi-check.in
spam,Reward points worth Rs 500 expiring today. Redeem at http://secure-update.in
spam,Your UPI ID amit@paytm is suspended. Verify today.
spam,Parcel on hold. Update address urgent at http://upi-check.in
ham,Recharge successful for Rs 2500000.
spam,Your ATM card blocked. Share OTP immediately.
ham,Please send the notes.
spam,Job offer confirmed. Pay registration fee Rs 10000 now.
spam,RBI alert: Suspicious activity detected. Verify immediately.
spam,SIM card will be blocked immediately. Update details at http://verify-kyc.in
ham,Recharge successful for Rs 25000.
spam,"Your account credited with Rs 500000. If not you, report within 10 minutes."
spam,Your UPI ID hitesh@upi is suspended. Verify now.
spam,Your UPI ID hitesh@upi is suspended. Verify today.
spam,PAN not linked with Aadhaar. Update within 10 minutes.
spam,Job offer confirmed. Pay registration fee Rs 500000 urgent.
spam,Your UPI ID user@okaxis is suspended. Verify today.
spam,Your ATM card blocked. Share OTP immediately.
spam,Electricity bill pending of Rs 10000. Pay urgent at http://reward-claim.in
spam,Job offer confirmed. Pay registration fee Rs 2500000 within 10 minutes.
spam,Congratulations! You won Rs 500. Claim urgent.
spam,Parcel on hold. Update address urgent at http://secure-update.in
ham,"Send me 100 rs for the cab, I'll return later. https://amazon.in"
spam,Reward points worth Rs 5000 expiring now. Redeem at http://reward-claim.in
spam,Reward points worth Rs 500 expiring within 10 minutes. Redeem at http://secure-update.in
spam,Your ATM card blocked. Share OTP urgent.
spam,Parcel on hold. Update address today at http://secure-update.in
spam,Income tax refund Rs 10000 approved. Claim urgent.
ham,Meeting postponed to tomorrow 10 am.
spam,PAN not linked with Aadhaar. Update today.
spam,Congratulations! You won Rs 500. Claim now.
spam,Your ATM card blocked. Share OTP today.
spam,Pre-approved loan of Rs 500000. Apply today.
spam,KYC incomplete for Axis Bank. Submit documents now.
spam,Your ATM card blocked. Share OTP within 10 minutes.
spam,PAN not linked with Aadhaar. Update urgent.
ham,Are you free today? https://drive.google.com/file
spam,PAN not linked with Aadhaar. Update now.
spam,Reward points worth Rs 2500000 expiring now. Redeem at http://upi-check.in
spam,Reward points worth Rs 2500000 expiring urgent. Redeem at http://verify-kyc.in
spam,Income tax refund Rs 1000 approved. Claim immediately.
spam,Congratulations! You won Rs 5000. Claim now.
ham,Did you check the document I shared?
spam,"Dear customer, your Bank of Baroda account will be blocked urgent. Update KYC at http://upi-check.in"
ham,Recharge successful for Rs 500.
spam,Parcel on hold. Update address urgent at http://bank-alert.in
ham,Call me when you reach home. https://drive.google.com/file
ham,Happy Birthday!
spam,Congratulations! You won Rs 25000. Claim within 10 minutes.
spam,KYC incomplete for HDFC. Submit documents today.
spam,SIM card will be blocked immediately. Update details at http://reward-claim.in
spam,Your UPI ID amit@paytm is suspended. Verify now.
spam,Your ATM card blocked. Share OTP immediately.
spam,Job offer confirmed. Pay registration fee Rs 1000 urgent.
ham,Happy Birthday!
spam,Congratulations! You won Rs 500. Claim urgent.
ham,Your bank transaction of Rs 5000 is successful.
ham,Your order from Amazon is delivered.
ham,Please send the notes.
spam,Your ATM card blocked. Share OTP within 10 minutes.
ham,See you in college tomorrow.
spam,PAN not linked with Aadhaar. Update immediately.
spam,SIM card will be blocked within 10 minutes. Update details at http://reward-claim.in
spam,PAN not linked with Aadhaar. Update now.
ham,Train arriving at 7 pm.
ham,Movie plan at 6 pm?
spam,Job offer confirmed. Pay registration fee Rs 1000 within 10 minutes.
spam,Job offer confirmed. Pay registration fee Rs 500 immediately.
spam,Electricity bill pending of Rs 10000. Pay today at http://secure-update.in
spam,Congratulations! You won Rs 500000. Claim within 10 minutes.
spam,Pre-approved loan of Rs 1000. Apply within 10 minutes.
spam,RBI alert: Suspicious activity detected. Verify immediately.
ham,Movie plan at 6 pm?
spam,SIM card will be blocked immediately. Update details at http://upi-check.in
spam,Electricity bill pending of Rs 500000. Pay now at http://reward-claim.in
spam,"Your account credited with Rs 2500000. If not you, report within 10 minutes."
ham,Your order from Amazon is delivered.
spam,Your ATM card blocked. Share OTP now.
ham,Your bank transaction of Rs 500 is successful.
spam,"Dear customer, your PNB account will be blocked today. Update KYC at http://upi-check.in"
ham,Your order from Amazon is delivered.
ham,Dinner at 8 pm?
spam,Your UPI ID hitesh@upi is suspended. Verify urgent.
spam,"Your account credited with Rs 2500000. If not you, report now."
ham,Recharge successful for Rs 5000.
ham,Dinner at 8 pm? https://drive.google.com/file
ham,Electricity bill payment of Rs 10000 received.
spam,RBI alert: Suspicious activity detected. Verify now.
spam,KYC incomplete for Axis Bank. Submit documents today.
ham,Let's go for dinner tonight.
ham,Let's meet tomorrow evening.
ham,Meeting postponed to tomorrow 10 am.
spam,Your UPI ID rahul@ybl is suspended. Verify today.
spam,Income tax refund Rs 2500000 approved. Claim within 10 minutes.
spam,Pre-approved loan of Rs 1000. Apply within 10 minutes.
spam,"Your account credited with Rs 2500000. If not you, report immediately."
ham,See you in college tomorrow.
spam,Reward points worth Rs 10000 expiring today. Redeem at http://verify-kyc.in
spam,Job offer confirmed. Pay registration fee Rs 500 today.
spam,"Dear customer, your SBI account will be blocked today. Update KYC at http://verify-kyc.in"
spam,Your ATM card blocked. Share OTP now.
spam,Electricity bill pending of Rs 500000. Pay immediately at http://verify-kyc.in
ham,Did you check the document I shared? https://amazon.in
ham,Your order from Amazon is delivered.
ham,Did you check the document I shared? https://meet.google.com/abc-defg-hij
spam,Your ATM card blocked. Share OTP urgent.
spam,Your ATM card blocked. Share OTP within 10 minutes.
spam,PAN not linked with Aadhaar. Update now.
spam,SIM card will be blocked now. Update details at http://bank-alert.in
ham,Let's go for dinner tonight.
spam,"Your account credited with Rs 25000. If not you, report urgent."
ham,Office meeting link shared on WhatsApp.
spam,Pre-approved loan of Rs 500000. Apply today.
spam,Congratulations! You won Rs 5000. Claim within 10 minutes.
spam,Job offer confirmed. Pay registration fee Rs 25000 now.
spam,Congratulations! You won Rs 1000. Claim urgent.
ham,"Send me 100 rs for the cab, I'll return later."
ham,Movie plan at 6 pm?
ham,Call me when you reach home. https://amazon.in
spam,Congratulations! You won Rs 500. Claim urgent.
ham,Office meeting link shared on WhatsApp.
spam,Pre-approved loan of Rs 10000. Apply today.
ham,See you in college tomorrow.
ham,Did you check the document I shared? https://amazon.in
ham,"Reached safely, call you later."
spam,"Your account credited with Rs 500. If not you, report now."
spam,Pre-approved loan of Rs 10000. Apply immediately.
spam,KYC incomplete for HDFC. Submit documents urgent.
ham,Meeting postponed to tomorrow 10 am.
spam,Congratulations! You won Rs 25000. Claim within 10 minutes.
ham,Movie plan at 6 pm?
spam,Your UPI ID hitesh@upi is suspended. Verify now.
ham,Did you check the document I shared? https://youtube.com
spam,PAN not linked with Aadhaar. Update within 10 minutes.
spam,Parcel on hold. Update address urgent at http://reward-claim.in
ham,I will reach home in 20 minutes.
spam,Congratulations! You won Rs 10000. Claim immediately.
spam,Reward points worth Rs 5000 expiring within 10 minutes. Redeem at http://secure-update.in
spam,KYC incomplete for ICICI. Submit documents urgent.
spam,Your ATM card blocked. Share OTP now.
spam,Parcel on hold. Update address within 10 minutes at http://bank-alert.in
spam,"Your account credited with Rs 500. If not you, report now."
spam,Your ATM card blocked. Share OTP today.
spam,PAN not linked with Aadhaar. Update within 10 minutes.
spam,SIM card will be blocked immediately. Update details at http://verify-kyc.in
ham,Movie plan at 6 pm?
spam,PAN not linked with Aadhaar. Update today.
ham,Happy Birthday!
spam,PAN not linked with Aadhaar. Update immediately.
spam,Electricity bill pending of Rs 2500000. Pay within 10 minutes at http://verify-kyc.in
ham,"Send me 100 rs for the cab, I'll return later. https://maps.google.com"
ham,Where are you right now? https://youtube.com
spam,Electricity bill pending of Rs 5000. Pay today at http://secure-update.in
ham,See you in college tomorrow.
spam,Job offer confirmed. Pay registration fee Rs 2500000 within 10 minutes.
ham,I will reach home in 20 minutes.
ham,Assignment deadline is Monday.
ham,Dinner at 8 pm?
ham,Please send the notes.
spam,Congratulations! You won Rs 500000. Claim urgent.
ham,Office meeting link shared on WhatsApp.
spam,Congratulations! You won Rs 5000. Claim now.
spam,SIM card will be blocked immediately. Update details at http://reward-claim.in
ham,Movie plan at 6 pm?
spam,Congratulations! You won Rs 500. Claim now.
spam,Pre-approved loan of Rs 5000. Apply immediately.
spam,KYC incomplete for ICICI. Submit documents now.
ham,Your order from Amazon is delivered.
ham,Are you free today? https://amazon.in
spam,Your ATM card blocked. Share OTP within 10 minutes.
ham,Did you check the document I shared?
spam,Pre-approved loan of Rs 2500000. Apply now.
ham,Recharge successful for Rs 10000.
ham,Let's go for dinner tonight.
spam,Your ATM card blocked. Share OTP urgent.
spam,PAN not linked with Aadhaar. Update within 10 minutes.
ham,Let's go for dinner tonight.
spam,"Your account credited with Rs 10000. If not you, report today."
spam,Your ATM card blocked. Share OTP today.
spam,RBI alert: Suspicious activity detected. Verify now.
spam,"Dear customer, your ICICI account will be blocked now. Update KYC at http://upi-check.in"
spam,Reward points worth Rs 2500000 expiring within 10 minutes. Redeem at http://secure-update.in
ham,"Reached safely, call you later."
spam,"Your account credited with Rs 25000. If not you, report urgent."
spam,Pre-approved loan of Rs 500000. Apply immediately.
ham,Train arriving at 7 pm.
spam,Income tax refund Rs 500 approved. Claim immediately.
ham,"Reached safely, call you later."
ham,"Reached safely, call you later."
spam,SIM card will be blocked urgent. Update details at http://upi-check.in
spam,Job offer confirmed. Pay registration fee Rs 10000 urgent.
spam,PAN not linked with Aadhaar. Update within 10 minutes.
spam,Your UPI ID amit@paytm is suspended. Verify within 10 minutes.
spam,Electricity bill pending of Rs 25000. Pay urgent at http://secure-update.in
spam,Congratulations! You won Rs 1000. Claim now.
spam,Pre-approved loan of Rs 2500000. Apply today.
spam,PAN not linked with Aadhaar. Update within 10 minutes.
spam,Parcel on hold. Update address urgent at http://secure-update.in
ham,Did you check the document I shared? https://amazon.in
spam,PAN not linked with Aadhaar. Update immediately.
spam,PAN not linked with Aadhaar. Update now.
spam,"Dear customer, your HDFC account will be blocked within 10 minutes. Update KYC at http://secure-update.in"
ham,Let's go for dinner tonight.
ham,Your order from Amazon is delivered.
spam,Your ATM card blocked. Share OTP within 10 minutes.
ham,Your order from Amazon is delivered.
ham,Meeting postponed to tomorrow 10 am.
ham,Meeting moved to 5 pm today. https://maps.google.com
spam,Job offer confirmed. Pay registration fee Rs 10000 immediately.
spam,KYC incomplete for Axis Bank. Submit documents within 10 minutes.
spam,Income tax refund Rs 1000 approved. Claim now.
spam,Electricity bill pending of Rs 10000. Pay now at http://upi-check.in
spam,KYC incomplete for Bank of Baroda. Submit documents within 10 minutes.
spam,"Dear customer, your SBI account will be blocked now. Update KYC at http://bank-alert.in"
ham,Movie plan at 6 pm?
ham,Train arriving at 7 pm.
ham,Office meeting link shared on WhatsApp.
ham,Electricity bill payment of Rs 1000 received.
spam,Your UPI ID user@okaxis is suspended. Verify urgent.
ham,Train arriving at 7 pm.
spam,Congratulations! You won Rs 2500000. Claim now.
ham,"Send me 100 rs for the cab, I'll return later. https://amazon.in"
spam,Your UPI ID amit@paytm is suspended. Verify today.
spam,Congratulations! You won Rs 10000. Claim today.
spam,RBI alert: Suspicious activity detected. Verify urgent.
spam,Reward points worth Rs 5000 expiring within 10 minutes. Redeem at http://reward-claim.in
spam,"Your account credited with Rs 500. If not you, report immediately."
ham,Please send the notes.
spam,Pre-approved loan of Rs 5000. Apply now.
ham,Movie plan at 6 pm?
ham,Where are you right now?
spam,Electricity bill pending of Rs 500000. Pay now at http://secure-update.in
spam,"Dear customer, your HDFC account will be blocked now. Update KYC at http://bank-alert.in"
ham,Your order from Amazon is delivered.
spam,Electricity bill pending of Rs 500000. Pay now at http://reward-claim.in
ham,Call me when you reach home. https://maps.google.com
spam,"Dear customer, your HDFC account will be blocked within 10 minutes. Update KYC at http://reward-claim.in"
spam,"Your account credited with Rs 500. If not you, report now."
ham,Happy Birthday!
spam,"Your account credited with Rs 500000. If not you, report urgent."
spam,Income tax refund Rs 500 approved. Claim within 10 minutes.
ham,Are you free today? https://amazon.in
spam,"Dear customer, your Bank of Baroda account will be blocked urgent. Update KYC at http://reward-claim.in"
ham,Did you check the document I shared?
spam,KYC incomplete for PNB. Submit documents now.
ham,Dinner at 8 pm?
ham,Meeting postponed to tomorrow 10 am.
spam,Pre-approved loan of Rs 500000. Apply now.
ham,Your bank transaction of Rs 500 is successful.
spam,"Your account credited with Rs 25000. If not you, report now."
ham,I will reach home in 20 minutes.
ham,Movie plan at 6 pm?
spam,Your ATM card blocked. Share OTP now.
spam,RBI alert: Suspicious activity detected. Verify urgent.
spam,Pre-approved loan of Rs 500000. Apply today.
spam,Reward points worth Rs 10000 expiring urgent. Redeem at http://upi-check.in
ham,I'm outside your house. https://amazon.in
spam,Congratulations! You won Rs 500000. Claim today.
ham,"Reached safely, call you later."
ham,Electricity bill payment of Rs 500000 received.
spam,Parcel on hold. Update address now at http://upi-check.in
spam,Electricity bill pending of Rs 2500000. Pay today at http://upi-check.in
spam,RBI alert: Suspicious activity detected. Verify within 10 minutes.
spam,Congratulations! You won Rs 2500000. Claim within 10 minutes.
spam,Job offer confirmed. Pay registration fee Rs 25000 immediately.
spam,Job offer confirmed. Pay registration fee Rs 5000 urgent.
ham,Let's go for dinner tonight.
spam,Electricity bill pending of Rs 1000. Pay immediately at http://verify-kyc.in
spam,Pre-approved loan of Rs 2500000. Apply today.
spam,Job offer confirmed. Pay registration fee Rs 500000 today.
ham,Meeting postponed to tomorrow 10 am.
ham,Meeting moved to 5 pm today. https://amazon.in
ham,Let's go for dinner tonight.
spam,Congratulations! You won Rs 5000. Claim within 10 minutes.
spam,Congratulations! You won Rs 500000. Claim urgent.
spam,KYC incomplete for SBI. Submit documents immediately.
ham,Your bank transaction of Rs 5000 is successful.
spam,Reward points worth Rs 2500000 expiring urgent. Redeem at http://verify-kyc.in
ham,Meeting postponed to tomorrow 10 am.
spam,"Dear customer, your ICICI account will be blocked urgent. Update KYC at http://bank-alert.in"
spam,"Dear customer, your ICICI account will be blocked today. Update KYC at http://verify-kyc.in"
spam,Your ATM card blocked. Share OTP now.
spam,"Your account credited with Rs 500. If not you, report urgent."
ham,"Reached safely, call you later."
spam,"Dear customer, your PNB account will be blocked within 10 minutes. Update KYC at http://reward-claim.in"
spam,Job offer confirmed. Pay registration fee Rs 2500000 within 10 minutes.
spam,SIM card will be blocked today. Update details at http://bank-alert.in
spam,Your ATM card blocked. Share OTP immediately.
spam,"Dear customer, your Axis Bank account will be blocked urgent. Update KYC at http://reward-claim.in"
spam,SIM card will be blocked within 10 minutes. Update details at http://verify-kyc.in
spam,SIM card will be blocked within 10 minutes. Update details at http://reward-claim.in
spam,Your ATM card blocked. Share OTP immediately.
spam,Congratulations! You won Rs 10000. Claim today.
spam,Income tax refund Rs 500 approved. Claim immediately.
spam,"Dear customer, your Bank of Baroda account will be blocked now. Update KYC at http://secure-update.in"
spam,Congratulations! You won Rs 10000. Claim now.
ham,See you in college tomorrow.
spam,Your ATM card blocked. Share OTP now.
spam,Your UPI ID hitesh@upi is suspended. Verify urgent.
spam,"Your account credited with Rs 10000. If not you, report now."
spam,Job offer confirmed. Pay registration fee Rs 10000 today.
ham,Meeting postponed to tomorrow 10 am.
ham,Happy Birthday!
spam,"Your account credited with Rs 500. If not you, report urgent."
spam,Electricity bill pending of Rs 5000. Pay urgent at http://verify-kyc.in
ham,Can you bring milk on the way back?
ham,I'm outside your house. https://drive.google.com/file
spam,Congratulations! You won Rs 500000. Claim urgent.
spam,PAN not linked with Aadhaar. Update within 10 minutes.
spam,Pre-approved loan of Rs 25000. Apply within 10 minutes.
ham,"Send me 100 rs for the cab, I'll return later. https://amazon.in"
ham,Happy Birthday!
spam,"Your account credited with Rs 25000. If not you, report urgent."
spam,RBI alert: Suspicious activity detected. Verify immediately.
spam,Income tax refund Rs 25000 approved. Claim urgent.
ham,Let's go for dinner tonight.
spam,"Your account credited with Rs 2500000. If not you, report immediately."
spam,"Your account credited with Rs 2500000. If not you, report today."
spam,PAN not linked with Aadhaar. Update today.
spam,Job offer confirmed. Pay registration fee Rs 10000 urgent.
spam,Your UPI ID rahul@ybl is suspended. Verify urgent.
ham,See you in college tomorrow.
spam,SIM card will be blocked today. Update details at http://reward-claim.in
spam,Congratulations! You won Rs 5000. Claim within 10 minutes.
spam,RBI alert: Suspicious activity detected. Verify today.
spam,RBI alert: Suspicious activity detected. Verify now.
ham,I will reach home in 20 minutes.
spam,"Your account credited with Rs 10000. If not you, report today."
spam,KYC incomplete for Bank of Baroda. Submit documents today.
spam,Your ATM card blocked. Share OTP now.
spam,"Dear customer, your Bank of Baroda account will be blocked urgent. Update KYC at http://reward-claim.in"
spam,KYC incomplete for SBI. Submit documents today.
ham,"Reached safely, call you later."
ham,See you in college tomorrow.
ham,I will reach home in 20 minutes.
spam,KYC incomplete for ICICI. Submit documents urgent.
spam,"Your account credited with Rs 500. If not you, report within 10 minutes."
spam,Pre-approved loan of Rs 2500000. Apply within 10 minutes.
ham,See you in college tomorrow.
spam,"Your account credited with Rs 500000. If not you, report now."
ham,"Reached safely, call you later."
spam,Income tax refund Rs 10000 approved. Claim now.
spam,Electricity bill pending of Rs 1000. Pay now at http://verify-kyc.in
spam,KYC incomplete for Bank of Baroda. Submit documents within 10 minutes.
spam,Income tax refund Rs 10000 approved. Claim now.
spam,KYC incomplete for Bank of Baroda. Submit documents within 10 minutes.
ham,Dinner at 8 pm?
spam,Your ATM card blocked. Share OTP within 10 minutes.
spam,Parcel on hold. Update address immediately at http://bank-alert.in
spam,RBI alert: Suspicious activity detected. Verify today.
spam,Job offer confirmed. Pay registration fee Rs 1000 urgent.
spam,Your ATM card blocked. Share OTP urgent.
spam,RBI alert: Suspicious activity detected. Verify urgent.
ham,Assignment deadline is Monday.
spam,Pre-approved loan of Rs 500. Apply now.
spam,PAN not linked with Aadhaar. Update now.
ham,See you in college tomorrow.
spam,Reward points worth Rs 10000 expiring now. Redeem at http://secure-update.in
spam,Parcel on hold. Update address urgent at http://secure-update.in
spam,Electricity bill pending of Rs 1000. Pay now at http://secure-update.in
spam,Pre-approved loan of Rs 2500000. Apply urgent.
spam,"Dear customer, your Bank of Baroda account will be blocked urgent. Update KYC at http://bank-alert.in"
spam,SIM card will be blocked now. Update details at http://verify-kyc.in
spam,"Your account credited with Rs 500000. If not you, report immediately."
spam,"Your account credited with Rs 10000. If not you, report today."
spam,"Your account credited with Rs 500. If not you, report urgent."
spam,Parcel on hold. Update address immediately at http://upi-check.in
ham,I will reach home in 20 minutes.
ham,Please send the notes.
ham,I will reach home in 20 minutes.
ham,Call me when you reach home.
ham,Let's go for dinner tonight.
spam,Pre-approved loan of Rs 1000. Apply within 10 minutes.
spam,Pre-approved loan of Rs 500000. Apply urgent.
ham,Let's meet tomorrow evening. https://maps.google.com
ham,Train arriving at 7 pm.
spam,Reward points worth Rs 2500000 expiring urgent. Redeem at http://bank-alert.in
spam,Parcel on hold. Update address urgent at http://secure-update.in
spam,KYC incomplete for ICICI. Submit documents within 10 minutes.
ham,Let's meet tomorrow evening. https://meet.google.com/abc-defg-hij
ham,Let's go for dinner tonight.
spam,Job offer confirmed. Pay registration fee Rs 500 now.
spam,Electricity bill pending of Rs 10000. Pay today at http://reward-claim.in
spam,Income tax refund Rs 500000 approved. Claim urgent.
spam,Job offer confirmed. Pay registration fee Rs 10000 within 10 minutes.
spam,Electricity bill pending of Rs 25000. Pay immediately at http://upi-check.in
spam,Income tax refund Rs 5000 approved. Claim immediately.
ham,I'm outside your house. https://maps.google.com
spam,Electricity bill pending of Rs 10000. Pay now at http://secure-update.in
spam,Your ATM card blocked. Share OTP today.
spam,Congratulations! You won Rs 2500000. Claim urgent.
spam,Parcel on hold. Update address immediately at http://reward-claim.in
spam,SIM card will be blocked now. Update details at http://reward-claim.in
ham,Meeting moved to 5 pm today. https://youtube.com
spam,Pre-approved loan of Rs 500000. Apply today.
spam,Job offer confirmed. Pay registration fee Rs 5000 now.
spam,Your UPI ID hitesh@upi is suspended. Verify within 10 minutes.
ham,"Send me 100 rs for the cab, I'll return later."
ham,Your bank transaction of Rs 1000 is successful.
spam,Congratulations! You won Rs 2500000. Claim immediately.
spam,Reward points worth Rs 500000 expiring immediately. Redeem at http://bank-alert.in
ham,"Reached safely, call you later."
ham,I will reach home in 20 minutes.
spam,Your UPI ID hitesh@upi is suspended. Verify now.
spam,Parcel on hold. Update address immediately at http://secure-update.in
spam,"Your account credited with Rs 25000. If not you, report today."
spam,Your ATM card blocked. Share OTP within 10 minutes.
ham,Please send the notes.
spam,RBI alert: Suspicious activity detected. Verify immediately.
spam,Your UPI ID user@okaxis is suspended. Verify urgent.
ham,Did you check the document I shared? https://meet.google.com/abc-defg-hij
spam,Congratulations! You won Rs 500000. Claim urgent.
ham,Did you check the document I shared?
spam,Electricity bill pending of Rs 10000. Pay now at http://verify-kyc.in
ham,Movie plan at 6 pm?
spam,Your UPI ID hitesh@upi is suspended. Verify now.
spam,RBI alert: Suspicious activity detected. Verify now.
spam,Income tax refund Rs 500000 approved. Claim urgent.
spam,Income tax refund Rs 2500000 approved. Claim urgent.
spam,Income tax refund Rs 500 approved. Claim immediately.
spam,Your ATM card blocked. Share OTP within 10 minutes.
spam,Your UPI ID hitesh@upi is suspended. Verify today.
spam,Your ATM card blocked. Share OTP within 10 minutes.
spam,Your UPI ID hitesh@upi is suspended. Verify immediately.
spam,"Dear customer, your Axis Bank account will be blocked now. Update KYC at http://secure-update.in"
spam,PAN not linked with Aadhaar. Update immediately.
spam,Pre-approved loan of Rs 5000. Apply immediately.
spam,Your UPI ID rahul@ybl is suspended. Verify within 10 minutes.
ham,Office meeting link shared on WhatsApp.
spam,RBI alert: Suspicious activity detected. Verify urgent.
ham,Your order from Amazon is delivered.
spam,"Your account credited with Rs 10000. If not you, report now."
ham,Meeting postponed to tomorrow 10 am.
ham,Meeting postponed to tomorrow 10 am.
spam,Reward points worth Rs 500 expiring now. Redeem at http://secure-update.in
spam,RBI alert: Suspicious activity detected. Verify today.
spam,KYC incomplete for Axis Bank. Submit documents urgent.
spam,SIM card will be blocked urgent. Update details at http://verify-kyc.in
spam,PAN not linked with Aadhaar. Update now.
spam,"Dear customer, your Bank of Baroda account will be blocked urgent. Update KYC at http://reward-claim.in"
spam,Reward points worth Rs 2500000 expiring immediately. Redeem at http://verify-kyc.in
spam,KYC incomplete for HDFC. Submit documents urgent.
spam,Pre-approved loan of Rs 1000. Apply immediately.
spam,KYC incomplete for ICICI. Submit documents today.
spam,Job offer confirmed. Pay registration fee Rs 500 immediately.
spam,Pre-approved loan of Rs 500000. Apply within 10 minutes.
ham,Train arriving at 7 pm.
spam,Parcel on hold. Update address within 10 minutes at http://upi-check.in
spam,PAN not linked with Aadhaar. Update urgent.
spam,KYC incomplete for Axis Bank. Submit documents within 10 minutes.
ham,"Reached safely, call you later."
spam,PAN not linked with Aadhaar. Update within 10 minutes.
ham,Can you bring milk on the way back? https://meet.google.com/abc-defg-hij
spam,Income tax refund Rs 500 approved. Claim immediately.
spam,SIM card will be blocked within 10 minutes. Update details at http://bank-alert.in
ham,Meeting postponed to tomorrow 10 am.
spam,Electricity bill pending of Rs 500000. Pay urgent at http://upi-check.in
spam,Electricity bill pending of Rs 2500000. Pay now at http://verify-kyc.in
spam,KYC incomplete for SBI. Submit documents immediately.
spam,Pre-approved loan of Rs 500. Apply urgent.
spam,Job offer confirmed. Pay registration fee Rs 10000 today.
spam,Electricity bill pending of Rs 2500000. Pay now at http://verify-kyc.in
spam,Your ATM card blocked. Share OTP now.
spam,Pre-approved loan of Rs 5000. Apply today.
spam,Job offer confirmed. Pay registration fee Rs 1000 within 10 minutes.
spam,Income tax refund Rs 5000 approved. Claim now.
spam,Electricity bill pending of Rs 5000. Pay immediately at http://secure-update.in
spam,Income tax refund Rs 500000 approved. Claim now.
spam,KYC incomplete for PNB. Submit documents urgent.
ham,Your bank transaction of Rs 1000 is successful.
spam,Congratulations! You won Rs 1000. Claim now.
spam,Pre-approved loan of Rs 500. Apply today.
spam,"Your account credited with Rs 1000. If not you, report immediately."
spam,SIM card will be blocked immediately. Update details at http://reward-claim.in
spam,Job offer confirmed. Pay registration fee Rs 500000 now.
ham,Your order from Amazon is delivered.
spam,"Your account credited with Rs 500. If not you, report today."
ham,Please send the notes.
spam,Pre-approved loan of Rs 2500000. Apply within 10 minutes.
spam,Electricity bill pending of Rs 500000. Pay immediately at http://reward-claim.in
ham,Happy Birthday!
spam,KYC incomplete for Bank of Baroda. Submit documents urgent.
ham,Are you free today? https://maps.google.com
ham,Train arriving at 7 pm.
spam,RBI alert: Suspicious activity detected. Verify within 10 minutes.
spam,Reward points worth Rs 500 expiring now. Redeem at http://upi-check.in
spam,Reward points worth Rs 500000 expiring urgent. Redeem at http://reward-claim.in
spam,"Dear customer, your HDFC account will be blocked now. Update KYC at http://verify-kyc.in"
spam,Parcel on hold. Update address within 10 minutes at http://reward-claim.in
ham,Your bank transaction of Rs 5000 is successful.
spam,Reward points worth Rs 10000 expiring urgent. Redeem at http://reward-claim.in
spam,Parcel on hold. Update address today at http://verify-kyc.in
spam,KYC incomplete for Axis Bank. Submit documents urgent.
ham,Dinner at 8 pm?
spam,Electricity bill pending of Rs 10000. Pay within 10 minutes at http://bank-alert.in
spam,Reward points worth Rs 500000 expiring today. Redeem at http://verify-kyc.in
spam,Electricity bill pending of Rs 2500000. Pay urgent at http://verify-kyc.in
ham,Your order from Amazon is delivered.
spam,PAN not linked with Aadhaar. Update urgent.
spam,"Dear customer, your ICICI account will be blocked immediately. Update KYC at http://verify-kyc.in"
spam,Pre-approved loan of Rs 500000. Apply within 10 minutes.
ham,I will reach home in 20 minutes.
spam,Your UPI ID hitesh@upi is suspended. Verify within 10 minutes.
ham,Where are you right now?
spam,KYC incomplete for SBI. Submit documents today.
spam,KYC incomplete for PNB. Submit documents immediately.
spam,"Your account credited with Rs 500. If not you, report immediately."
ham,Recharge successful for Rs 500000.
spam,SIM card will be blocked now. Update details at http://upi-check.in
spam,PAN not linked with Aadhaar. Update now.
spam,Electricity bill pending of Rs 5000. Pay urgent at http://reward-claim.in
ham,Please send the notes.
ham,Can you bring milk on the way back? https://youtube.com
spam,Your ATM card blocked. Share OTP today.
spam,Your ATM card blocked. Share OTP now.
spam,"Your account credited with Rs 500000. If not you, report today."
spam,Electricity bill pending of Rs 500. Pay within 10 minutes at http://verify-kyc.in
spam,Reward points worth Rs 5000 expiring today. Redeem at http://secure-update.in
spam,Job offer confirmed. Pay registration fee Rs 5000 today.
spam,PAN not linked with Aadhaar. Update within 10 minutes.
ham,Let's meet tomorrow evening.
spam,Job offer confirmed. Pay registration fee Rs 2500000 within 10 minutes.
spam,Pre-approved loan of Rs 500000. Apply immediately.
spam,RBI alert: Suspicious activity detected. Verify today.
ham,Call me when you reach home. https://amazon.in
spam,PAN not linked with Aadhaar. Update immediately.
ham,Office meeting link shared on WhatsApp.
spam,Job offer confirmed. Pay registration fee Rs 10000 now.
spam,Income tax refund Rs 10000 approved. Claim immediately.
spam,RBI alert: Suspicious activity detected. Verify urgent.
spam,Reward points worth Rs 10000 expiring now. Redeem at http://bank-alert.in
spam,Congratulations! You won Rs 10000. Claim urgent.
ham,I will reach home in 20 minutes.
spam,Income tax refund Rs 2500000 approved. Claim within 10 minutes.
ham,Are you free today? https://amazon.in
ham,Let's meet tomorrow evening. https://meet.google.com/abc-defg-hij
ham,Please send the notes.
spam,Parcel on hold. Update address today at http://verify-kyc.in
spam,Your UPI ID user@okaxis is suspended. Verify now.
ham,"Send me 100 rs for the cab, I'll return later."
spam,Parcel on hold. Update address within 10 minutes at http://bank-alert.in
spam,SIM card will be blocked urgent. Update details at http://upi-check.in
spam,Your UPI ID rahul@ybl is suspended. Verify today.
ham,Office meeting link shared on WhatsApp.
spam,Parcel on hold. Update address urgent at http://verify-kyc.in
spam,Parcel on hold. Update address urgent at http://bank-alert.in
spam,RBI alert: Suspicious activity detected. Verify immediately.
spam,Your ATM card blocked. Share OTP immediately.
spam,KYC incomplete for SBI. Submit documents within 10 minutes.
spam,PAN not linked with Aadhaar. Update urgent.
spam,SIM card will be blocked immediately. Update details at http://secure-update.in
ham,I will reach home in 20 minutes.
spam,SIM card will be blocked urgent. Update details at http://verify-kyc.in
ham,Let's meet tomorrow evening. https://amazon.in
spam,RBI alert: Suspicious activity detected. Verify today.
spam,KYC incomplete for PNB. Submit documents immediately.
spam,"Dear customer, your Bank of Baroda account will be blocked now. Update KYC at http://reward-claim.in"
spam,Congratulations! You won Rs 500. Claim within 10 minutes.
spam,Income tax refund Rs 10000 approved. Claim today.
spam,Income tax refund Rs 500 approved. Claim immediately.
ham,Meeting postponed to tomorrow 10 am.
spam,Reward points worth Rs 1000 expiring now. Redeem at http://upi-check.in
spam,Congratulations! You won Rs 500. Claim today.
spam,"Your account credited with Rs 1000. If not you, report now."
ham,"Reached safely, call you later."
ham,Call me when you reach home.
spam,Pre-approved loan of Rs 500. Apply immediately.
spam,"Dear customer, your Bank of Baroda account will be blocked urgent. Update KYC at http://bank-alert.in"
spam,Parcel on hold. Update address immediately at http://bank-alert.in
spam,KYC incomplete for PNB. Submit documents within 10 minutes.
spam,Pre-approved loan of Rs 500. Apply now.
ham,I will reach home in 20 minutes.
spam,"Your account credited with Rs 25000. If not you, report now."
spam,KYC incomplete for Bank of Baroda. Submit documents today.
spam,Congratulations! You won Rs 500. Claim within 10 minutes.
ham,Assignment deadline is Monday.
ham,Call me when you reach home. https://amazon.in
spam,Your ATM card blocked. Share OTP immediately.
ham,Office meeting link shared on WhatsApp.
spam,SIM card will be blocked immediately. Update details at http://reward-claim.in
ham,I will reach home in 20 minutes.
spam,"Dear customer, your ICICI account will be blocked within 10 minutes. Update KYC at http://upi-check.in"
ham,Electricity bill payment of Rs 500000 received.
ham,Assignment deadline is Monday.
spam,Electricity bill pending of Rs 25000. Pay within 10 minutes at http://bank-alert.in
ham,Your bank transaction of Rs 5000 is successful.
ham,Call me when you reach home. https://meet.google.com/abc-defg-hij
spam,Job offer confirmed. Pay registration fee Rs 25000 now.
spam,Job offer confirmed. Pay registration fee Rs 500 within 10 minutes.
spam,Your UPI ID hitesh@upi is suspended. Verify today.
spam,Income tax refund Rs 2500000 approved. Claim immediately.
spam,Pre-approved loan of Rs 500. Apply within 10 minutes.
spam,Your ATM card blocked. Share OTP now.
spam,KYC incomplete for ICICI. Submit documents today.
spam,RBI alert: Suspicious activity detected. Verify now.
spam,PAN not linked with Aadhaar. Update immediately.
spam,Your UPI ID amit@paytm is suspended. Verify immediately.
spam,SIM card will be blocked today. Update details at http://bank-alert.in
ham,"Reached safely, call you later."
ham,Dinner at 8 pm? https://youtube.com
spam,Electricity bill pending of Rs 25000. Pay within 10 minutes at http://upi-check.in
spam,Income tax refund Rs 500 approved. Claim immediately.
spam,"Dear customer, your PNB account will be blocked now. Update KYC at http://verify-kyc.in"
spam,RBI alert: Suspicious activity detected. Verify urgent.
spam,"Dear customer, your PNB account will be blocked urgent. Update KYC at http://secure-update.in"
spam,Congratulations! You won Rs 2500000. Claim urgent.
spam,Job offer confirmed. Pay registration fee Rs 500000 within 10 minutes.
spam,Electricity bill pending of Rs 2500000. Pay now at http://verify-kyc.in
spam,"Your account credited with Rs 500000. If not you, report urgent."
spam,Your ATM card blocked. Share OTP immediately.
spam,RBI alert: Suspicious activity detected. Verify urgent.
ham,Did you check the document I shared?
spam,PAN not linked with Aadhaar. Update now.
ham,Your bank transaction of Rs 500000 is successful.
spam,"Your account credited with Rs 5000. If not you, report urgent."
spam,Parcel on hold. Update address within 10 minutes at http://reward-claim.in
spam,SIM card will be blocked urgent. Update details at http://upi-check.in
spam,Your ATM card blocked. Share OTP now.
spam,"Dear customer, your PNB account will be blocked today. Update KYC at http://upi-check.in"
spam,"Your account credited with Rs 500000. If not you, report within 10 minutes."
spam,Your ATM card blocked. Share OTP urgent.
ham,I'm outside your house.
spam,Congratulations! You won Rs 500000. Claim now.
ham,Call me when you reach home. https://meet.google.com/abc-defg-hij
ham,Recharge successful for Rs 2500000.
ham,Office meeting link shared on WhatsApp.
spam,Electricity bill pending of Rs 25000. Pay urgent at http://upi-check.in
spam,Job offer confirmed. Pay registration fee Rs 2500000 within 10 minutes.
spam,Reward points worth Rs 25000 expiring within 10 minutes. Redeem at http://upi-check.in
spam,"Dear customer, your Axis Bank account will be blocked immediately. Update KYC at http://bank-alert.in"
spam,Job offer confirmed. Pay registration fee Rs 500 within 10 minutes.
spam,Congratulations! You won Rs 5000. Claim urgent.
ham,Electricity bill payment of Rs 500000 received.
ham,See you in college tomorrow.
ham,Let's go for dinner tonight.
spam,"Dear customer, your HDFC account will be blocked urgent. Update KYC at http://reward-claim.in"
spam,Your ATM card blocked. Share OTP within 10 minutes.
spam,Electricity bill pending of Rs 500000. Pay within 10 minutes at http://upi-check.in
ham,Meeting postponed to tomorrow 10 am.
ham,Meeting postponed to tomorrow 10 am.
spam,Job offer confirmed. Pay registration fee Rs 10000 within 10 minutes.
spam,Your UPI ID hitesh@upi is suspended. Verify within 10 minutes.
spam,Pre-approved loan of Rs 5000. Apply urgent.
spam,"Dear customer, your Axis Bank account will be blocked immediately. Update KYC at http://secure-update.in"
spam,Your UPI ID hitesh@upi is suspended. Verify immediately.
spam,Your ATM card blocked. Share OTP immediately.
spam,Job offer confirmed. Pay registration fee Rs 500 immediately.
ham,Let's go for dinner tonight.
spam,RBI alert: Suspicious activity detected. Verify immediately.
spam,"Your account credited with Rs 5000. If not you, report immediately."
spam,RBI alert: Suspicious activity detected. Verify within 10 minutes.
spam,"Your account credited with Rs 10000. If not you, report immediately."
spam,SIM card will be blocked within 10 minutes. Update details at http://bank-alert.in
spam,RBI alert: Suspicious activity detected. Verify urgent.
spam,PAN not linked with Aadhaar. Update immediately.
spam,Your UPI ID hitesh@upi is suspended. Verify today.
ham,Where are you right now?
spam,Pre-approved loan of Rs 25000. Apply now.
spam,Income tax refund Rs 1000 approved. Claim today.
ham,Movie plan at 6 pm?
spam,"Dear customer, your ICICI account will be blocked urgent. Update KYC at http://bank-alert.in"
spam,Parcel on hold. Update address now at http://verify-kyc.in
spam,"Your account credited with Rs 5000. If not you, report urgent."
spam,SIM card will be blocked immediately. Update details at http://reward-claim.in
ham,I will reach home in 20 minutes.
spam,SIM card will be blocked immediately. Update details at http://upi-check.in
spam,"Dear customer, your Bank of Baroda account will be blocked urgent. Update KYC at http://upi-check.in"
ham,Train arriving at 7 pm.
spam,KYC incomplete for ICICI. Submit documents within 10 minutes.
ham,Movie plan at 6 pm?
spam,Congratulations! You won Rs 500000. Claim immediately.
ham,Movie plan at 6 pm?
spam,Electricity bill pending of Rs 5000. Pay now at http://verify-kyc.in
spam,Electricity bill pending of Rs 2500000. Pay now at http://reward-claim.in
spam,"Your account credited with Rs 1000. If not you, report urgent."
spam,KYC incomplete for SBI. Submit documents now.
spam,PAN not linked with Aadhaar. Update urgent.
spam,Job offer confirmed. Pay registration fee Rs 500 immediately.
spam,KYC incomplete for HDFC. Submit documents within 10 minutes.
spam,PAN not linked with Aadhaar. Update within 10 minutes.
spam,PAN not linked with Aadhaar. Update within 10 minutes.
spam,PAN not linked with Aadhaar. Update urgent.
ham,"Reached safely, call you later."
ham,Dinner at 8 pm?
ham,Meeting postponed to tomorrow 10 am.
spam,Congratulations! You won Rs 1000. Claim urgent.
spam,Congratulations! You won Rs 1000. Claim within 10 minutes.
spam,Reward points worth Rs 2500000 expiring today. Redeem at http://reward-claim.in
ham,Let's go for dinner tonight.
spam,Congratulations! You won Rs 25000. Claim within 10 minutes.
ham,Call me when you reach home.
spam,SIM card will be blocked within 10 minutes. Update details at http://reward-claim.in
spam,RBI alert: Suspicious activity detected. Verify urgent.
spam,PAN not linked with Aadhaar. Update immediately.
spam,Congratulations! You won Rs 25000. Claim urgent.
ham,I will reach home in 20 minutes.
spam,"Your account credited with Rs 2500000. If not you, report within 10 minutes."
ham,Train arriving at 7 pm.
spam,SIM card will be blocked within 10 minutes. Update details at http://reward-claim.in
spam,Parcel on hold. Update address today at http://reward-claim.in
spam,SIM card will be blocked urgent. Update details at http://bank-alert.in
ham,See you in college tomorrow.
spam,Reward points worth Rs 10000 expiring urgent. Redeem at http://verify-kyc.in
spam,Income tax refund Rs 500000 approved. Claim within 10 minutes.
ham,I'm outside your house. https://meet.google.com/abc-defg-hij
ham,Your order from Amazon is delivered.
ham,Meeting postponed to tomorrow 10 am.
spam,KYC incomplete for HDFC. Submit documents immediately.
spam,Reward points worth Rs 5000 expiring now. Redeem at http://verify-kyc.in
spam,"Your account credited with Rs 10000. If not you, report today."
ham,Office meeting link shared on WhatsApp.
spam,Congratulations! You won Rs 5000. Claim urgent.
spam,Reward points worth Rs 500 expiring within 10 minutes. Redeem at http://secure-update.in
ham,See you in college tomorrow.
ham,Let's go for dinner tonight.
spam,"Your account credited with Rs 1000. If not you, report today."
ham,Meeting postponed to tomorrow 10 am.
spam,RBI alert: Suspicious activity detected. Verify immediately.
ham,See you in college tomorrow.
spam,"Your account credited with Rs 500000. If not you, report urgent."
spam,SIM card will be blocked now. Update details at http://upi-check.in
spam,Congratulations! You won Rs 500000. Claim today.
ham,Meeting postponed to tomorrow 10 am.
ham,Office meeting link shared on WhatsApp.
spam,KYC incomplete for ICICI. Submit documents immediately.
spam,"Dear customer, your PNB account will be blocked within 10 minutes. Update KYC at http://bank-alert.in"
spam,KYC incomplete for ICICI. Submit documents today.
ham,Your bank transaction of Rs 500 is successful.
ham,Movie plan at 6 pm?
ham,Meeting postponed to tomorrow 10 am.
spam,Your UPI ID user@okaxis is suspended. Verify within 10 minutes.
spam,Electricity bill pending of Rs 2500000. Pay within 10 minutes at http://reward-claim.in
spam,"Dear customer, your Bank of Baroda account will be blocked within 10 minutes. Update KYC at http://reward-claim.in"
spam,SIM card will be blocked within 10 minutes. Update details at http://secure-update.in
spam,SIM card will be blocked urgent. Update details at http://reward-claim.in
ham,Your bank transaction of Rs 500000 is successful.
spam,Parcel on hold. Update address now at http://bank-alert.in
spam,PAN not linked with Aadhaar. Update immediately.
ham,Meeting postponed to tomorrow 10 am.
spam,RBI alert: Suspicious activity detected. Verify today.
spam,Income tax refund Rs 500 approved. Claim now.
spam,Parcel on hold. Update address within 10 minutes at http://verify-kyc.in
ham,I will reach home in 20 minutes.
spam,Reward points worth Rs 500000 expiring today. Redeem at http://verify-kyc.in
spam,Job offer confirmed. Pay registration fee Rs 5000 today.
ham,"Reached safely, call you later."
ham,Let's meet tomorrow evening. https://meet.google.com/abc-defg-hij
spam,Your ATM card blocked. Share OTP today.
spam,Your ATM card blocked. Share OTP today.
spam,Congratulations! You won Rs 1000. Claim today.
spam,RBI alert: Suspicious activity detected. Verify within 10 minutes.
spam,SIM card will be blocked urgent. Update details at http://verify-kyc.in
ham,Assignment deadline is Monday.
spam,Income tax refund Rs 10000 approved. Claim now.
spam,Parcel on hold. Update address today at http://secure-update.in
spam,KYC incomplete for HDFC. Submit documents immediately.
ham,Please send the notes.
spam,Pre-approved loan of Rs 2500000. Apply today.
spam,Pre-approved loan of Rs 1000. Apply urgent.
ham,Recharge successful for Rs 500000.
ham,Assignment deadline is Monday.
spam,"Dear customer, your PNB account will be blocked today. Update KYC at http://secure-update.in"
spam,RBI alert: Suspicious activity detected. Verify within 10 minutes.
ham,Recharge successful for Rs 1000.
ham,See you in college tomorrow.
ham,Let's go for dinner tonight.
spam,Congratulations! You won Rs 25000. Claim now.
spam,Job offer confirmed. Pay registration fee Rs 1000 urgent.
ham,Meeting moved to 5 pm today. https://drive.google.com/file
spam,Income tax refund Rs 5000 approved. Claim within 10 minutes.
ham,Call me when you reach home. https://maps.google.com
spam,"Dear customer, your Bank of Baroda account will be blocked immediately. Update KYC at http://upi-check.in"
spam,Income tax refund Rs 25000 approved. Claim today.
spam,Your UPI ID amit@paytm is suspended. Verify immediately.
spam,Job offer confirmed. Pay registration fee Rs 1000 within 10 minutes.
spam,Congratulations! You won Rs 25000. Claim now.
spam,Job offer confirmed. Pay registration fee Rs 500 today.
spam,Job offer confirmed. Pay registration fee Rs 500000 immediately.
spam,Job offer confirmed. Pay registration fee Rs 500 immediately.
spam,"Your account credited with Rs 500. If not you, report today."
ham,Please send the notes.
spam,Reward points worth Rs 500000 expiring now. Redeem at http://reward-claim.in
spam,Income tax refund Rs 500 approved. Claim urgent.
spam,Congratulations! You won Rs 500000. Claim now.
spam,Your UPI ID user@okaxis is suspended. Verify immediately.
spam,SIM card will be blocked today. Update details at http://bank-alert.in
ham,See you in college tomorrow.
spam,PAN not linked with Aadhaar. Update now.
spam,Reward points worth Rs 500 expiring now. Redeem at http://secure-update.in
spam,Parcel on hold. Update address within 10 minutes at http://secure-update.in
spam,PAN not linked with Aadhaar. Update urgent.
spam,Your ATM card blocked. Share OTP within 10 minutes.
ham,Electricity bill payment of Rs 25000 received.
ham,Your order from Amazon is delivered.
spam,Pre-approved loan of Rs 1000. Apply today.
ham,Electricity bill payment of Rs 25000 received.
spam,"Your account credited with Rs 5000. If not you, report today."
spam,SIM card will be blocked now. Update details at http://upi-check.in
spam,Pre-approved loan of Rs 10000. Apply today.
spam,Income tax refund Rs 1000 approved. Claim within 10 minutes.
ham,Your order from Amazon is delivered.
ham,Movie plan at 6 pm?
spam,Job offer confirmed. Pay registration fee Rs 2500000 now.
spam,Income tax refund Rs 5000 approved. Claim today.
spam,Income tax refund Rs 25000 approved. Claim immediately.
spam,KYC incomplete for ICICI. Submit documents within 10 minutes.
spam,SIM card will be blocked within 10 minutes. Update details at http://reward-claim.in
spam,Congratulations! You won Rs 1000. Claim today.
ham,Recharge successful for Rs 500.
spam,Reward points worth Rs 10000 expiring within 10 minutes. Redeem at http://reward-claim.in
ham,Can you bring milk on the way back?
spam,"Your account credited with Rs 10000. If not you, report within 10 minutes."
spam,"Dear customer, your HDFC account will be blocked today. Update KYC at http://verify-kyc.in"
ham,Train arriving at 7 pm.
ham,Happy Birthday!
ham,Where are you right now? https://maps.google.com
ham,Dinner at 8 pm? https://meet.google.com/abc-defg-hij
spam,"Dear customer, your PNB account will be blocked within 10 minutes. Update KYC at http://upi-check.in"
spam,SIM card will be blocked immediately. Update details at http://secure-update.in
spam,Parcel on hold. Update address now at http://reward-claim.in
ham,Meeting postponed to tomorrow 10 am.
spam,Reward points worth Rs 25000 expiring today. Redeem at http://verify-kyc.in
ham,Let's go for dinner tonight.
spam,Parcel on hold. Update address immediately at http://verify-kyc.in
spam,RBI alert: Suspicious activity detected. Verify today.
spam,Electricity bill pending of Rs 500000. Pay urgent at http://upi-check.in
spam,RBI alert: Suspicious activity detected. Verify within 10 minutes.
ham,Are you free today? https://amazon.in
spam,PAN not linked with Aadhaar. Update immediately.
spam,Congratulations! You won Rs 2500000. Claim immediately.
ham,Train arriving at 7 pm.
spam,Electricity bill pending of Rs 500. Pay within 10 minutes at http://bank-alert.in
spam,Pre-approved loan of Rs 5000. Apply now.
spam,Your UPI ID rahul@ybl is suspended. Verify urgent.
ham,Dinner at 8 pm? https://maps.google.com
spam,KYC incomplete for ICICI. Submit documents now.
ham,Movie plan at 6 pm?
spam,Electricity bill pending of Rs 10000. Pay today at http://secure-update.in
ham,Please send the notes.
ham,"Reached safely, call you later."
spam,"Your account credited with Rs 2500000. If not you, report immediately."
spam,Parcel on hold. Update address immediately at http://bank-alert.in
spam,Congratulations! You won Rs 25000. Claim immediately.
spam,Parcel on hold. Update address immediately at http://bank-alert.in
ham,Train arriving at 7 pm.
spam,Your ATM card blocked. Share OTP immediately.
spam,RBI alert: Suspicious activity detected. Verify today.
spam,Income tax refund Rs 500 approved. Claim immediately.
spam,SIM card will be blocked now. Update details at http://bank-alert.in
ham,Call me when you reach home. https://meet.google.com/abc-defg-hij
spam,Electricity bill pending of Rs 500000. Pay within 10 minutes at http://verify-kyc.in
ham,Can you bring milk on the way back?
spam,Electricity bill pending of Rs 5000. Pay today at http://secure-update.in
ham,I'm outside your house. https://maps.google.com
spam,Electricity bill pending of Rs 2500000. Pay today at http://verify-kyc.in
ham,Please send the notes.
ham,"Send me 100 rs for the cab, I'll return later."
spam,Your UPI ID hitesh@upi is suspended. Verify immediately.
spam,Electricity bill pending of Rs 10000. Pay within 10 minutes at http://secure-update.in
spam,Electricity bill pending of Rs 500. Pay now at http://secure-update.in
spam,RBI alert: Suspicious activity detected. Verify urgent.
spam,"Your account credited with Rs 10000. If not you, report immediately."
spam,Your UPI ID amit@paytm is suspended. Verify within 10 minutes.
ham,Office meeting link shared on WhatsApp.
ham,Electricity bill payment of Rs 500 received.
spam,"Your account credited with Rs 2500000. If not you, report today."
ham,Electricity bill payment of Rs 500000 received.
ham,Movie plan at 6 pm?
spam,Congratulations! You won Rs 5000. Claim today.
spam,Congratulations! You won Rs 500000. Claim within 10 minutes.
ham,I will reach home in 20 minutes.
ham,I will reach home in 20 minutes.
spam,Your UPI ID user@okaxis is suspended. Verify within 10 minutes.
spam,"Dear customer, your HDFC account will be blocked within 10 minutes. Update KYC at http://reward-claim.in"
spam,"Dear customer, your SBI account will be blocked today. Update KYC at http://verify-kyc.in"
spam,Pre-approved loan of Rs 500. Apply now.
spam,Pre-approved loan of Rs 10000. Apply urgent.
spam,Pre-approved loan of Rs 500. Apply urgent.
ham,I will reach home in 20 minutes.
spam,"Your account credited with Rs 25000. If not you, report within 10 minutes."
spam,Parcel on hold. Update address now at http://verify-kyc.in
spam,Job offer confirmed. Pay registration fee Rs 5000 today.
spam,"Your account credited with Rs 1000. If not you, report today."
spam,Congratulations! You won Rs 5000. Claim within 10 minutes.
spam,KYC incomplete for Bank of Baroda. Submit documents now.
spam,Pre-approved loan of Rs 2500000. Apply within 10 minutes.
spam,Your ATM card blocked. Share OTP urgent.
spam,SIM card will be blocked immediately. Update details at http://bank-alert.in
spam,Parcel on hold. Update address now at http://secure-update.in
spam,"Your account credited with Rs 1000. If not you, report immediately."
ham,I will reach home in 20 minutes.
ham,Please send the notes.
spam,Parcel on hold. Update address now at http://reward-claim.in
ham,"Reached safely, call you later."
ham,Are you free today? https://meet.google.com/abc-defg-hij
spam,"Dear customer, your SBI account will be blocked immediately. Update KYC at http://bank-alert.in"
spam,PAN not linked with Aadhaar. Update within 10 minutes.
ham,I will reach home in 20 minutes.
spam,Your UPI ID amit@paytm is suspended. Verify immediately.
spam,"Dear customer, your PNB account will be blocked immediately. Update KYC at http://bank-alert.in"
spam,Parcel on hold. Update address urgent at http://verify-kyc.in
ham,Your bank transaction of Rs 10000 is successful.
ham,"Reached safely, call you later."
spam,Reward points worth Rs 10000 expiring immediately. Redeem at http://reward-claim.in
spam,KYC incomplete for Axis Bank. Submit documents within 10 minutes.
ham,"Send me 100 rs for the cab, I'll return later."
spam,Congratulations! You won Rs 10000. Claim urgent.
ham,Office meeting link shared on WhatsApp.
spam,KYC incomplete for SBI. Submit documents immediately.
spam,SIM card will be blocked today. Update details at http://secure-update.in
spam,Electricity bill pending of Rs 500. Pay now at http://secure-update.in
spam,Reward points worth Rs 25000 expiring now. Redeem at http://reward-claim.in
ham,Your bank transaction of Rs 1000 is successful.
spam,KYC incomplete for SBI. Submit documents immediately.
spam,Reward points worth Rs 500 expiring now. Redeem at http://secure-update.in
spam,Your UPI ID rahul@ybl is suspended. Verify urgent.
ham,Movie plan at 6 pm?
spam,KYC incomplete for Bank of Baroda. Submit documents immediately.
spam,Your ATM card blocked. Share OTP within 10 minutes.
spam,Income tax refund Rs 500000 approved. Claim urgent.
spam,Job offer confirmed. Pay registration fee Rs 2500000 now.
spam,Pre-approved loan of Rs 1000. Apply now.
spam,Income tax refund Rs 1000 approved. Claim immediately.
spam,RBI alert: Suspicious activity detected. Verify today.
spam,Reward points worth Rs 5000 expiring now. Redeem at http://secure-update.in
spam,Electricity bill pending of Rs 5000. Pay within 10 minutes at http://secure-update.in
spam,Income tax refund Rs 5000 approved. Claim immediately.
ham,Are you free today? https://meet.google.com/abc-defg-hij
spam,Your ATM card blocked. Share OTP within 10 minutes.
ham,Happy Birthday!
spam,Pre-approved loan of Rs 2500000. Apply immediately.
spam,Your ATM card blocked. Share OTP immediately.
ham,Train arriving at 7 pm.
ham,Electricity bill payment of Rs 2500000 received.
spam,Reward points worth Rs 5000 expiring immediately. Redeem at http://reward-claim.in
spam,PAN not linked with Aadhaar. Update urgent.
ham,Your bank transaction of Rs 2500000 is successful.
spam,SIM card will be blocked urgent. Update details at http://secure-update.in
spam,KYC incomplete for Axis Bank. Submit documents today.
spam,Job offer confirmed. Pay registration fee Rs 1000 urgent.
spam,Parcel on hold. Update address today at http://reward-claim.in
ham,Please send the notes.
spam,SIM card will be blocked urgent. Update details at http://reward-claim.in
spam,Your UPI ID hitesh@upi is suspended. Verify today.
spam,SIM card will be blocked now. Update details at http://reward-claim.in
spam,KYC incomplete for Axis Bank. Submit documents within 10 minutes.
spam,Congratulations! You won Rs 10000. Claim immediately.
ham,Please send the notes.
spam,Electricity bill pending of Rs 5000. Pay within 10 minutes at http://bank-alert.in
ham,Your order from Amazon is delivered.
spam,PAN not linked with Aadhaar. Update urgent.
spam,Income tax refund Rs 5000 approved. Claim today.
spam,Income tax refund Rs 10000 approved. Claim immediately.
spam,KYC incomplete for ICICI. Submit documents urgent.
ham,Your bank transaction of Rs 25000 is successful.
ham,Please send the notes.
spam,"Dear customer, your SBI account will be blocked within 10 minutes. Update KYC at http://upi-check.in"
spam,Reward points worth Rs 2500000 expiring today. Redeem at http://verify-kyc.in
spam,Parcel on hold. Update address today at http://reward-claim.in
ham,Recharge successful for Rs 10000.
spam,Congratulations! You won Rs 500000. Claim today.
spam,Reward points worth Rs 2500000 expiring immediately. Redeem at http://verify-kyc.in
spam,Parcel on hold. Update address now at http://upi-check.in
ham,Let's meet tomorrow evening.
spam,Electricity bill pending of Rs 500000. Pay urgent at http://verify-kyc.in
spam,Your ATM card blocked. Share OTP within 10 minutes.
spam,Parcel on hold. Update address now at http://reward-claim.in
ham,Assignment deadline is Monday.
spam,Your UPI ID amit@paytm is suspended. Verify urgent.
ham,Electricity bill payment of Rs 5000 received.
spam,SIM card will be blocked immediately. Update details at http://secure-update.in
spam,KYC incomplete for Bank of Baroda. Submit documents today.
spam,"Dear customer, your SBI account will be blocked within 10 minutes. Update KYC at http://upi-check.in"
ham,Office meeting link shared on WhatsApp.
ham,Your bank transaction of Rs 1000 is successful.
ham,Recharge successful for Rs 25000.
spam,PAN not linked with Aadhaar. Update today.
spam,Your UPI ID user@okaxis is suspended. Verify today.
ham,Your order from Amazon is delivered.
spam,Congratulations! You won Rs 2500000. Claim urgent.
ham,Train arriving at 7 pm.
spam,SIM card will be blocked now. Update details at http://bank-alert.in
spam,SIM card will be blocked immediately. Update details at http://reward-claim.in
spam,Electricity bill pending of Rs 10000. Pay urgent at http://upi-check.in
ham,Your order from Amazon is delivered.
ham,Happy Birthday!
spam,Pre-approved loan of Rs 500. Apply immediately.
spam,Your ATM card blocked. Share OTP immediately.
ham,Let's go for dinner tonight.
ham,I will reach home in 20 minutes.
spam,"Dear customer, your PNB account will be blocked immediately. Update KYC at http://upi-check.in"
spam,Pre-approved loan of Rs 2500000. Apply now.
spam,"Your account credited with Rs 500000. If not you, report within 10 minutes."
spam,SIM card will be blocked within 10 minutes. Update details at http://reward-claim.in
spam,PAN not linked with Aadhaar. Update immediately.
spam,Parcel on hold. Update address immediately at http://secure-update.in
spam,KYC incomplete for ICICI. Submit documents today.
spam,Reward points worth Rs 500000 expiring today. Redeem at http://bank-alert.in
spam,Pre-approved loan of Rs 500. Apply today.
spam,Income tax refund Rs 10000 approved. Claim today.
spam,"Dear customer, your ICICI account will be blocked urgent. Update KYC at http://secure-update.in"
ham,Can you bring milk on the way back?
spam,Job offer confirmed. Pay registration fee Rs 25000 now.
spam,Job offer confirmed. Pay registration fee Rs 5000 within 10 minutes.
spam,Your ATM card blocked. Share OTP within 10 minutes.
spam,SIM card will be blocked urgent. Update details at http://upi-check.in
spam,SIM card will be blocked immediately. Update details at http://reward-claim.in
spam,Your UPI ID hitesh@upi is suspended. Verify today.
spam,Parcel on hold. Update address within 10 minutes at http://reward-claim.in
spam,PAN not linked with Aadhaar. Update within 10 minutes.
ham,Let's meet tomorrow evening. https://youtube.com
spam,Your ATM card blocked. Share OTP immediately.
spam,SIM card will be blocked immediately. Update details at http://secure-update.in
ham,Can you bring milk on the way back?
spam,KYC incomplete for SBI. Submit documents immediately.
ham,Did you check the document I shared?
spam,SIM card will be blocked within 10 minutes. Update details at http://upi-check.in
spam,Your UPI ID hitesh@upi is suspended. Verify today.
spam,RBI alert: Suspicious activity detected. Verify within 10 minutes.
ham,Happy Birthday!
spam,Your ATM card blocked. Share OTP today.
spam,"Dear customer, your PNB account will be blocked today. Update KYC at http://reward-claim.in"
spam,Your UPI ID rahul@ybl is suspended. Verify urgent.
ham,Let's go for dinner tonight.
spam,Parcel on hold. Update address now at http://bank-alert.in
spam,Parcel on hold. Update address urgent at http://secure-update.in
spam,Reward points worth Rs 1000 expiring now. Redeem at http://reward-claim.in
spam,"Dear customer, your SBI account will be blocked within 10 minutes. Update KYC at http://secure-update.in"
spam,Parcel on hold. Update address now at http://reward-claim.in
spam,SIM card will be blocked today. Update details at http://bank-alert.in
ham,Office meeting link shared on WhatsApp.
ham,Let's meet tomorrow evening.
ham,Please send the notes.
ham,Meeting postponed to tomorrow 10 am.
spam,Congratulations! You won Rs 25000. Claim now.
spam,"Your account credited with Rs 2500000. If not you, report within 10 minutes."
spam,"Your account credited with Rs 10000. If not you, report within 10 minutes."
ham,Office meeting link shared on WhatsApp.
spam,Job offer confirmed. Pay registration fee Rs 500 now.
spam,KYC incomplete for Bank of Baroda. Submit documents today.
spam,Your ATM card blocked. Share OTP now.
ham,Movie plan at 6 pm?
spam,RBI alert: Suspicious activity detected. Verify immediately.
spam,Electricity bill pending of Rs 2500000. Pay now at http://bank-alert.in
spam,Your UPI ID rahul@ybl is suspended. Verify within 10 minutes.
spam,SIM card will be blocked immediately. Update details at http://verify-kyc.in
spam,Electricity bill pending of Rs 1000. Pay urgent at http://secure-update.in
spam,Congratulations! You won Rs 5000. Claim now.
spam,Pre-approved loan of Rs 500000. Apply immediately.
spam,Your ATM card blocked. Share OTP now.
ham,Electricity bill payment of Rs 10000 received.
spam,SIM card will be blocked today. Update details at http://verify-kyc.in
spam,Income tax refund Rs 5000 approved. Claim today.
ham,I will reach home in 20 minutes.
spam,Income tax refund Rs 2500000 approved. Claim urgent.
spam,Reward points worth Rs 1000 expiring today. Redeem at http://secure-update.in
spam,PAN not linked with Aadhaar. Update today.
spam,Job offer confirmed. Pay registration fee Rs 1000 today.
ham,Please send the notes.
spam,Income tax refund Rs 25000 approved. Claim urgent.
spam,Parcel on hold. Update address within 10 minutes at http://reward-claim.in
ham,I'm outside your house. https://amazon.in
spam,PAN not linked with Aadhaar. Update immediately.
spam,PAN not linked with Aadhaar. Update immediately.
spam,Pre-approved loan of Rs 10000. Apply immediately.
ham,Let's go for dinner tonight.
spam,Your ATM card blocked. Share OTP today.
spam,Job offer confirmed. Pay registration fee Rs 5000 today.
spam,Parcel on hold. Update address now at http://upi-check.in
spam,Parcel on hold. Update address immediately at http://bank-alert.in
ham,Let's go for dinner tonight.
ham,See you in college tomorrow.
ham,Movie plan at 6 pm?
ham,"Send me 100 rs for the cab, I'll return later. https://maps.google.com"
spam,SIM card will be blocked within 10 minutes. Update details at http://reward-claim.in
ham,See you in college tomorrow.
ham,Train arriving at 7 pm.
ham,Assignment deadline is Monday.
spam,Congratulations! You won Rs 500000. Claim today.
ham,Call me when you reach home.
ham,Train arriving at 7 pm.
spam,Your ATM card blocked. Share OTP now.
spam,Income tax refund Rs 500000 approved. Claim within 10 minutes.
spam,Income tax refund Rs 500000 approved. Claim immediately.
spam,Job offer confirmed. Pay registration fee Rs 500 urgent.
ham,Let's go for dinner tonight.
spam,KYC incomplete for ICICI. Submit documents within 10 minutes.
spam,Pre-approved loan of Rs 10000. Apply immediately.
spam,"Dear customer, your Axis Bank account will be blocked now. Update KYC at http://secure-update.in"
spam,Congratulations! You won Rs 25000. Claim now.
spam,Reward points worth Rs 10000 expiring within 10 minutes. Redeem at http://verify-kyc.in
ham,Let's go for dinner tonight.
ham,See you in college tomorrow.
ham,Let's go for dinner tonight.
spam,Your ATM card blocked. Share OTP urgent.
spam,"Dear customer, your ICICI account will be blocked within 10 minutes. Update KYC at http://verify-kyc.in"
spam,SIM card will be blocked urgent. Update details at http://reward-claim.in
spam,RBI alert: Suspicious activity detected. Verify now.
ham,I'm outside your house.
spam,Job offer confirmed. Pay registration fee Rs 2500000 today.
spam,Income tax refund Rs 1000 approved. Claim within 10 minutes.
ham,See you in college tomorrow.
spam,SIM card will be blocked immediately. Update details at http://secure-update.in
spam,Your UPI ID hitesh@upi is suspended. Verify urgent.
spam,Reward points worth Rs 500 expiring now. Redeem at http://bank-alert.in
ham,I will reach home in 20 minutes.
spam,Parcel on hold. Update address today at http://secure-update.in
spam,Your UPI ID rahul@ybl is suspended. Verify immediately.
spam,KYC incomplete for ICICI. Submit documents now.
spam,SIM card will be blocked today. Update details at http://bank-alert.in
spam,Your UPI ID amit@paytm is suspended. Verify today.
spam,RBI alert: Suspicious activity detected. Verify immediately.
spam,Job offer confirmed. Pay registration fee Rs 25000 now.
ham,Call me when you reach home. https://youtube.com
spam,Parcel on hold. Update address today at http://secure-update.in
ham,Please send the notes.
spam,Your ATM card blocked. Share OTP urgent.
ham,Meeting moved to 5 pm today. https://youtube.com
spam,"Dear customer, your SBI account will be blocked today. Update KYC at http://reward-claim.in"
spam,"Your account credited with Rs 2500000. If not you, report immediately."
spam,Income tax refund Rs 5000 approved. Claim now.
spam,Congratulations! You won Rs 25000. Claim today.
spam,PAN not linked with Aadhaar. Update within 10 minutes.
spam,"Your account credited with Rs 25000. If not you, report now."
spam,"Your account credited with Rs 10000. If not you, report within 10 minutes."
spam,Income tax refund Rs 10000 approved. Claim urgent.
ham,"Reached safely, call you later."
ham,I will reach home in 20 minutes.
spam,Job offer confirmed. Pay registration fee Rs 25000 within 10 minutes.
spam,Job offer confirmed. Pay registration fee Rs 2500000 immediately.
spam,"Dear customer, your Axis Bank account will be blocked immediately. Update KYC at http://secure-update.in"
spam,PAN not linked with Aadhaar. Update today.
ham,Meeting moved to 5 pm today.
ham,Are you free today? https://meet.google.com/abc-defg-hij
ham,Happy Birthday!
spam,KYC incomplete for Axis Bank. Submit documents today.
spam,Your UPI ID user@okaxis is suspended. Verify immediately.
spam,PAN not linked with Aadhaar. Update within 10 minutes.
spam,Job offer confirmed. Pay registration fee Rs 10000 within 10 minutes.
ham,Assignment deadline is Monday.
ham,See you in college tomorrow.
spam,Income tax refund Rs 25000 approved. Claim immediately.
spam,Job offer confirmed. Pay registration fee Rs 25000 urgent.
spam,Pre-approved loan of Rs 10000. Apply now.
spam,Income tax refund Rs 500 approved. Claim within 10 minutes.
spam,Pre-approved loan of Rs 25000. Apply today.
spam,"Dear customer, your Bank of Baroda account will be blocked within 10 minutes. Update KYC at http://bank-alert.in"
spam,Congratulations! You won Rs 500. Claim today.
ham,See you in college tomorrow.
spam,Income tax refund Rs 500000 approved. Claim immediately.
spam,RBI alert: Suspicious activity detected. Verify immediately.
spam,"Your account credited with Rs 25000. If not you, report within 10 minutes."
ham,Electricity bill payment of Rs 25000 received.
spam,Electricity bill pending of Rs 5000. Pay within 10 minutes at http://verify-kyc.in
ham,See you in college tomorrow.
spam,"Dear customer, your Axis Bank account will be blocked today. Update KYC at http://secure-update.in"
ham,"Reached safely, call you later."
spam,KYC incomplete for Bank of Baroda. Submit documents today.
spam,Reward points worth Rs 1000 expiring within 10 minutes. Redeem at http://secure-update.in
spam,SIM card will be blocked today. Update details at http://reward-claim.in
spam,Electricity bill pending of Rs 2500000. Pay urgent at http://bank-alert.in
ham,"Reached safely, call you later."
ham,Did you check the document I shared? https://youtube.com
spam,RBI alert: Suspicious activity detected. Verify now.
spam,Your ATM card blocked. Share OTP immediately.
ham,I will reach home in 20 minutes.
spam,KYC incomplete for Axis Bank. Submit documents immediately.
ham,Meeting postponed to tomorrow 10 am.
spam,Congratulations! You won Rs 500000. Claim immediately.
ham,Electricity bill payment of Rs 25000 received.
spam,Your UPI ID rahul@ybl is suspended. Verify now.
spam,"Dear customer, your Axis Bank account will be blocked now. Update KYC at http://reward-claim.in"
ham,Happy Birthday!
spam,Parcel on hold. Update address today at http://secure-update.in
spam,Parcel on hold. Update address now at http://secure-update.in
spam,Your ATM card blocked. Share OTP within 10 minutes.
spam,Income tax refund Rs 500000 approved. Claim now.
spam,Pre-approved loan of Rs 5000. Apply immediately.
spam,KYC incomplete for Axis Bank. Submit documents urgent.
spam,Your ATM card blocked. Share OTP now.
spam,Income tax refund Rs 1000 approved. Claim today.
spam,Electricity bill pending of Rs 25000. Pay within 10 minutes at http://verify-kyc.in
spam,Reward points worth Rs 5000 expiring now. Redeem at http://upi-check.in
ham,Let's meet tomorrow evening. https://amazon.in
spam,"Your account credited with Rs 10000. If not you, report now."
ham,Your bank transaction of Rs 500 is successful.
spam,RBI alert: Suspicious activity detected. Verify today.
spam,RBI alert: Suspicious activity detected. Verify urgent.
spam,PAN not linked with Aadhaar. Update immediately.
spam,Income tax refund Rs 500 approved. Claim within 10 minutes.
spam,Congratulations! You won Rs 10000. Claim today.
ham,Movie plan at 6 pm?
ham,Call me when you reach home.
spam,KYC incomplete for ICICI. Submit documents within 10 minutes.
spam,Reward points worth Rs 1000 expiring today. Redeem at http://reward-claim.in
spam,PAN not linked with Aadhaar. Update immediately.
spam,Your ATM card blocked. Share OTP immediately.
spam,KYC incomplete for HDFC. Submit documents urgent.
spam,Job offer confirmed. Pay registration fee Rs 1000 today.
spam,SIM card will be blocked now. Update details at http://upi-check.in
spam,RBI alert: Suspicious activity detected. Verify now.
ham,Happy Birthday!
spam,Pre-approved loan of Rs 5000. Apply within 10 minutes.
spam,Reward points worth Rs 2500000 expiring urgent. Redeem at http://secure-update.in
spam,Income tax refund Rs 10000 approved. Claim immediately.
spam,"Dear customer, your SBI account will be blocked immediately. Update KYC at http://bank-alert.in"
spam,PAN not linked with Aadhaar. Update immediately.
spam,Income tax refund Rs 5000 approved. Claim today.
ham,Let's go for dinner tonight.
ham,I will reach home in 20 minutes.
ham,Recharge successful for Rs 25000.
spam,Electricity bill pending of Rs 25000. Pay within 10 minutes at http://secure-update.in
spam,SIM card will be blocked now. Update details at http://reward-claim.in
spam,Income tax refund Rs 500 approved. Claim now.
ham,Train arriving at 7 pm.
spam,Income tax refund Rs 10000 approved. Claim immediately.
ham,I will reach home in 20 minutes.
spam,Your ATM card blocked. Share OTP today.
spam,Income tax refund Rs 2500000 approved. Claim within 10 minutes.
ham,Your order from Amazon is delivered.
spam,"Your account credited with Rs 25000. If not you, report within 10 minutes."
spam,"Dear customer, your Axis Bank account will be blocked within 10 minutes. Update KYC at http://reward-claim.in"
ham,Train arriving at 7 pm.
spam,Parcel on hold. Update address within 10 minutes at http://bank-alert.in
spam,Parcel on hold. Update address today at http://upi-check.in
spam,Electricity bill pending of Rs 1000. Pay urgent at http://bank-alert.in
spam,Job offer confirmed. Pay registration fee Rs 1000 now.
spam,"Dear customer, your PNB account will be blocked urgent. Update KYC at http://verify-kyc.in"
spam,Job offer confirmed. Pay registration fee Rs 2500000 now.
spam,Your ATM card blocked. Share OTP within 10 minutes.
spam,Reward points worth Rs 10000 expiring now. Redeem at http://reward-claim.in
spam,PAN not linked with Aadhaar. Update urgent.
ham,Movie plan at 6 pm?
spam,Your ATM card blocked. Share OTP immediately.
spam,Pre-approved loan of Rs 500. Apply today.
spam,Job offer confirmed. Pay registration fee Rs 500000 immediately.
ham,Train arriving at 7 pm.
ham,Dinner at 8 pm? https://maps.google.com
spam,Pre-approved loan of Rs 500. Apply immediately.
spam,Reward points worth Rs 5000 expiring urgent. Redeem at http://secure-update.in
ham,"Reached safely, call you later."
spam,"Dear customer, your PNB account will be blocked immediately. Update KYC at http://bank-alert.in"
ham,Your order from Amazon is delivered.
ham,See you in college tomorrow.
spam,Parcel on hold. Update address today at http://reward-claim.in
spam,Your UPI ID user@okaxis is suspended. Verify today.
spam,Your ATM card blocked. Share OTP immediately.
spam,Job offer confirmed. Pay registration fee Rs 10000 now.
spam,KYC incomplete for Axis Bank. Submit documents within 10 minutes.
ham,I will reach home in 20 minutes.
spam,RBI alert: Suspicious activity detected. Verify now.
spam,Pre-approved loan of Rs 2500000. Apply today.
ham,Happy Birthday!
spam,PAN not linked with Aadhaar. Update today.
spam,Reward points worth Rs 10000 expiring urgent. Redeem at http://bank-alert.in
ham,Train arriving at 7 pm.
spam,PAN not linked with Aadhaar. Update immediately.
ham,Please send the notes.
ham,Office meeting link shared on WhatsApp.
spam,PAN not linked with Aadhaar. Update immediately.
ham,Let's go for dinner tonight.
spam,SIM card will be blocked now. Update details at http://reward-claim.in
ham,Office meeting link shared on WhatsApp.
spam,Your UPI ID user@okaxis is suspended. Verify within 10 minutes.
ham,"Send me 100 rs for the cab, I'll return later. https://maps.google.com"
spam,Electricity bill pending of Rs 1000. Pay within 10 minutes at http://reward-claim.in
spam,PAN not linked with Aadhaar. Update within 10 minutes.
spam,Income tax refund Rs 2500000 approved. Claim within 10 minutes.
spam,RBI alert: Suspicious activity detected. Verify now.
spam,Congratulations! You won Rs 5000. Claim within 10 minutes.
spam,Income tax refund Rs 2500000 approved. Claim within 10 minutes.
spam,SIM card will be blocked urgent. Update details at http://upi-check.in
spam,PAN not linked with Aadhaar. Update now.
spam,KYC incomplete for Axis Bank. Submit documents today.
ham,Let's meet tomorrow evening. https://amazon.in
spam,PAN not linked with Aadhaar. Update within 10 minutes.
spam,Job offer confirmed. Pay registration fee Rs 500000 today.
spam,KYC incomplete for SBI. Submit documents within 10 minutes.
spam,Pre-approved loan of Rs 500000. Apply urgent.
ham,Your order from Amazon is delivered.
spam,Your ATM card blocked. Share OTP now.
spam,SIM card will be blocked now. Update details at http://upi-check.in
spam,PAN not linked with Aadhaar. Update immediately.
ham,"Send me 100 rs for the cab, I'll return later."
ham,See you in college tomorrow.
ham,Electricity bill payment of Rs 25000 received.
spam,Electricity bill pending of Rs 25000. Pay within 10 minutes at http://reward-claim.in
spam,"Dear customer, your PNB account will be blocked now. Update KYC at http://reward-claim.in"
spam,KYC incomplete for SBI. Submit documents immediately.
ham,Meeting moved to 5 pm today. https://amazon.in
spam,Your UPI ID rahul@ybl is suspended. Verify immediately.
ham,Your bank transaction of Rs 500 is successful.
ham,Happy Birthday!
spam,Pre-approved loan of Rs 500. Apply immediately.
ham,Please send the notes.
spam,Income tax refund Rs 500000 approved. Claim today.
ham,Dinner at 8 pm?
spam,Your ATM card blocked. Share OTP within 10 minutes.
ham,Electricity bill payment of Rs 500000 received.
ham,Electricity bill payment of Rs 10000 received.
spam,PAN not linked with Aadhaar. Update now.
spam,Congratulations! You won Rs 500. Claim today.
spam,Your ATM card blocked. Share OTP now.
spam,Congratulations! You won Rs 2500000. Claim today.
spam,Income tax refund Rs 500 approved. Claim immediately.
ham,Train arriving at 7 pm.
ham,Happy Birthday!
spam,Congratulations! You won Rs 500. Claim now.
spam,Electricity bill pending of Rs 2500000. Pay urgent at http://bank-alert.in
spam,RBI alert: Suspicious activity detected. Verify urgent.
ham,Let's meet tomorrow evening.
spam,Parcel on hold. Update address now at http://reward-claim.in
spam,SIM card will be blocked today. Update details at http://upi-check.in
spam,Pre-approved loan of Rs 2500000. Apply immediately.
ham,Did you check the document I shared?
spam,Congratulations! You won Rs 10000. Claim today.
ham,Movie plan at 6 pm?
ham,Electricity bill payment of Rs 500 received.
spam,"Dear customer, your ICICI account will be blocked now. Update KYC at http://secure-update.in"
spam,Parcel on hold. Update address immediately at http://secure-update.in
ham,Let's meet tomorrow evening. https://meet.google.com/abc-defg-hij
ham,Let's go for dinner tonight.
spam,Income tax refund Rs 2500000 approved. Claim now.
ham,Your order from Amazon is delivered.
ham,Electricity bill payment of Rs 25000 received.
ham,Let's go for dinner tonight.
spam,Parcel on hold. Update address today at http://bank-alert.in
ham,Please send the notes.
spam,Parcel on hold. Update address today at http://upi-check.in
spam,SIM card will be blocked now. Update details at http://bank-alert.in
spam,Your ATM card blocked. Share OTP now.
spam,PAN not linked with Aadhaar. Update now.
ham,Happy Birthday!
spam,Income tax refund Rs 10000 approved. Claim within 10 minutes.
spam,Income tax refund Rs 25000 approved. Claim today.
spam,Parcel on hold. Update address today at http://secure-update.in
spam,Pre-approved loan of Rs 5000. Apply today.
spam,KYC incomplete for Bank of Baroda. Submit documents today.
ham,Can you bring milk on the way back?
spam,Income tax refund Rs 10000 approved. Claim urgent.
spam,PAN not linked with Aadhaar. Update within 10 minutes.
ham,Assignment deadline is Monday.
spam,RBI alert: Suspicious activity detected. Verify urgent.
ham,Call me when you reach home. https://amazon.in
ham,Train arriving at 7 pm.
spam,Your ATM card blocked. Share OTP today.
spam,"Your account credited with Rs 25000. If not you, report within 10 minutes."
spam,RBI alert: Suspicious activity detected. Verify today.
spam,Congratulations! You won Rs 10000. Claim today.
spam,"Dear customer, your Bank of Baroda account will be blocked immediately. Update KYC at http://secure-update.in"
spam,"Dear customer, your Axis Bank account will be blocked now. Update KYC at http://verify-kyc.in"
spam,Your UPI ID hitesh@upi is suspended. Verify now.
spam,SIM card will be blocked immediately. Update details at http://verify-kyc.in
spam,RBI alert: Suspicious activity detected. Verify within 10 minutes.
spam,Electricity bill pending of Rs 25000. Pay now at http://bank-alert.in
spam,Pre-approved loan of Rs 25000. Apply today.
ham,Where are you right now?
spam,KYC incomplete for ICICI. Submit documents immediately.
spam,"Your account credited with Rs 10000. If not you, report today."
spam,Job offer confirmed. Pay registration fee Rs 500000 now.
spam,Reward points worth Rs 5000 expiring urgent. Redeem at http://secure-update.in
spam,KYC incomplete for HDFC. Submit documents within 10 minutes.
spam,RBI alert: Suspicious activity detected. Verify immediately.
spam,Your UPI ID hitesh@upi is suspended. Verify now.
spam,Electricity bill pending of Rs 25000. Pay immediately at http://upi-check.in
ham,Dinner at 8 pm?
